(() => {
  "use strict";
  const _0x8a94b9_0 = _0x8a94b9_0 => String(_0x8a94b9_0 ?? "").replace(/[&<>"']/g, _0x8a94b9_0 => ({
    "\x26": "\x26\x61\x6d\x70\x3b",
    "\x3c": "\x26\x6c\x74\x3b",
    "\x3e": "\x26\x67\x74\x3b",
    "\x22": "\x26\x71\x75\x6f\x74\x3b",
    "\x27": "\x26\x23\x33\x39\x3b"
  }[_0x8a94b9_0])), _0x8a94b9_1 = Object.freeze({
    owner: "\x4f\x77\x6e\x65\x72",
    co_owner: "\x43\x6f\x2d\x6f\x77\x6e\x65\x72",
    admin: "\x41\x64\x6d\x69\x6e",
    manager: "\x4d\x61\x6e\x61\x67\x65\x72",
    developer: "\x44\x65\x76\x65\x6c\x6f\x70\x65\x72",
    moderator: "\x4d\x6f\x64\x65\x72\x61\x74\x6f\x72",
    support: "\x53\x75\x70\x70\x6f\x72\x74",
    tester: "\x54\x65\x73\x74\x65\x72",
    contributor: "\x43\x6f\x6e\x74\x72\x69\x62\x75\x74\x6f\x72",
    member: "\x4d\x65\x6d\x62\x65\x72",
    adkid: "\x41\x64\x6b\x69\x64",
    guest: "\x47\x75\x65\x73\x74"
  }), _0x8a94b9_2 = Object.freeze({
    adkid: "\x6d\x65\x6d\x62\x65\x72",
    co_owner: "\x6f\x77\x6e\x65\x72",
    manager: "\x61\x64\x6d\x69\x6e",
    support: "\x6d\x6f\x64\x65\x72\x61\x74\x6f\x72",
    tester: "\x64\x65\x76\x65\x6c\x6f\x70\x65\x72",
    contributor: "\x64\x65\x76\x65\x6c\x6f\x70\x65\x72",
    guest: "\x6d\x65\x6d\x62\x65\x72"
  }), _0x8a94b9_3 = Object.freeze([ "\x6d\x65\x6d\x62\x65\x72", "\x61\x64\x6b\x69\x64", "\x63\x6f\x6e\x74\x72\x69\x62\x75\x74\x6f\x72", "\x74\x65\x73\x74\x65\x72", "\x73\x75\x70\x70\x6f\x72\x74", "\x6d\x6f\x64\x65\x72\x61\x74\x6f\x72", "\x64\x65\x76\x65\x6c\x6f\x70\x65\x72", "\x6d\x61\x6e\x61\x67\x65\x72", "\x61\x64\x6d\x69\x6e", "\x63\x6f\x5f\x6f\x77\x6e\x65\x72", "\x6f\x77\x6e\x65\x72" ]), _0x8a94b9_4 = _0x8a94b9_0 => _0x8a94b9_1[_0x8a94b9_0] || "\x4d\x65\x6d\x62\x65\x72", _0x8a94b9_5 = _0x8a94b9_0 => _0x8a94b9_0?.customRole?.label || _0x8a94b9_4(_0x8a94b9_0?.role), _0x8a94b9_6 = _0x8a94b9_0 => /^#[0-9a-f]{6}$/i.test(String(_0x8a94b9_0?.customRole?.color || "")) ? _0x8a94b9_0.customRole.color : "", _0x8a94b9_7 = _0x8a94b9_1 => `\x3c\x69\x6d\x67\x20\x63\x6c\x61\x73\x73\x3d\x22\x6e\x79\x78\x2d\x6f\x77\x6e\x65\x72\x2d\x72\x6f\x6c\x65\x2d\x69\x63\x6f\x6e\x22\x20\x73\x72\x63\x3d\x22/gh/dubcatalt2-lab/nyx-jsdelivr-links@main/nyx-static/\x61\x73\x73\x65\x74\x73\x2f\x69\x63\x6f\x6e\x73\x2f\x72\x6f\x6c\x65\x73\x2f${_0x8a94b9_0(_0x8a94b9_2[_0x8a94b9_1] || _0x8a94b9_1)}\x2e\x70\x6e\x67\x22\x20\x61\x6c\x74\x3d\x22\x22\x20\x61\x72\x69\x61\x2d\x68\x69\x64\x64\x65\x6e\x3d\x22\x74\x72\x75\x65\x22\x3e`, _0x8a94b9_8 = (_0x8a94b9_0, _0x8a94b9_1) => _0x8a94b9_0?.querySelectorAll?.("\x5b\x64\x61\x74\x61\x2d\x6f\x77\x6e\x65\x72\x2d\x72\x6f\x6c\x65\x2d\x6f\x70\x74\x69\x6f\x6e\x5d").forEach(_0x8a94b9_0 => {
    const _0x8a94b9_2 = _0x8a94b9_0.dataset.ownerRoleOption === _0x8a94b9_1;
    _0x8a94b9_0.classList.toggle("\x61\x63\x74\x69\x76\x65", _0x8a94b9_2), _0x8a94b9_0.setAttribute("\x61\x72\x69\x61\x2d\x63\x68\x65\x63\x6b\x65\x64", String(_0x8a94b9_2));
  }), _0x8a94b9_9 = _0x8a94b9_0 => ({
    none: "\x4e\x6f\x20\x61\x63\x63\x6f\x75\x6e\x74",
    free: "\x46\x72\x65\x65",
    premium: "\x50\x72\x65\x6d\x69\x75\x6d",
    trialing: "\x54\x72\x69\x61\x6c",
    past_due: "\x50\x61\x73\x74\x20\x64\x75\x65",
    canceled: "\x43\x61\x6e\x63\x65\x6c\x65\x64"
  }[_0x8a94b9_0] || "\x46\x72\x65\x65"), _0x8a94b9_a = _0x8a94b9_0 => String(_0x8a94b9_0 || "").replaceAll("\x5f", "\x20").replace(/\b\w/g, _0x8a94b9_0 => _0x8a94b9_0.toUpperCase()), _0x8a94b9_b = _0x8a94b9_0 => {
    const _0x8a94b9_1 = new Date(_0x8a94b9_0 || "");
    return Number.isNaN(_0x8a94b9_1.getTime()) ? "\x4e\x65\x76\x65\x72" : new Intl.DateTimeFormat(void 0, {
      dateStyle: "\x6d\x65\x64\x69\x75\x6d",
      timeStyle: "\x73\x68\x6f\x72\x74"
    }).format(_0x8a94b9_1);
  }, _0x8a94b9_c = _0x8a94b9_0 => {
    const _0x8a94b9_1 = Date.parse(_0x8a94b9_0 || "");
    if (!_0x8a94b9_1) return "\x4e\x65\x76\x65\x72";
    const _0x8a94b9_2 = Math.round((_0x8a94b9_1 - Date.now()) / 1e3), _0x8a94b9_3 = new Intl.RelativeTimeFormat(void 0, {
      numeric: "\x61\x75\x74\x6f"
    });
    if (Math.abs(_0x8a94b9_2) < 60) return _0x8a94b9_3.format(_0x8a94b9_2, "\x73\x65\x63\x6f\x6e\x64");
    const _0x8a94b9_4 = Math.round(_0x8a94b9_2 / 60);
    if (Math.abs(_0x8a94b9_4) < 60) return _0x8a94b9_3.format(_0x8a94b9_4, "\x6d\x69\x6e\x75\x74\x65");
    const _0x8a94b9_5 = Math.round(_0x8a94b9_4 / 60);
    return Math.abs(_0x8a94b9_5) < 24 ? _0x8a94b9_3.format(_0x8a94b9_5, "\x68\x6f\x75\x72") : _0x8a94b9_3.format(Math.round(_0x8a94b9_5 / 24), "\x64\x61\x79");
  }, _0x8a94b9_d = _0x8a94b9_0 => {
    const _0x8a94b9_1 = String(_0x8a94b9_0 || "").toLowerCase();
    return /(sign.?in|login|session|online)/.test(_0x8a94b9_1) ? "\x6f\x6e\x6c\x69\x6e\x65" : /(sign.?up|create|invite|register)/.test(_0x8a94b9_1) ? "\x73\x69\x67\x6e\x75\x70" : /(premium|subscription|payment|revenue|billing)/.test(_0x8a94b9_1) ? "\x70\x72\x65\x6d\x69\x75\x6d" : /(user|account|profile|role)/.test(_0x8a94b9_1) ? "\x75\x73\x65\x72\x73" : "\x61\x63\x74\x69\x76\x69\x74\x79";
  }, _0x8a94b9_e = 1125e4, _0x8a94b9_f = new Map, _0x8a94b9_10 = new Map;
  function _0x8a94b9_11(_0x8a94b9_0) {
    const _0x8a94b9_1 = String(_0x8a94b9_0 || "").trim();
    return /^\/api\/profile-media\/[A-Za-z0-9_-]{8,128}\/(?:avatar|banner)\/[A-Za-z0-9_-]{12,80}$/.test(_0x8a94b9_1) ? _0x8a94b9_1 : "";
  }
  function _0x8a94b9_12(_0x8a94b9_1, _0x8a94b9_2 = "", _0x8a94b9_3 = "") {
    const _0x8a94b9_4 = _0x8a94b9_11(_0x8a94b9_1);
    return _0x8a94b9_4 ? `\x3c\x69\x6d\x67\x20\x73\x72\x63\x3d\x22\x64\x61\x74\x61\x3a\x69\x6d\x61\x67\x65\x2f\x67\x69\x66\x3b\x62\x61\x73\x65\x36\x34\x2c\x52\x30\x6c\x47\x4f\x44\x6c\x68\x41\x51\x41\x42\x41\x41\x44\x2f\x41\x43\x77\x41\x41\x41\x41\x41\x41\x51\x41\x42\x41\x41\x41\x43\x41\x44\x73\x3d\x22\x20\x64\x61\x74\x61\x2d\x6f\x77\x6e\x65\x72\x2d\x70\x72\x6f\x66\x69\x6c\x65\x2d\x6d\x65\x64\x69\x61\x3d\x22${_0x8a94b9_0(_0x8a94b9_4)}\x22\x20\x64\x61\x74\x61\x2d\x6f\x77\x6e\x65\x72\x2d\x6d\x65\x64\x69\x61\x2d\x66\x61\x6c\x6c\x62\x61\x63\x6b\x3d\x22${_0x8a94b9_0(_0x8a94b9_3)}\x22\x20\x61\x6c\x74\x3d\x22${_0x8a94b9_0(_0x8a94b9_2)}\x22\x3e` : _0x8a94b9_1 ? `\x3c\x69\x6d\x67\x20\x73\x72\x63\x3d\x22${_0x8a94b9_0(_0x8a94b9_1)}\x22\x20\x61\x6c\x74\x3d\x22${_0x8a94b9_0(_0x8a94b9_2)}\x22\x3e` : _0x8a94b9_0(_0x8a94b9_3);
  }
  async function _0x8a94b9_13(_0x8a94b9_0) {
    const _0x8a94b9_1 = [ ..._0x8a94b9_0?.querySelectorAll?.("\x69\x6d\x67\x5b\x64\x61\x74\x61\x2d\x6f\x77\x6e\x65\x72\x2d\x70\x72\x6f\x66\x69\x6c\x65\x2d\x6d\x65\x64\x69\x61\x5d") || [] ];
    await Promise.all(_0x8a94b9_1.map(async _0x8a94b9_0 => {
      const _0x8a94b9_1 = String(_0x8a94b9_0.dataset.ownerMediaFallback || "");
      try {
        const _0x8a94b9_1 = await async function(_0x8a94b9_0) {
          const _0x8a94b9_1 = _0x8a94b9_11(_0x8a94b9_0);
          if (!_0x8a94b9_1) return null;
          if (_0x8a94b9_f.has(_0x8a94b9_1)) return _0x8a94b9_f.get(_0x8a94b9_1);
          if (_0x8a94b9_10.has(_0x8a94b9_1)) return _0x8a94b9_10.get(_0x8a94b9_1);
          const _0x8a94b9_2 = (async () => {
            const _0x8a94b9_0 = await fetch(`${_0x8a94b9_1}\x2f\x6d\x61\x6e\x69\x66\x65\x73\x74`, {
              cache: "\x66\x6f\x72\x63\x65\x2d\x63\x61\x63\x68\x65"
            }), _0x8a94b9_2 = await _0x8a94b9_0.json().catch(() => ({})), _0x8a94b9_3 = String(_0x8a94b9_2.mime || "").toLowerCase(), _0x8a94b9_4 = Number(_0x8a94b9_2.totalChunks || 0);
            if (!_0x8a94b9_0.ok || !/^image\/(?:gif|png|jpeg|webp)$/.test(_0x8a94b9_3) || !Number.isInteger(_0x8a94b9_4) || _0x8a94b9_4 < 1 || _0x8a94b9_4 > 32) throw new Error("\x54\x68\x61\x74\x20\x73\x61\x76\x65\x64\x20\x70\x72\x6f\x66\x69\x6c\x65\x20\x69\x6d\x61\x67\x65\x20\x69\x73\x20\x75\x6e\x61\x76\x61\x69\x6c\x61\x62\x6c\x65\x2e");
            const _0x8a94b9_5 = (await Promise.all(Array.from({
              length: _0x8a94b9_4
            }, async (_0x8a94b9_0, _0x8a94b9_2) => {
              const _0x8a94b9_3 = await fetch(`${_0x8a94b9_1}\x2f\x63\x68\x75\x6e\x6b\x73\x2f${_0x8a94b9_2}`, {
                cache: "\x66\x6f\x72\x63\x65\x2d\x63\x61\x63\x68\x65"
              }), _0x8a94b9_4 = (await _0x8a94b9_3.text()).trim();
              if (!_0x8a94b9_3.ok || !_0x8a94b9_4 || !/^[a-z0-9+/=]+$/i.test(_0x8a94b9_4)) throw new Error("\x54\x68\x61\x74\x20\x73\x61\x76\x65\x64\x20\x70\x72\x6f\x66\x69\x6c\x65\x20\x69\x6d\x61\x67\x65\x20\x69\x73\x20\x69\x6e\x63\x6f\x6d\x70\x6c\x65\x74\x65\x2e");
              return _0x8a94b9_4;
            }))).map(_0x8a94b9_0 => {
              const _0x8a94b9_1 = atob(_0x8a94b9_0), _0x8a94b9_2 = new Uint8Array(_0x8a94b9_1.length);
              for (let _0x8a94b9_3 = 0; _0x8a94b9_3 < _0x8a94b9_1.length; _0x8a94b9_3 += 1) _0x8a94b9_2[_0x8a94b9_3] = _0x8a94b9_1.charCodeAt(_0x8a94b9_3);
              return _0x8a94b9_2;
            }), _0x8a94b9_6 = new Blob(_0x8a94b9_5, {
              type: _0x8a94b9_3
            });
            if (Number(_0x8a94b9_2.byteLength || 0) > 0 && _0x8a94b9_6.size !== Number(_0x8a94b9_2.byteLength)) throw new Error("\x54\x68\x61\x74\x20\x73\x61\x76\x65\x64\x20\x70\x72\x6f\x66\x69\x6c\x65\x20\x69\x6d\x61\x67\x65\x20\x64\x69\x64\x20\x6e\x6f\x74\x20\x70\x61\x73\x73\x20\x69\x74\x73\x20\x73\x69\x7a\x65\x20\x63\x68\x65\x63\x6b\x2e");
            const _0x8a94b9_7 = {
              url: URL.createObjectURL(_0x8a94b9_6),
              mime: _0x8a94b9_3,
              size: _0x8a94b9_6.size
            };
            return _0x8a94b9_f.set(_0x8a94b9_1, _0x8a94b9_7), _0x8a94b9_7;
          })().finally(() => _0x8a94b9_10.delete(_0x8a94b9_1));
          return _0x8a94b9_10.set(_0x8a94b9_1, _0x8a94b9_2), _0x8a94b9_2;
        }(_0x8a94b9_0.dataset.ownerProfileMedia);
        _0x8a94b9_1 && _0x8a94b9_0.isConnected && (_0x8a94b9_0.src = _0x8a94b9_1.url);
      } catch {
        if (!_0x8a94b9_0.isConnected) return;
        _0x8a94b9_1 ? _0x8a94b9_0.replaceWith(document.createTextNode(_0x8a94b9_1)) : _0x8a94b9_0.remove();
      }
    }));
  }
  let _0x8a94b9_14 = null;
  function _0x8a94b9_15() {
    _0x8a94b9_14?.destroy?.(), _0x8a94b9_14 = null;
  }
  function _0x8a94b9_16(_0x8a94b9_0) {
    return `\x3c\x73\x76\x67\x20\x76\x69\x65\x77\x42\x6f\x78\x3d\x22\x30\x20\x30\x20\x32\x34\x20\x32\x34\x22\x20\x61\x72\x69\x61\x2d\x68\x69\x64\x64\x65\x6e\x3d\x22\x74\x72\x75\x65\x22\x3e${{
      users: "\x3c\x70\x61\x74\x68\x20\x64\x3d\x22\x4d\x31\x36\x20\x32\x31\x76\x2d\x32\x61\x34\x20\x34\x20\x30\x20\x30\x20\x30\x2d\x34\x2d\x34\x48\x36\x61\x34\x20\x34\x20\x30\x20\x30\x20\x30\x2d\x34\x20\x34\x76\x32\x22\x2f\x3e\x3c\x63\x69\x72\x63\x6c\x65\x20\x63\x78\x3d\x22\x39\x22\x20\x63\x79\x3d\x22\x37\x22\x20\x72\x3d\x22\x34\x22\x2f\x3e\x3c\x70\x61\x74\x68\x20\x64\x3d\x22\x4d\x32\x32\x20\x32\x31\x76\x2d\x32\x61\x34\x20\x34\x20\x30\x20\x30\x20\x30\x2d\x33\x2d\x33\x2e\x38\x37\x4d\x31\x36\x20\x33\x2e\x31\x33\x61\x34\x20\x34\x20\x30\x20\x30\x20\x31\x20\x30\x20\x37\x2e\x37\x35\x22\x2f\x3e",
      active: "\x3c\x70\x61\x74\x68\x20\x64\x3d\x22\x4d\x33\x20\x31\x32\x68\x34\x6c\x32\x2e\x35\x2d\x37\x20\x35\x20\x31\x34\x20\x32\x2e\x35\x2d\x37\x68\x34\x22\x2f\x3e",
      online: "\x3c\x63\x69\x72\x63\x6c\x65\x20\x63\x78\x3d\x22\x31\x32\x22\x20\x63\x79\x3d\x22\x31\x32\x22\x20\x72\x3d\x22\x39\x22\x2f\x3e\x3c\x63\x69\x72\x63\x6c\x65\x20\x63\x78\x3d\x22\x31\x32\x22\x20\x63\x79\x3d\x22\x31\x32\x22\x20\x72\x3d\x22\x33\x22\x2f\x3e",
      signup: "\x3c\x70\x61\x74\x68\x20\x64\x3d\x22\x4d\x31\x35\x20\x32\x31\x76\x2d\x32\x61\x34\x20\x34\x20\x30\x20\x30\x20\x30\x2d\x34\x2d\x34\x48\x35\x61\x34\x20\x34\x20\x30\x20\x30\x20\x30\x2d\x34\x20\x34\x76\x32\x22\x2f\x3e\x3c\x63\x69\x72\x63\x6c\x65\x20\x63\x78\x3d\x22\x38\x22\x20\x63\x79\x3d\x22\x37\x22\x20\x72\x3d\x22\x34\x22\x2f\x3e\x3c\x70\x61\x74\x68\x20\x64\x3d\x22\x4d\x31\x39\x20\x38\x76\x36\x4d\x31\x36\x20\x31\x31\x68\x36\x22\x2f\x3e",
      premium: "\x3c\x70\x61\x74\x68\x20\x64\x3d\x22\x6d\x31\x32\x20\x33\x20\x33\x20\x36\x20\x36\x20\x2e\x39\x2d\x34\x2e\x35\x20\x34\x2e\x34\x20\x31\x2e\x31\x20\x36\x2e\x32\x2d\x35\x2e\x36\x2d\x33\x2d\x35\x2e\x36\x20\x33\x20\x31\x2e\x31\x2d\x36\x2e\x32\x4c\x33\x20\x39\x2e\x39\x20\x39\x20\x39\x6c\x33\x2d\x36\x5a\x22\x2f\x3e",
      revenue: "\x3c\x63\x69\x72\x63\x6c\x65\x20\x63\x78\x3d\x22\x31\x32\x22\x20\x63\x79\x3d\x22\x31\x32\x22\x20\x72\x3d\x22\x39\x22\x2f\x3e\x3c\x70\x61\x74\x68\x20\x64\x3d\x22\x4d\x31\x36\x20\x38\x68\x2d\x36\x61\x32\x20\x32\x20\x30\x20\x31\x20\x30\x20\x30\x20\x34\x68\x34\x61\x32\x20\x32\x20\x30\x20\x31\x20\x31\x20\x30\x20\x34\x48\x38\x4d\x31\x32\x20\x35\x76\x31\x34\x22\x2f\x3e",
      search: "\x3c\x63\x69\x72\x63\x6c\x65\x20\x63\x78\x3d\x22\x31\x31\x22\x20\x63\x79\x3d\x22\x31\x31\x22\x20\x72\x3d\x22\x37\x22\x2f\x3e\x3c\x70\x61\x74\x68\x20\x64\x3d\x22\x6d\x32\x30\x20\x32\x30\x2d\x34\x2d\x34\x22\x2f\x3e",
      refresh: "\x3c\x70\x61\x74\x68\x20\x64\x3d\x22\x4d\x32\x30\x20\x31\x31\x61\x38\x20\x38\x20\x30\x20\x31\x20\x30\x2d\x32\x2e\x33\x35\x20\x35\x2e\x36\x35\x22\x2f\x3e\x3c\x70\x61\x74\x68\x20\x64\x3d\x22\x4d\x32\x30\x20\x34\x76\x37\x68\x2d\x37\x22\x2f\x3e",
      download: "\x3c\x70\x61\x74\x68\x20\x64\x3d\x22\x4d\x31\x32\x20\x33\x76\x31\x32\x6d\x2d\x35\x2d\x35\x20\x35\x20\x35\x20\x35\x2d\x35\x22\x2f\x3e\x3c\x70\x61\x74\x68\x20\x64\x3d\x22\x4d\x35\x20\x32\x31\x68\x31\x34\x22\x2f\x3e",
      close: "\x3c\x70\x61\x74\x68\x20\x64\x3d\x22\x6d\x36\x20\x36\x20\x31\x32\x20\x31\x32\x4d\x31\x38\x20\x36\x20\x36\x20\x31\x38\x22\x2f\x3e",
      chevron: "\x3c\x70\x61\x74\x68\x20\x64\x3d\x22\x6d\x39\x20\x31\x38\x20\x36\x2d\x36\x2d\x36\x2d\x36\x22\x2f\x3e",
      activity: "\x3c\x70\x61\x74\x68\x20\x64\x3d\x22\x4d\x31\x32\x20\x38\x76\x35\x6c\x33\x20\x32\x22\x2f\x3e\x3c\x63\x69\x72\x63\x6c\x65\x20\x63\x78\x3d\x22\x31\x32\x22\x20\x63\x79\x3d\x22\x31\x32\x22\x20\x72\x3d\x22\x39\x22\x2f\x3e",
      shield: "\x3c\x70\x61\x74\x68\x20\x64\x3d\x22\x4d\x31\x32\x20\x33\x20\x34\x2e\x35\x20\x36\x76\x35\x63\x30\x20\x34\x2e\x37\x20\x33\x2e\x31\x20\x38\x2e\x39\x20\x37\x2e\x35\x20\x31\x30\x20\x34\x2e\x34\x2d\x31\x2e\x31\x20\x37\x2e\x35\x2d\x35\x2e\x33\x20\x37\x2e\x35\x2d\x31\x30\x56\x36\x4c\x31\x32\x20\x33\x5a\x22\x2f\x3e\x3c\x70\x61\x74\x68\x20\x64\x3d\x22\x6d\x39\x20\x31\x32\x20\x32\x20\x32\x20\x34\x2d\x34\x22\x2f\x3e",
      key: "\x3c\x63\x69\x72\x63\x6c\x65\x20\x63\x78\x3d\x22\x38\x22\x20\x63\x79\x3d\x22\x31\x35\x22\x20\x72\x3d\x22\x34\x22\x2f\x3e\x3c\x70\x61\x74\x68\x20\x64\x3d\x22\x6d\x31\x31\x20\x31\x32\x20\x38\x2d\x38\x4d\x31\x35\x20\x38\x6c\x33\x20\x33\x4d\x31\x38\x20\x35\x6c\x32\x20\x32\x22\x2f\x3e",
      mail: "\x3c\x72\x65\x63\x74\x20\x78\x3d\x22\x33\x22\x20\x79\x3d\x22\x35\x22\x20\x77\x69\x64\x74\x68\x3d\x22\x31\x38\x22\x20\x68\x65\x69\x67\x68\x74\x3d\x22\x31\x34\x22\x20\x72\x78\x3d\x22\x32\x22\x2f\x3e\x3c\x70\x61\x74\x68\x20\x64\x3d\x22\x6d\x33\x20\x37\x20\x39\x20\x36\x20\x39\x2d\x36\x22\x2f\x3e",
      check: "\x3c\x70\x61\x74\x68\x20\x64\x3d\x22\x6d\x35\x20\x31\x32\x20\x34\x20\x34\x4c\x31\x39\x20\x36\x22\x2f\x3e",
      userOff: "\x3c\x70\x61\x74\x68\x20\x64\x3d\x22\x4d\x31\x36\x20\x32\x31\x76\x2d\x32\x61\x34\x20\x34\x20\x30\x20\x30\x20\x30\x2d\x34\x2d\x34\x48\x37\x61\x34\x20\x34\x20\x30\x20\x30\x20\x30\x2d\x34\x20\x34\x76\x32\x4d\x39\x2e\x35\x20\x31\x31\x61\x34\x20\x34\x20\x30\x20\x30\x20\x30\x20\x32\x2e\x39\x2d\x36\x2e\x38\x4d\x33\x20\x33\x6c\x31\x38\x20\x31\x38\x22\x2f\x3e",
      userCheck: "\x3c\x70\x61\x74\x68\x20\x64\x3d\x22\x4d\x31\x35\x20\x32\x31\x76\x2d\x32\x61\x34\x20\x34\x20\x30\x20\x30\x20\x30\x2d\x34\x2d\x34\x48\x35\x61\x34\x20\x34\x20\x30\x20\x30\x20\x30\x2d\x34\x20\x34\x76\x32\x4d\x38\x20\x31\x31\x61\x34\x20\x34\x20\x30\x20\x31\x20\x30\x20\x30\x2d\x38\x4d\x31\x36\x20\x31\x31\x6c\x32\x20\x32\x20\x34\x2d\x34\x22\x2f\x3e",
      ban: "\x3c\x63\x69\x72\x63\x6c\x65\x20\x63\x78\x3d\x22\x31\x32\x22\x20\x63\x79\x3d\x22\x31\x32\x22\x20\x72\x3d\x22\x39\x22\x2f\x3e\x3c\x70\x61\x74\x68\x20\x64\x3d\x22\x6d\x36\x20\x36\x20\x31\x32\x20\x31\x32\x22\x2f\x3e",
      trash: "\x3c\x70\x61\x74\x68\x20\x64\x3d\x22\x4d\x34\x20\x37\x68\x31\x36\x4d\x39\x20\x37\x56\x34\x68\x36\x76\x33\x4d\x31\x38\x20\x37\x6c\x2d\x31\x20\x31\x34\x48\x37\x4c\x36\x20\x37\x4d\x31\x30\x20\x31\x31\x76\x36\x4d\x31\x34\x20\x31\x31\x76\x36\x22\x2f\x3e",
      save: "\x3c\x70\x61\x74\x68\x20\x64\x3d\x22\x4d\x35\x20\x33\x68\x31\x32\x6c\x32\x20\x32\x76\x31\x36\x48\x35\x7a\x22\x2f\x3e\x3c\x70\x61\x74\x68\x20\x64\x3d\x22\x4d\x38\x20\x33\x76\x36\x68\x38\x56\x33\x4d\x38\x20\x32\x31\x76\x2d\x37\x68\x38\x76\x37\x22\x2f\x3e",
      apps: "\x3c\x72\x65\x63\x74\x20\x78\x3d\x22\x33\x22\x20\x79\x3d\x22\x33\x22\x20\x77\x69\x64\x74\x68\x3d\x22\x37\x22\x20\x68\x65\x69\x67\x68\x74\x3d\x22\x37\x22\x20\x72\x78\x3d\x22\x31\x22\x2f\x3e\x3c\x72\x65\x63\x74\x20\x78\x3d\x22\x31\x34\x22\x20\x79\x3d\x22\x33\x22\x20\x77\x69\x64\x74\x68\x3d\x22\x37\x22\x20\x68\x65\x69\x67\x68\x74\x3d\x22\x37\x22\x20\x72\x78\x3d\x22\x31\x22\x2f\x3e\x3c\x72\x65\x63\x74\x20\x78\x3d\x22\x33\x22\x20\x79\x3d\x22\x31\x34\x22\x20\x77\x69\x64\x74\x68\x3d\x22\x37\x22\x20\x68\x65\x69\x67\x68\x74\x3d\x22\x37\x22\x20\x72\x78\x3d\x22\x31\x22\x2f\x3e\x3c\x72\x65\x63\x74\x20\x78\x3d\x22\x31\x34\x22\x20\x79\x3d\x22\x31\x34\x22\x20\x77\x69\x64\x74\x68\x3d\x22\x37\x22\x20\x68\x65\x69\x67\x68\x74\x3d\x22\x37\x22\x20\x72\x78\x3d\x22\x31\x22\x2f\x3e"
    }[_0x8a94b9_0] || ""}\x3c\x2f\x73\x76\x67\x3e`;
  }
  function _0x8a94b9_17({getToken: _0x8a94b9_1, toast: _0x8a94b9_2, onPresence: _0x8a94b9_f} = {}) {
    if ("\x66\x75\x6e\x63\x74\x69\x6f\x6e" != typeof _0x8a94b9_1) throw new Error("\x4f\x77\x6e\x65\x72\x20\x61\x75\x74\x68\x65\x6e\x74\x69\x63\x61\x74\x69\x6f\x6e\x20\x69\x73\x20\x75\x6e\x61\x76\x61\x69\x6c\x61\x62\x6c\x65\x2e");
    const _0x8a94b9_10 = {
      page: 1,
      pageSize: 25,
      search: "",
      role: "\x61\x6c\x6c",
      subscription: "\x61\x6c\x6c",
      status: "\x61\x6c\x6c",
      segment: "\x61\x6c\x6c",
      sort: "\x6c\x61\x73\x74\x41\x63\x74\x69\x76\x65\x41\x74",
      direction: "\x64\x65\x73\x63",
      data: null,
      access: null,
      loading: !1,
      controller: null,
      searchTimer: 0,
      selectedUser: null,
      selectedCapabilities: null,
      ipBans: [],
      ipBanClientIp: "",
      customRoles: [],
      customRolePlacements: [],
      customRolePermissions: [],
      customRoleEditorId: "",
      globalApps: []
    }, _0x8a94b9_11 = document.createElement("\x73\x65\x63\x74\x69\x6f\x6e");
    _0x8a94b9_11.className = "\x6e\x79\x78\x2d\x6f\x77\x6e\x65\x72\x2d\x64\x61\x73\x68\x62\x6f\x61\x72\x64\x2d\x6f\x76\x65\x72\x6c\x61\x79\x20\x6f\x77\x6e\x65\x72\x2d\x6f\x72\x67\x61\x6e\x69\x7a\x65\x64", _0x8a94b9_11.setAttribute("\x72\x6f\x6c\x65", "\x64\x69\x61\x6c\x6f\x67"), 
    _0x8a94b9_11.setAttribute("\x61\x72\x69\x61\x2d\x6d\x6f\x64\x61\x6c", "\x74\x72\x75\x65"), _0x8a94b9_11.setAttribute("\x61\x72\x69\x61\x2d\x6c\x61\x62\x65\x6c\x6c\x65\x64\x62\x79", "\x6e\x79\x78\x4f\x77\x6e\x65\x72\x44\x61\x73\x68\x62\x6f\x61\x72\x64\x54\x69\x74\x6c\x65"), 
    _0x8a94b9_11.innerHTML = `\x0a\x20\x20\x20\x20\x20\x20\x3c\x6d\x61\x69\x6e\x20\x63\x6c\x61\x73\x73\x3d\x22\x6e\x79\x78\x2d\x6f\x77\x6e\x65\x72\x2d\x64\x61\x73\x68\x62\x6f\x61\x72\x64\x22\x3e\x0a\x20\x20\x20\x20\x20\x20\x20\x20\x3c\x68\x65\x61\x64\x65\x72\x20\x63\x6c\x61\x73\x73\x3d\x22\x6e\x79\x78\x2d\x6f\x77\x6e\x65\x72\x2d\x68\x65\x61\x64\x65\x72\x22\x3e\x0a\x20\x20\x20\x20\x20\x20\x20\x20\x20\x20\x3c\x64\x69\x76\x3e\x3c\x73\x70\x61\x6e\x20\x63\x6c\x61\x73\x73\x3d\x22\x6e\x79\x78\x2d\x6f\x77\x6e\x65\x72\x2d\x65\x79\x65\x62\x72\x6f\x77\x22\x3e${_0x8a94b9_16("\x73\x68\x69\x65\x6c\x64")}\x4e\x59\x58\x20\x41\x44\x4d\x49\x4e\x49\x53\x54\x52\x41\x54\x49\x4f\x4e\x3c\x2f\x73\x70\x61\x6e\x3e\x3c\x68\x31\x20\x69\x64\x3d\x22\x6e\x79\x78\x4f\x77\x6e\x65\x72\x44\x61\x73\x68\x62\x6f\x61\x72\x64\x54\x69\x74\x6c\x65\x22\x3e\x4f\x77\x6e\x65\x72\x20\x44\x61\x73\x68\x62\x6f\x61\x72\x64\x3c\x2f\x68\x31\x3e\x3c\x70\x20\x64\x61\x74\x61\x2d\x6f\x77\x6e\x65\x72\x2d\x61\x63\x63\x65\x73\x73\x2d\x63\x6f\x70\x79\x3e\x4c\x6f\x61\x64\x69\x6e\x67\x20\x79\x6f\x75\x72\x20\x72\x6f\x6c\x65\x20\x70\x65\x72\x6d\x69\x73\x73\x69\x6f\x6e\x73\u2026\x3c\x2f\x70\x3e\x3c\x2f\x64\x69\x76\x3e\x0a\x20\x20\x20\x20\x20\x20\x20\x20\x20\x20\x3c\x64\x69\x76\x20\x63\x6c\x61\x73\x73\x3d\x22\x6e\x79\x78\x2d\x6f\x77\x6e\x65\x72\x2d\x68\x65\x61\x64\x65\x72\x2d\x61\x63\x74\x69\x6f\x6e\x73\x22\x3e\x0a\x20\x20\x20\x20\x20\x20\x20\x20\x20\x20\x20\x20\x3c\x62\x75\x74\x74\x6f\x6e\x20\x74\x79\x70\x65\x3d\x22\x62\x75\x74\x74\x6f\x6e\x22\x20\x64\x61\x74\x61\x2d\x6f\x77\x6e\x65\x72\x2d\x72\x65\x66\x72\x65\x73\x68\x3e${_0x8a94b9_16("\x72\x65\x66\x72\x65\x73\x68")}\x3c\x73\x70\x61\x6e\x3e\x52\x65\x66\x72\x65\x73\x68\x3c\x2f\x73\x70\x61\x6e\x3e\x3c\x2f\x62\x75\x74\x74\x6f\x6e\x3e\x0a\x20\x20\x20\x20\x20\x20\x20\x20\x20\x20\x20\x20\x3c\x62\x75\x74\x74\x6f\x6e\x20\x63\x6c\x61\x73\x73\x3d\x22\x6e\x79\x78\x2d\x6f\x77\x6e\x65\x72\x2d\x63\x6c\x6f\x73\x65\x22\x20\x74\x79\x70\x65\x3d\x22\x62\x75\x74\x74\x6f\x6e\x22\x20\x64\x61\x74\x61\x2d\x6f\x77\x6e\x65\x72\x2d\x63\x6c\x6f\x73\x65\x20\x61\x72\x69\x61\x2d\x6c\x61\x62\x65\x6c\x3d\x22\x43\x6c\x6f\x73\x65\x20\x6f\x77\x6e\x65\x72\x20\x64\x61\x73\x68\x62\x6f\x61\x72\x64\x22\x3e${_0x8a94b9_16("\x63\x6c\x6f\x73\x65")}\x3c\x2f\x62\x75\x74\x74\x6f\x6e\x3e\x0a\x20\x20\x20\x20\x20\x20\x20\x20\x20\x20\x3c\x2f\x64\x69\x76\x3e\x0a\x20\x20\x20\x20\x20\x20\x20\x20\x3c\x2f\x68\x65\x61\x64\x65\x72\x3e\x0a\x20\x20\x20\x20\x20\x20\x20\x20\x3c\x6e\x61\x76\x20\x63\x6c\x61\x73\x73\x3d\x22\x6e\x79\x78\x2d\x6f\x77\x6e\x65\x72\x2d\x6e\x61\x76\x22\x20\x61\x72\x69\x61\x2d\x6c\x61\x62\x65\x6c\x3d\x22\x44\x61\x73\x68\x62\x6f\x61\x72\x64\x20\x73\x65\x63\x74\x69\x6f\x6e\x73\x22\x3e${[ [ "\x6f\x76\x65\x72\x76\x69\x65\x77", "\x4f\x76\x65\x72\x76\x69\x65\x77" ], [ "\x75\x73\x65\x72\x73", "\x55\x73\x65\x72\x73" ], [ "\x73\x65\x72\x76\x69\x63\x65\x73", "\x53\x65\x72\x76\x69\x63\x65\x73" ], [ "\x61\x63\x74\x69\x76\x69\x74\x79", "\x41\x63\x74\x69\x76\x69\x74\x79" ] ].map(([_0x8a94b9_0, _0x8a94b9_1]) => `\x3c\x62\x75\x74\x74\x6f\x6e\x20\x74\x79\x70\x65\x3d\x22\x62\x75\x74\x74\x6f\x6e\x22\x20\x64\x61\x74\x61\x2d\x6f\x77\x6e\x65\x72\x2d\x73\x65\x63\x74\x69\x6f\x6e\x3d\x22${_0x8a94b9_0}\x22\x20\x61\x72\x69\x61\x2d\x70\x72\x65\x73\x73\x65\x64\x3d\x22${"\x6f\x76\x65\x72\x76\x69\x65\x77" === _0x8a94b9_0}\x22\x20\x61\x72\x69\x61\x2d\x63\x6f\x6e\x74\x72\x6f\x6c\x73\x3d\x22\x6e\x79\x78\x2d\x6f\x77\x6e\x65\x72\x2d\x73\x65\x63\x74\x69\x6f\x6e\x2d${_0x8a94b9_0}\x22\x3e${_0x8a94b9_1}\x3c\x2f\x62\x75\x74\x74\x6f\x6e\x3e`).join("")}\x3c\x2f\x6e\x61\x76\x3e\x0a\x20\x20\x20\x20\x20\x20\x20\x20\x3c\x73\x65\x63\x74\x69\x6f\x6e\x20\x63\x6c\x61\x73\x73\x3d\x22\x6e\x79\x78\x2d\x6f\x77\x6e\x65\x72\x2d\x73\x65\x63\x74\x69\x6f\x6e\x22\x20\x64\x61\x74\x61\x2d\x6f\x77\x6e\x65\x72\x2d\x70\x61\x6e\x65\x6c\x3d\x22\x6f\x76\x65\x72\x76\x69\x65\x77\x22\x20\x69\x64\x3d\x22\x6e\x79\x78\x2d\x6f\x77\x6e\x65\x72\x2d\x73\x65\x63\x74\x69\x6f\x6e\x2d\x6f\x76\x65\x72\x76\x69\x65\x77\x22\x20\x61\x72\x69\x61\x2d\x6c\x61\x62\x65\x6c\x3d\x22\x4f\x76\x65\x72\x76\x69\x65\x77\x22\x3e\x0a\x20\x20\x20\x20\x20\x20\x20\x20\x20\x20\x3c\x64\x69\x76\x20\x63\x6c\x61\x73\x73\x3d\x22\x6e\x79\x78\x2d\x6f\x77\x6e\x65\x72\x2d\x73\x65\x63\x74\x69\x6f\x6e\x2d\x68\x65\x61\x64\x69\x6e\x67\x22\x3e\x3c\x68\x32\x3e\x41\x74\x20\x61\x20\x67\x6c\x61\x6e\x63\x65\x3c\x2f\x68\x32\x3e\x3c\x70\x3e\x43\x68\x6f\x6f\x73\x65\x20\x61\x20\x6d\x65\x74\x72\x69\x63\x20\x74\x6f\x20\x76\x69\x65\x77\x20\x6d\x61\x74\x63\x68\x69\x6e\x67\x20\x61\x63\x63\x6f\x75\x6e\x74\x73\x2e\x3c\x2f\x70\x3e\x3c\x2f\x64\x69\x76\x3e\x0a\x20\x20\x20\x20\x20\x20\x20\x20\x20\x20\x3c\x73\x65\x63\x74\x69\x6f\x6e\x20\x63\x6c\x61\x73\x73\x3d\x22\x6e\x79\x78\x2d\x6f\x77\x6e\x65\x72\x2d\x6d\x65\x74\x72\x69\x63\x73\x22\x20\x64\x61\x74\x61\x2d\x6f\x77\x6e\x65\x72\x2d\x6d\x65\x74\x72\x69\x63\x73\x20\x61\x72\x69\x61\x2d\x6c\x61\x62\x65\x6c\x3d\x22\x41\x63\x63\x6f\x75\x6e\x74\x20\x6d\x65\x74\x72\x69\x63\x73\x22\x3e\x3c\x2f\x73\x65\x63\x74\x69\x6f\x6e\x3e\x0a\x20\x20\x20\x20\x20\x20\x20\x20\x20\x20\x3c\x73\x65\x63\x74\x69\x6f\x6e\x20\x63\x6c\x61\x73\x73\x3d\x22\x6e\x79\x78\x2d\x6f\x77\x6e\x65\x72\x2d\x74\x72\x61\x66\x66\x69\x63\x22\x20\x64\x61\x74\x61\x2d\x6f\x77\x6e\x65\x72\x2d\x74\x72\x61\x66\x66\x69\x63\x20\x68\x69\x64\x64\x65\x6e\x20\x61\x72\x69\x61\x2d\x6c\x61\x62\x65\x6c\x3d\x22\x53\x65\x72\x76\x65\x72\x20\x74\x72\x61\x66\x66\x69\x63\x22\x3e\x3c\x2f\x73\x65\x63\x74\x69\x6f\x6e\x3e\x0a\x20\x20\x20\x20\x20\x20\x20\x20\x3c\x2f\x73\x65\x63\x74\x69\x6f\x6e\x3e\x0a\x20\x20\x20\x20\x20\x20\x20\x20\x3c\x73\x65\x63\x74\x69\x6f\x6e\x20\x63\x6c\x61\x73\x73\x3d\x22\x6e\x79\x78\x2d\x6f\x77\x6e\x65\x72\x2d\x73\x65\x63\x74\x69\x6f\x6e\x22\x20\x64\x61\x74\x61\x2d\x6f\x77\x6e\x65\x72\x2d\x70\x61\x6e\x65\x6c\x3d\x22\x73\x65\x72\x76\x69\x63\x65\x73\x22\x20\x69\x64\x3d\x22\x6e\x79\x78\x2d\x6f\x77\x6e\x65\x72\x2d\x73\x65\x63\x74\x69\x6f\x6e\x2d\x73\x65\x72\x76\x69\x63\x65\x73\x22\x20\x61\x72\x69\x61\x2d\x6c\x61\x62\x65\x6c\x3d\x22\x53\x65\x72\x76\x69\x63\x65\x73\x22\x20\x68\x69\x64\x64\x65\x6e\x3e\x0a\x20\x20\x20\x20\x20\x20\x20\x20\x20\x20\x3c\x64\x69\x76\x20\x63\x6c\x61\x73\x73\x3d\x22\x6e\x79\x78\x2d\x6f\x77\x6e\x65\x72\x2d\x73\x65\x63\x74\x69\x6f\x6e\x2d\x68\x65\x61\x64\x69\x6e\x67\x22\x3e\x3c\x68\x32\x3e\x53\x65\x72\x76\x69\x63\x65\x73\x3c\x2f\x68\x32\x3e\x3c\x70\x3e\x42\x61\x6c\x61\x6e\x63\x65\x73\x2c\x20\x70\x6c\x61\x79\x62\x61\x63\x6b\x20\x68\x65\x61\x6c\x74\x68\x2c\x20\x61\x6e\x64\x20\x67\x61\x6d\x65\x20\x72\x65\x70\x6f\x72\x74\x73\x2e\x3c\x2f\x70\x3e\x3c\x2f\x64\x69\x76\x3e\x0a\x20\x20\x20\x20\x20\x20\x20\x20\x20\x20\x3c\x64\x69\x76\x20\x63\x6c\x61\x73\x73\x3d\x22\x6e\x79\x78\x2d\x6f\x77\x6e\x65\x72\x2d\x73\x65\x72\x76\x69\x63\x65\x2d\x67\x72\x69\x64\x22\x3e\x0a\x20\x20\x20\x20\x20\x20\x20\x20\x20\x20\x20\x20\x3c\x73\x65\x63\x74\x69\x6f\x6e\x20\x63\x6c\x61\x73\x73\x3d\x22\x6e\x79\x78\x2d\x6f\x77\x6e\x65\x72\x2d\x74\x75\x62\x65\x2d\x73\x74\x61\x74\x75\x73\x22\x20\x64\x61\x74\x61\x2d\x6f\x77\x6e\x65\x72\x2d\x61\x69\x2d\x73\x74\x61\x74\x75\x73\x20\x68\x69\x64\x64\x65\x6e\x20\x61\x72\x69\x61\x2d\x6c\x69\x76\x65\x3d\x22\x70\x6f\x6c\x69\x74\x65\x22\x3e\x3c\x2f\x73\x65\x63\x74\x69\x6f\x6e\x3e\x0a\x20\x20\x20\x20\x20\x20\x20\x20\x20\x20\x20\x20\x3c\x73\x65\x63\x74\x69\x6f\x6e\x20\x63\x6c\x61\x73\x73\x3d\x22\x6e\x79\x78\x2d\x6f\x77\x6e\x65\x72\x2d\x74\x75\x62\x65\x2d\x73\x74\x61\x74\x75\x73\x22\x20\x64\x61\x74\x61\x2d\x6f\x77\x6e\x65\x72\x2d\x74\x75\x62\x65\x2d\x73\x74\x61\x74\x75\x73\x20\x68\x69\x64\x64\x65\x6e\x20\x61\x72\x69\x61\x2d\x6c\x69\x76\x65\x3d\x22\x70\x6f\x6c\x69\x74\x65\x22\x3e\x3c\x2f\x73\x65\x63\x74\x69\x6f\x6e\x3e\x0a\x20\x20\x20\x20\x20\x20\x20\x20\x20\x20\x20\x20\x3c\x73\x65\x63\x74\x69\x6f\x6e\x20\x63\x6c\x61\x73\x73\x3d\x22\x6e\x79\x78\x2d\x6f\x77\x6e\x65\x72\x2d\x74\x75\x62\x65\x2d\x73\x74\x61\x74\x75\x73\x22\x20\x64\x61\x74\x61\x2d\x6f\x77\x6e\x65\x72\x2d\x67\x61\x6d\x65\x2d\x72\x65\x70\x6f\x72\x74\x73\x20\x68\x69\x64\x64\x65\x6e\x3e\x3c\x2f\x73\x65\x63\x74\x69\x6f\x6e\x3e\x0a\x20\x20\x20\x20\x20\x20\x20\x20\x20\x20\x3c\x2f\x64\x69\x76\x3e\x0a\x20\x20\x20\x20\x20\x20\x20\x20\x3c\x2f\x73\x65\x63\x74\x69\x6f\x6e\x3e\x0a\x20\x20\x20\x20\x20\x20\x20\x20\x3c\x73\x65\x63\x74\x69\x6f\x6e\x20\x63\x6c\x61\x73\x73\x3d\x22\x6e\x79\x78\x2d\x6f\x77\x6e\x65\x72\x2d\x77\x6f\x72\x6b\x73\x70\x61\x63\x65\x20\x6e\x79\x78\x2d\x6f\x77\x6e\x65\x72\x2d\x73\x65\x63\x74\x69\x6f\x6e\x22\x20\x64\x61\x74\x61\x2d\x6f\x77\x6e\x65\x72\x2d\x70\x61\x6e\x65\x6c\x3d\x22\x75\x73\x65\x72\x73\x22\x20\x69\x64\x3d\x22\x6e\x79\x78\x2d\x6f\x77\x6e\x65\x72\x2d\x73\x65\x63\x74\x69\x6f\x6e\x2d\x75\x73\x65\x72\x73\x22\x20\x61\x72\x69\x61\x2d\x6c\x61\x62\x65\x6c\x3d\x22\x55\x73\x65\x72\x73\x22\x20\x68\x69\x64\x64\x65\x6e\x3e\x0a\x20\x20\x20\x20\x20\x20\x20\x20\x20\x20\x3c\x64\x69\x76\x20\x63\x6c\x61\x73\x73\x3d\x22\x6e\x79\x78\x2d\x6f\x77\x6e\x65\x72\x2d\x75\x73\x65\x72\x73\x2d\x70\x61\x6e\x65\x6c\x22\x3e\x0a\x20\x20\x20\x20\x20\x20\x20\x20\x20\x20\x20\x20\x3c\x68\x65\x61\x64\x65\x72\x20\x63\x6c\x61\x73\x73\x3d\x22\x6e\x79\x78\x2d\x6f\x77\x6e\x65\x72\x2d\x70\x61\x6e\x65\x6c\x2d\x68\x65\x61\x64\x22\x3e\x0a\x20\x20\x20\x20\x20\x20\x20\x20\x20\x20\x20\x20\x20\x20\x3c\x64\x69\x76\x3e\x3c\x68\x32\x3e${_0x8a94b9_16("\x75\x73\x65\x72\x73")}\x55\x73\x65\x72\x73\x3c\x2f\x68\x32\x3e\x3c\x73\x70\x61\x6e\x20\x64\x61\x74\x61\x2d\x6f\x77\x6e\x65\x72\x2d\x75\x73\x65\x72\x2d\x63\x6f\x75\x6e\x74\x3e\x4c\x6f\x61\x64\x69\x6e\x67\x20\x61\x63\x63\x6f\x75\x6e\x74\x73\u2026\x3c\x2f\x73\x70\x61\x6e\x3e\x3c\x2f\x64\x69\x76\x3e\x0a\x20\x20\x20\x20\x20\x20\x20\x20\x20\x20\x20\x20\x20\x20\x3c\x64\x69\x76\x20\x63\x6c\x61\x73\x73\x3d\x22\x6e\x79\x78\x2d\x6f\x77\x6e\x65\x72\x2d\x71\x75\x69\x63\x6b\x2d\x61\x63\x74\x69\x6f\x6e\x73\x22\x3e\x0a\x20\x20\x20\x20\x20\x20\x20\x20\x20\x20\x20\x20\x20\x20\x20\x20\x3c\x62\x75\x74\x74\x6f\x6e\x20\x74\x79\x70\x65\x3d\x22\x62\x75\x74\x74\x6f\x6e\x22\x20\x64\x61\x74\x61\x2d\x6f\x77\x6e\x65\x72\x2d\x6f\x6e\x6c\x69\x6e\x65\x2d\x6f\x6e\x6c\x79\x3e${_0x8a94b9_16("\x6f\x6e\x6c\x69\x6e\x65")}\x4f\x6e\x6c\x69\x6e\x65\x20\x75\x73\x65\x72\x73\x3c\x2f\x62\x75\x74\x74\x6f\x6e\x3e\x0a\x20\x20\x20\x20\x20\x20\x20\x20\x20\x20\x20\x20\x20\x20\x20\x20\x3c\x62\x75\x74\x74\x6f\x6e\x20\x74\x79\x70\x65\x3d\x22\x62\x75\x74\x74\x6f\x6e\x22\x20\x64\x61\x74\x61\x2d\x6f\x77\x6e\x65\x72\x2d\x65\x78\x70\x6f\x72\x74\x3e${_0x8a94b9_16("\x64\x6f\x77\x6e\x6c\x6f\x61\x64")}\x45\x78\x70\x6f\x72\x74\x20\x70\x61\x67\x65\x3c\x2f\x62\x75\x74\x74\x6f\x6e\x3e\x0a\x20\x20\x20\x20\x20\x20\x20\x20\x20\x20\x20\x20\x20\x20\x20\x20\x3c\x62\x75\x74\x74\x6f\x6e\x20\x74\x79\x70\x65\x3d\x22\x62\x75\x74\x74\x6f\x6e\x22\x20\x64\x61\x74\x61\x2d\x6f\x77\x6e\x65\x72\x2d\x67\x6c\x6f\x62\x61\x6c\x2d\x61\x70\x70\x73\x20\x68\x69\x64\x64\x65\x6e\x3e${_0x8a94b9_16("\x61\x70\x70\x73")}\x4d\x61\x6e\x61\x67\x65\x20\x61\x70\x70\x73\x3c\x2f\x62\x75\x74\x74\x6f\x6e\x3e\x3c\x62\x75\x74\x74\x6f\x6e\x20\x74\x79\x70\x65\x3d\x22\x62\x75\x74\x74\x6f\x6e\x22\x20\x64\x61\x74\x61\x2d\x6f\x77\x6e\x65\x72\x2d\x73\x74\x75\x64\x79\x72\x65\x61\x64\x79\x20\x68\x69\x64\x64\x65\x6e\x3e${_0x8a94b9_16("\x61\x70\x70\x73")}\x53\x74\x75\x64\x79\x52\x65\x61\x64\x79\x3c\x2f\x62\x75\x74\x74\x6f\x6e\x3e\x0a\x20\x20\x20\x20\x20\x20\x20\x20\x20\x20\x20\x20\x20\x20\x20\x20\x3c\x62\x75\x74\x74\x6f\x6e\x20\x74\x79\x70\x65\x3d\x22\x62\x75\x74\x74\x6f\x6e\x22\x20\x64\x61\x74\x61\x2d\x6f\x77\x6e\x65\x72\x2d\x61\x64\x2d\x66\x72\x65\x65\x20\x68\x69\x64\x64\x65\x6e\x3e${_0x8a94b9_16("\x73\x68\x69\x65\x6c\x64")}\x41\x64\x2d\x66\x72\x65\x65\x20\x6b\x65\x79\x73\x3c\x2f\x62\x75\x74\x74\x6f\x6e\x3e\x3c\x62\x75\x74\x74\x6f\x6e\x20\x74\x79\x70\x65\x3d\x22\x62\x75\x74\x74\x6f\x6e\x22\x20\x64\x61\x74\x61\x2d\x6f\x77\x6e\x65\x72\x2d\x63\x75\x73\x74\x6f\x6d\x2d\x72\x6f\x6c\x65\x73\x20\x68\x69\x64\x64\x65\x6e\x3e${_0x8a94b9_16("\x75\x73\x65\x72\x73")}\x43\x75\x73\x74\x6f\x6d\x20\x72\x6f\x6c\x65\x73\x3c\x2f\x62\x75\x74\x74\x6f\x6e\x3e\x0a\x20\x20\x20\x20\x20\x20\x20\x20\x20\x20\x20\x20\x20\x20\x20\x20\x3c\x62\x75\x74\x74\x6f\x6e\x20\x74\x79\x70\x65\x3d\x22\x62\x75\x74\x74\x6f\x6e\x22\x20\x64\x61\x74\x61\x2d\x6f\x77\x6e\x65\x72\x2d\x69\x70\x2d\x62\x61\x6e\x73\x20\x68\x69\x64\x64\x65\x6e\x3e${_0x8a94b9_16("\x73\x68\x69\x65\x6c\x64")}\x49\x50\x20\x62\x61\x6e\x73\x3c\x2f\x62\x75\x74\x74\x6f\x6e\x3e\x0a\x20\x20\x20\x20\x20\x20\x20\x20\x20\x20\x20\x20\x20\x20\x3c\x2f\x64\x69\x76\x3e\x0a\x20\x20\x20\x20\x20\x20\x20\x20\x20\x20\x20\x20\x3c\x2f\x68\x65\x61\x64\x65\x72\x3e\x0a\x20\x20\x20\x20\x20\x20\x20\x20\x20\x20\x20\x20\x3c\x66\x6f\x72\x6d\x20\x63\x6c\x61\x73\x73\x3d\x22\x6e\x79\x78\x2d\x6f\x77\x6e\x65\x72\x2d\x66\x69\x6c\x74\x65\x72\x73\x22\x20\x64\x61\x74\x61\x2d\x6f\x77\x6e\x65\x72\x2d\x66\x69\x6c\x74\x65\x72\x73\x3e\x0a\x20\x20\x20\x20\x20\x20\x20\x20\x20\x20\x20\x20\x20\x20\x3c\x6c\x61\x62\x65\x6c\x20\x63\x6c\x61\x73\x73\x3d\x22\x6e\x79\x78\x2d\x6f\x77\x6e\x65\x72\x2d\x73\x65\x61\x72\x63\x68\x22\x3e${_0x8a94b9_16("\x73\x65\x61\x72\x63\x68")}\x3c\x69\x6e\x70\x75\x74\x20\x74\x79\x70\x65\x3d\x22\x73\x65\x61\x72\x63\x68\x22\x20\x6e\x61\x6d\x65\x3d\x22\x73\x65\x61\x72\x63\x68\x22\x20\x70\x6c\x61\x63\x65\x68\x6f\x6c\x64\x65\x72\x3d\x22\x53\x65\x61\x72\x63\x68\x20\x6e\x61\x6d\x65\x2c\x20\x75\x73\x65\x72\x6e\x61\x6d\x65\x2c\x20\x65\x6d\x61\x69\x6c\x2c\x20\x6f\x72\x20\x55\x49\x44\x22\x20\x61\x75\x74\x6f\x63\x6f\x6d\x70\x6c\x65\x74\x65\x3d\x22\x6f\x66\x66\x22\x3e\x3c\x2f\x6c\x61\x62\x65\x6c\x3e\x0a\x20\x20\x20\x20\x20\x20\x20\x20\x20\x20\x20\x20\x20\x20\x3c\x73\x65\x6c\x65\x63\x74\x20\x6e\x61\x6d\x65\x3d\x22\x72\x6f\x6c\x65\x22\x20\x61\x72\x69\x61\x2d\x6c\x61\x62\x65\x6c\x3d\x22\x46\x69\x6c\x74\x65\x72\x20\x62\x79\x20\x72\x6f\x6c\x65\x22\x3e\x3c\x6f\x70\x74\x69\x6f\x6e\x20\x76\x61\x6c\x75\x65\x3d\x22\x61\x6c\x6c\x22\x3e\x41\x6c\x6c\x20\x72\x6f\x6c\x65\x73\x3c\x2f\x6f\x70\x74\x69\x6f\x6e\x3e\x3c\x6f\x70\x74\x69\x6f\x6e\x20\x76\x61\x6c\x75\x65\x3d\x22\x67\x75\x65\x73\x74\x22\x3e\x47\x75\x65\x73\x74\x3c\x2f\x6f\x70\x74\x69\x6f\x6e\x3e\x3c\x6f\x70\x74\x69\x6f\x6e\x20\x76\x61\x6c\x75\x65\x3d\x22\x6f\x77\x6e\x65\x72\x22\x3e\x4f\x77\x6e\x65\x72\x3c\x2f\x6f\x70\x74\x69\x6f\x6e\x3e\x3c\x6f\x70\x74\x69\x6f\x6e\x20\x76\x61\x6c\x75\x65\x3d\x22\x63\x6f\x5f\x6f\x77\x6e\x65\x72\x22\x3e\x43\x6f\x2d\x6f\x77\x6e\x65\x72\x3c\x2f\x6f\x70\x74\x69\x6f\x6e\x3e\x3c\x6f\x70\x74\x69\x6f\x6e\x20\x76\x61\x6c\x75\x65\x3d\x22\x61\x64\x6d\x69\x6e\x22\x3e\x41\x64\x6d\x69\x6e\x3c\x2f\x6f\x70\x74\x69\x6f\x6e\x3e\x3c\x6f\x70\x74\x69\x6f\x6e\x20\x76\x61\x6c\x75\x65\x3d\x22\x6d\x61\x6e\x61\x67\x65\x72\x22\x3e\x4d\x61\x6e\x61\x67\x65\x72\x3c\x2f\x6f\x70\x74\x69\x6f\x6e\x3e\x3c\x6f\x70\x74\x69\x6f\x6e\x20\x76\x61\x6c\x75\x65\x3d\x22\x64\x65\x76\x65\x6c\x6f\x70\x65\x72\x22\x3e\x44\x65\x76\x65\x6c\x6f\x70\x65\x72\x3c\x2f\x6f\x70\x74\x69\x6f\x6e\x3e\x3c\x6f\x70\x74\x69\x6f\x6e\x20\x76\x61\x6c\x75\x65\x3d\x22\x6d\x6f\x64\x65\x72\x61\x74\x6f\x72\x22\x3e\x4d\x6f\x64\x65\x72\x61\x74\x6f\x72\x3c\x2f\x6f\x70\x74\x69\x6f\x6e\x3e\x3c\x6f\x70\x74\x69\x6f\x6e\x20\x76\x61\x6c\x75\x65\x3d\x22\x73\x75\x70\x70\x6f\x72\x74\x22\x3e\x53\x75\x70\x70\x6f\x72\x74\x3c\x2f\x6f\x70\x74\x69\x6f\x6e\x3e\x3c\x6f\x70\x74\x69\x6f\x6e\x20\x76\x61\x6c\x75\x65\x3d\x22\x74\x65\x73\x74\x65\x72\x22\x3e\x54\x65\x73\x74\x65\x72\x3c\x2f\x6f\x70\x74\x69\x6f\x6e\x3e\x3c\x6f\x70\x74\x69\x6f\x6e\x20\x76\x61\x6c\x75\x65\x3d\x22\x63\x6f\x6e\x74\x72\x69\x62\x75\x74\x6f\x72\x22\x3e\x43\x6f\x6e\x74\x72\x69\x62\x75\x74\x6f\x72\x3c\x2f\x6f\x70\x74\x69\x6f\x6e\x3e\x3c\x6f\x70\x74\x69\x6f\x6e\x20\x76\x61\x6c\x75\x65\x3d\x22\x6d\x65\x6d\x62\x65\x72\x22\x3e\x4d\x65\x6d\x62\x65\x72\x3c\x2f\x6f\x70\x74\x69\x6f\x6e\x3e\x3c\x6f\x70\x74\x69\x6f\x6e\x20\x76\x61\x6c\x75\x65\x3d\x22\x61\x64\x6b\x69\x64\x22\x3e\x41\x64\x6b\x69\x64\x3c\x2f\x6f\x70\x74\x69\x6f\x6e\x3e\x3c\x2f\x73\x65\x6c\x65\x63\x74\x3e\x0a\x20\x20\x20\x20\x20\x20\x20\x20\x20\x20\x20\x20\x20\x20\x3c\x73\x65\x6c\x65\x63\x74\x20\x6e\x61\x6d\x65\x3d\x22\x73\x75\x62\x73\x63\x72\x69\x70\x74\x69\x6f\x6e\x22\x20\x61\x72\x69\x61\x2d\x6c\x61\x62\x65\x6c\x3d\x22\x46\x69\x6c\x74\x65\x72\x20\x62\x79\x20\x73\x75\x62\x73\x63\x72\x69\x70\x74\x69\x6f\x6e\x22\x3e\x3c\x6f\x70\x74\x69\x6f\x6e\x20\x76\x61\x6c\x75\x65\x3d\x22\x61\x6c\x6c\x22\x3e\x41\x6c\x6c\x20\x73\x75\x62\x73\x63\x72\x69\x70\x74\x69\x6f\x6e\x73\x3c\x2f\x6f\x70\x74\x69\x6f\x6e\x3e\x3c\x6f\x70\x74\x69\x6f\x6e\x20\x76\x61\x6c\x75\x65\x3d\x22\x6e\x6f\x6e\x65\x22\x3e\x4e\x6f\x20\x61\x63\x63\x6f\x75\x6e\x74\x3c\x2f\x6f\x70\x74\x69\x6f\x6e\x3e\x3c\x6f\x70\x74\x69\x6f\x6e\x20\x76\x61\x6c\x75\x65\x3d\x22\x66\x72\x65\x65\x22\x3e\x46\x72\x65\x65\x3c\x2f\x6f\x70\x74\x69\x6f\x6e\x3e\x3c\x6f\x70\x74\x69\x6f\x6e\x20\x76\x61\x6c\x75\x65\x3d\x22\x70\x72\x65\x6d\x69\x75\x6d\x22\x3e\x50\x72\x65\x6d\x69\x75\x6d\x3c\x2f\x6f\x70\x74\x69\x6f\x6e\x3e\x3c\x6f\x70\x74\x69\x6f\x6e\x20\x76\x61\x6c\x75\x65\x3d\x22\x74\x72\x69\x61\x6c\x69\x6e\x67\x22\x3e\x54\x72\x69\x61\x6c\x3c\x2f\x6f\x70\x74\x69\x6f\x6e\x3e\x3c\x6f\x70\x74\x69\x6f\x6e\x20\x76\x61\x6c\x75\x65\x3d\x22\x70\x61\x73\x74\x5f\x64\x75\x65\x22\x3e\x50\x61\x73\x74\x20\x64\x75\x65\x3c\x2f\x6f\x70\x74\x69\x6f\x6e\x3e\x3c\x6f\x70\x74\x69\x6f\x6e\x20\x76\x61\x6c\x75\x65\x3d\x22\x63\x61\x6e\x63\x65\x6c\x65\x64\x22\x3e\x43\x61\x6e\x63\x65\x6c\x65\x64\x3c\x2f\x6f\x70\x74\x69\x6f\x6e\x3e\x3c\x2f\x73\x65\x6c\x65\x63\x74\x3e\x0a\x20\x20\x20\x20\x20\x20\x20\x20\x20\x20\x20\x20\x20\x20\x3c\x73\x65\x6c\x65\x63\x74\x20\x6e\x61\x6d\x65\x3d\x22\x73\x74\x61\x74\x75\x73\x22\x20\x61\x72\x69\x61\x2d\x6c\x61\x62\x65\x6c\x3d\x22\x46\x69\x6c\x74\x65\x72\x20\x62\x79\x20\x61\x63\x63\x6f\x75\x6e\x74\x20\x73\x74\x61\x74\x75\x73\x22\x3e\x3c\x6f\x70\x74\x69\x6f\x6e\x20\x76\x61\x6c\x75\x65\x3d\x22\x61\x6c\x6c\x22\x3e\x41\x6c\x6c\x20\x61\x63\x63\x6f\x75\x6e\x74\x73\x3c\x2f\x6f\x70\x74\x69\x6f\x6e\x3e\x3c\x6f\x70\x74\x69\x6f\x6e\x20\x76\x61\x6c\x75\x65\x3d\x22\x65\x6e\x61\x62\x6c\x65\x64\x22\x3e\x45\x6e\x61\x62\x6c\x65\x64\x3c\x2f\x6f\x70\x74\x69\x6f\x6e\x3e\x3c\x6f\x70\x74\x69\x6f\x6e\x20\x76\x61\x6c\x75\x65\x3d\x22\x64\x69\x73\x61\x62\x6c\x65\x64\x22\x3e\x44\x69\x73\x61\x62\x6c\x65\x64\x3c\x2f\x6f\x70\x74\x69\x6f\x6e\x3e\x3c\x6f\x70\x74\x69\x6f\x6e\x20\x76\x61\x6c\x75\x65\x3d\x22\x6f\x6e\x6c\x69\x6e\x65\x22\x3e\x4f\x6e\x6c\x69\x6e\x65\x20\x6e\x6f\x77\x3c\x2f\x6f\x70\x74\x69\x6f\x6e\x3e\x3c\x6f\x70\x74\x69\x6f\x6e\x20\x76\x61\x6c\x75\x65\x3d\x22\x6f\x66\x66\x6c\x69\x6e\x65\x22\x3e\x4f\x66\x66\x6c\x69\x6e\x65\x3c\x2f\x6f\x70\x74\x69\x6f\x6e\x3e\x3c\x2f\x73\x65\x6c\x65\x63\x74\x3e\x0a\x20\x20\x20\x20\x20\x20\x20\x20\x20\x20\x20\x20\x3c\x2f\x66\x6f\x72\x6d\x3e\x0a\x20\x20\x20\x20\x20\x20\x20\x20\x20\x20\x20\x20\x3c\x64\x69\x76\x20\x63\x6c\x61\x73\x73\x3d\x22\x6e\x79\x78\x2d\x6f\x77\x6e\x65\x72\x2d\x74\x61\x62\x6c\x65\x2d\x77\x72\x61\x70\x22\x20\x64\x61\x74\x61\x2d\x6f\x77\x6e\x65\x72\x2d\x74\x61\x62\x6c\x65\x20\x61\x72\x69\x61\x2d\x6c\x69\x76\x65\x3d\x22\x70\x6f\x6c\x69\x74\x65\x22\x3e\x3c\x2f\x64\x69\x76\x3e\x0a\x20\x20\x20\x20\x20\x20\x20\x20\x20\x20\x20\x20\x3c\x66\x6f\x6f\x74\x65\x72\x20\x63\x6c\x61\x73\x73\x3d\x22\x6e\x79\x78\x2d\x6f\x77\x6e\x65\x72\x2d\x70\x61\x67\x69\x6e\x61\x74\x69\x6f\x6e\x22\x20\x64\x61\x74\x61\x2d\x6f\x77\x6e\x65\x72\x2d\x70\x61\x67\x69\x6e\x61\x74\x69\x6f\x6e\x3e\x3c\x2f\x66\x6f\x6f\x74\x65\x72\x3e\x0a\x20\x20\x20\x20\x20\x20\x20\x20\x20\x20\x3c\x2f\x64\x69\x76\x3e\x0a\x20\x20\x20\x20\x20\x20\x20\x20\x3c\x2f\x73\x65\x63\x74\x69\x6f\x6e\x3e\x0a\x20\x20\x20\x20\x20\x20\x20\x20\x3c\x73\x65\x63\x74\x69\x6f\x6e\x20\x63\x6c\x61\x73\x73\x3d\x22\x6e\x79\x78\x2d\x6f\x77\x6e\x65\x72\x2d\x73\x65\x63\x74\x69\x6f\x6e\x22\x20\x64\x61\x74\x61\x2d\x6f\x77\x6e\x65\x72\x2d\x70\x61\x6e\x65\x6c\x3d\x22\x61\x63\x74\x69\x76\x69\x74\x79\x22\x20\x69\x64\x3d\x22\x6e\x79\x78\x2d\x6f\x77\x6e\x65\x72\x2d\x73\x65\x63\x74\x69\x6f\x6e\x2d\x61\x63\x74\x69\x76\x69\x74\x79\x22\x20\x61\x72\x69\x61\x2d\x6c\x61\x62\x65\x6c\x3d\x22\x41\x63\x74\x69\x76\x69\x74\x79\x22\x20\x68\x69\x64\x64\x65\x6e\x3e\x0a\x20\x20\x20\x20\x20\x20\x20\x20\x20\x20\x3c\x61\x73\x69\x64\x65\x20\x63\x6c\x61\x73\x73\x3d\x22\x6e\x79\x78\x2d\x6f\x77\x6e\x65\x72\x2d\x61\x63\x74\x69\x76\x69\x74\x79\x2d\x70\x61\x6e\x65\x6c\x22\x3e\x0a\x20\x20\x20\x20\x20\x20\x20\x20\x20\x20\x20\x20\x3c\x68\x65\x61\x64\x65\x72\x3e\x3c\x64\x69\x76\x3e\x3c\x68\x32\x3e${_0x8a94b9_16("\x61\x63\x74\x69\x76\x69\x74\x79")}\x41\x63\x74\x69\x76\x69\x74\x79\x20\x6c\x6f\x67\x73\x3c\x2f\x68\x32\x3e\x3c\x73\x70\x61\x6e\x3e\x53\x65\x63\x75\x72\x69\x74\x79\x20\x61\x6e\x64\x20\x61\x63\x63\x6f\x75\x6e\x74\x20\x65\x76\x65\x6e\x74\x73\x3c\x2f\x73\x70\x61\x6e\x3e\x3c\x2f\x64\x69\x76\x3e\x3c\x2f\x68\x65\x61\x64\x65\x72\x3e\x0a\x20\x20\x20\x20\x20\x20\x20\x20\x20\x20\x20\x20\x3c\x64\x69\x76\x20\x63\x6c\x61\x73\x73\x3d\x22\x6e\x79\x78\x2d\x6f\x77\x6e\x65\x72\x2d\x61\x63\x74\x69\x76\x69\x74\x79\x2d\x6c\x69\x73\x74\x22\x20\x64\x61\x74\x61\x2d\x6f\x77\x6e\x65\x72\x2d\x61\x63\x74\x69\x76\x69\x74\x79\x3e\x3c\x2f\x64\x69\x76\x3e\x0a\x20\x20\x20\x20\x20\x20\x20\x20\x20\x20\x3c\x2f\x61\x73\x69\x64\x65\x3e\x0a\x20\x20\x20\x20\x20\x20\x20\x20\x3c\x2f\x73\x65\x63\x74\x69\x6f\x6e\x3e\x0a\x20\x20\x20\x20\x20\x20\x3c\x2f\x6d\x61\x69\x6e\x3e\x0a\x20\x20\x20\x20\x20\x20\x3c\x61\x73\x69\x64\x65\x20\x63\x6c\x61\x73\x73\x3d\x22\x6e\x79\x78\x2d\x6f\x77\x6e\x65\x72\x2d\x75\x73\x65\x72\x2d\x64\x72\x61\x77\x65\x72\x22\x20\x64\x61\x74\x61\x2d\x6f\x77\x6e\x65\x72\x2d\x75\x73\x65\x72\x2d\x64\x72\x61\x77\x65\x72\x20\x68\x69\x64\x64\x65\x6e\x3e\x3c\x2f\x61\x73\x69\x64\x65\x3e\x0a\x20\x20\x20\x20\x20\x20\x3c\x73\x65\x63\x74\x69\x6f\x6e\x20\x63\x6c\x61\x73\x73\x3d\x22\x6e\x79\x78\x2d\x6f\x77\x6e\x65\x72\x2d\x63\x6f\x6e\x66\x69\x72\x6d\x22\x20\x64\x61\x74\x61\x2d\x6f\x77\x6e\x65\x72\x2d\x63\x6f\x6e\x66\x69\x72\x6d\x20\x68\x69\x64\x64\x65\x6e\x3e\x3c\x2f\x73\x65\x63\x74\x69\x6f\x6e\x3e\x0a\x20\x20\x20\x20\x20\x20\x3c\x64\x69\x76\x20\x63\x6c\x61\x73\x73\x3d\x22\x6e\x79\x78\x2d\x6f\x77\x6e\x65\x72\x2d\x74\x6f\x61\x73\x74\x73\x22\x20\x64\x61\x74\x61\x2d\x6f\x77\x6e\x65\x72\x2d\x74\x6f\x61\x73\x74\x73\x20\x61\x72\x69\x61\x2d\x6c\x69\x76\x65\x3d\x22\x70\x6f\x6c\x69\x74\x65\x22\x3e\x3c\x2f\x64\x69\x76\x3e`, 
    document.body.appendChild(_0x8a94b9_11), requestAnimationFrame(() => _0x8a94b9_11.classList.add("\x73\x68\x6f\x77"));
    const _0x8a94b9_15 = _0x8a94b9_11.querySelector("\x5b\x64\x61\x74\x61\x2d\x6f\x77\x6e\x65\x72\x2d\x6d\x65\x74\x72\x69\x63\x73\x5d"), _0x8a94b9_17 = _0x8a94b9_11.querySelector("\x5b\x64\x61\x74\x61\x2d\x6f\x77\x6e\x65\x72\x2d\x74\x61\x62\x6c\x65\x5d"), _0x8a94b9_18 = _0x8a94b9_11.querySelector("\x5b\x64\x61\x74\x61\x2d\x6f\x77\x6e\x65\x72\x2d\x70\x61\x67\x69\x6e\x61\x74\x69\x6f\x6e\x5d"), _0x8a94b9_19 = _0x8a94b9_11.querySelector("\x5b\x64\x61\x74\x61\x2d\x6f\x77\x6e\x65\x72\x2d\x61\x63\x74\x69\x76\x69\x74\x79\x5d"), _0x8a94b9_1a = _0x8a94b9_11.querySelector("\x5b\x64\x61\x74\x61\x2d\x6f\x77\x6e\x65\x72\x2d\x75\x73\x65\x72\x2d\x64\x72\x61\x77\x65\x72\x5d"), _0x8a94b9_1b = _0x8a94b9_11.querySelector("\x5b\x64\x61\x74\x61\x2d\x6f\x77\x6e\x65\x72\x2d\x63\x6f\x6e\x66\x69\x72\x6d\x5d"), _0x8a94b9_1c = function(_0x8a94b9_1, _0x8a94b9_2) {
      let _0x8a94b9_3 = !1, _0x8a94b9_4 = !0, _0x8a94b9_5 = !1, _0x8a94b9_6 = null, _0x8a94b9_7 = 60, _0x8a94b9_8 = null, _0x8a94b9_9 = null;
      const _0x8a94b9_a = new Intl.NumberFormat, _0x8a94b9_b = new Intl.DateTimeFormat([], {
        hour: "\x6e\x75\x6d\x65\x72\x69\x63",
        minute: "\x32\x2d\x64\x69\x67\x69\x74"
      }), _0x8a94b9_c = new Intl.DateTimeFormat([], {
        month: "\x73\x68\x6f\x72\x74",
        day: "\x6e\x75\x6d\x65\x72\x69\x63",
        hour: "\x6e\x75\x6d\x65\x72\x69\x63",
        minute: "\x32\x2d\x64\x69\x67\x69\x74"
      }), _0x8a94b9_d = _0x8a94b9_0 => _0x8a94b9_a.format(Number(_0x8a94b9_0 || 0)), _0x8a94b9_e = _0x8a94b9_0 => _0x8a94b9_c.format(_0x8a94b9_0);
      _0x8a94b9_1.innerHTML = `\x3c\x68\x65\x61\x64\x65\x72\x20\x63\x6c\x61\x73\x73\x3d\x22\x6e\x79\x78\x2d\x74\x72\x61\x66\x66\x69\x63\x2d\x68\x65\x61\x64\x69\x6e\x67\x22\x3e\x3c\x64\x69\x76\x3e\x3c\x73\x70\x61\x6e\x20\x63\x6c\x61\x73\x73\x3d\x22\x6e\x79\x78\x2d\x74\x72\x61\x66\x66\x69\x63\x2d\x65\x79\x65\x62\x72\x6f\x77\x22\x3e\x4c\x49\x56\x45\x20\x41\x43\x54\x49\x56\x49\x54\x59\x3c\x2f\x73\x70\x61\x6e\x3e\x3c\x68\x32\x3e\x54\x72\x61\x66\x66\x69\x63\x3c\x2f\x68\x32\x3e\x3c\x70\x3e\x52\x65\x71\x75\x65\x73\x74\x73\x20\x70\x65\x72\x20\x6d\x69\x6e\x75\x74\x65\x20\x26\x6d\x69\x64\x64\x6f\x74\x3b\x20\x61\x6c\x6c\x20\x73\x69\x74\x65\x73\x20\x6f\x6e\x20\x74\x68\x69\x73\x20\x56\x50\x53\x3c\x2f\x70\x3e\x3c\x2f\x64\x69\x76\x3e\x3c\x64\x69\x76\x20\x63\x6c\x61\x73\x73\x3d\x22\x6e\x79\x78\x2d\x74\x72\x61\x66\x66\x69\x63\x2d\x72\x61\x6e\x67\x65\x73\x22\x20\x61\x72\x69\x61\x2d\x6c\x61\x62\x65\x6c\x3d\x22\x54\x72\x61\x66\x66\x69\x63\x20\x74\x69\x6d\x65\x20\x72\x61\x6e\x67\x65\x22\x3e${[ [ 60, "\x31\x20\x68\x6f\x75\x72" ], [ 360, "\x36\x20\x68\x6f\x75\x72\x73" ], [ 1440, "\x32\x34\x20\x68\x6f\x75\x72\x73" ] ].map(([_0x8a94b9_0, _0x8a94b9_1]) => `\x3c\x62\x75\x74\x74\x6f\x6e\x20\x74\x79\x70\x65\x3d\x22\x62\x75\x74\x74\x6f\x6e\x22\x20\x64\x61\x74\x61\x2d\x74\x72\x61\x66\x66\x69\x63\x2d\x72\x61\x6e\x67\x65\x3d\x22${_0x8a94b9_0}\x22\x20\x61\x72\x69\x61\x2d\x70\x72\x65\x73\x73\x65\x64\x3d\x22${60 === _0x8a94b9_0}\x22\x3e${_0x8a94b9_1}\x3c\x2f\x62\x75\x74\x74\x6f\x6e\x3e`).join("")}\x3c\x2f\x64\x69\x76\x3e\x3c\x2f\x68\x65\x61\x64\x65\x72\x3e\x0a\x20\x20\x20\x20\x20\x20\x3c\x64\x69\x76\x20\x63\x6c\x61\x73\x73\x3d\x22\x6e\x79\x78\x2d\x74\x72\x61\x66\x66\x69\x63\x2d\x73\x74\x61\x74\x73\x22\x20\x64\x61\x74\x61\x2d\x74\x72\x61\x66\x66\x69\x63\x2d\x73\x74\x61\x74\x73\x3e\x3c\x2f\x64\x69\x76\x3e\x0a\x20\x20\x20\x20\x20\x20\x3c\x64\x69\x76\x20\x63\x6c\x61\x73\x73\x3d\x22\x6e\x79\x78\x2d\x74\x72\x61\x66\x66\x69\x63\x2d\x63\x68\x61\x72\x74\x22\x20\x64\x61\x74\x61\x2d\x74\x72\x61\x66\x66\x69\x63\x2d\x63\x68\x61\x72\x74\x3e\x3c\x2f\x64\x69\x76\x3e\x0a\x20\x20\x20\x20\x20\x20\x3c\x64\x69\x76\x20\x63\x6c\x61\x73\x73\x3d\x22\x6e\x79\x78\x2d\x74\x72\x61\x66\x66\x69\x63\x2d\x69\x6e\x73\x70\x65\x63\x74\x6f\x72\x22\x20\x68\x69\x64\x64\x65\x6e\x3e\x3c\x69\x6e\x70\x75\x74\x20\x74\x79\x70\x65\x3d\x22\x72\x61\x6e\x67\x65\x22\x20\x6d\x69\x6e\x3d\x22\x30\x22\x20\x6d\x61\x78\x3d\x22\x35\x39\x22\x20\x76\x61\x6c\x75\x65\x3d\x22\x35\x39\x22\x20\x64\x61\x74\x61\x2d\x74\x72\x61\x66\x66\x69\x63\x2d\x6d\x69\x6e\x75\x74\x65\x20\x61\x72\x69\x61\x2d\x6c\x61\x62\x65\x6c\x3d\x22\x49\x6e\x73\x70\x65\x63\x74\x20\x74\x72\x61\x66\x66\x69\x63\x20\x6d\x69\x6e\x75\x74\x65\x22\x3e\x3c\x6f\x75\x74\x70\x75\x74\x20\x64\x61\x74\x61\x2d\x74\x72\x61\x66\x66\x69\x63\x2d\x64\x65\x74\x61\x69\x6c\x3e\x3c\x2f\x6f\x75\x74\x70\x75\x74\x3e\x3c\x2f\x64\x69\x76\x3e\x0a\x20\x20\x20\x20\x20\x20\x3c\x66\x6f\x6f\x74\x65\x72\x20\x63\x6c\x61\x73\x73\x3d\x22\x6e\x79\x78\x2d\x74\x72\x61\x66\x66\x69\x63\x2d\x66\x6f\x6f\x74\x65\x72\x22\x3e\x3c\x73\x70\x61\x6e\x20\x64\x61\x74\x61\x2d\x74\x72\x61\x66\x66\x69\x63\x2d\x73\x74\x61\x74\x75\x73\x20\x72\x6f\x6c\x65\x3d\x22\x73\x74\x61\x74\x75\x73\x22\x3e\x4c\x6f\x61\x64\x69\x6e\x67\x20\x74\x72\x61\x66\x66\x69\x63\x2e\x2e\x2e\x3c\x2f\x73\x70\x61\x6e\x3e\x3c\x73\x70\x61\x6e\x3e\x54\x69\x6d\x65\x73\x20\x69\x6e\x20${_0x8a94b9_0(Intl.DateTimeFormat().resolvedOptions().timeZone)}\x2e\x20\x43\x44\x4e\x2d\x6f\x6e\x6c\x79\x20\x68\x69\x74\x73\x20\x61\x6e\x64\x20\x57\x65\x62\x53\x6f\x63\x6b\x65\x74\x20\x73\x74\x72\x65\x61\x6d\x20\x74\x72\x61\x66\x66\x69\x63\x20\x61\x72\x65\x20\x65\x78\x63\x6c\x75\x64\x65\x64\x2e\x20\x47\x61\x70\x73\x20\x6d\x65\x61\x6e\x20\x6e\x6f\x20\x6d\x65\x61\x73\x75\x72\x65\x6d\x65\x6e\x74\x2e\x3c\x2f\x73\x70\x61\x6e\x3e\x3c\x2f\x66\x6f\x6f\x74\x65\x72\x3e`;
      const _0x8a94b9_f = _0x8a94b9_1.querySelector("\x5b\x64\x61\x74\x61\x2d\x74\x72\x61\x66\x66\x69\x63\x2d\x73\x74\x61\x74\x75\x73\x5d"), _0x8a94b9_10 = _0x8a94b9_1.querySelector("\x5b\x64\x61\x74\x61\x2d\x74\x72\x61\x66\x66\x69\x63\x2d\x63\x68\x61\x72\x74\x5d"), _0x8a94b9_11 = _0x8a94b9_1.querySelector("\x5b\x64\x61\x74\x61\x2d\x74\x72\x61\x66\x66\x69\x63\x2d\x6d\x69\x6e\x75\x74\x65\x5d"), _0x8a94b9_12 = _0x8a94b9_1.querySelector("\x5b\x64\x61\x74\x61\x2d\x74\x72\x61\x66\x66\x69\x63\x2d\x64\x65\x74\x61\x69\x6c\x5d");
      let _0x8a94b9_13 = [], _0x8a94b9_14 = 1040;
      const _0x8a94b9_15 = _0x8a94b9_0 => 46 + _0x8a94b9_0 / Math.max(1, _0x8a94b9_13.length - 1) * (_0x8a94b9_14 - 64);
      let _0x8a94b9_16 = 1;
      const _0x8a94b9_17 = _0x8a94b9_0 => 230 - (_0x8a94b9_0 || 0) / _0x8a94b9_16 * 190;
      let _0x8a94b9_18 = null, _0x8a94b9_19 = null, _0x8a94b9_1a = -1, _0x8a94b9_1b = 0, _0x8a94b9_1c = null;
      function _0x8a94b9_1d(_0x8a94b9_0) {
        if (!_0x8a94b9_13.length) return;
        _0x8a94b9_0 = Math.max(0, Math.min(_0x8a94b9_13.length - 1, _0x8a94b9_0));
        const _0x8a94b9_1 = Math.round(_0x8a94b9_0), _0x8a94b9_2 = _0x8a94b9_13[_0x8a94b9_1];
        if (_0x8a94b9_9 = _0x8a94b9_2.at, _0x8a94b9_1 !== _0x8a94b9_1a) {
          _0x8a94b9_1a = _0x8a94b9_1, _0x8a94b9_11.value = _0x8a94b9_1;
          const _0x8a94b9_0 = `${_0x8a94b9_e(_0x8a94b9_2.at)}\x20\xb7\x20${null === _0x8a94b9_2.requests ? "\x4e\x6f\x20\x6d\x65\x61\x73\x75\x72\x65\x6d\x65\x6e\x74" : `${_0x8a94b9_d(_0x8a94b9_2.requests)}\x20\x72\x65\x71\x75\x65\x73\x74\x73\x20\xb7\x20${_0x8a94b9_d(_0x8a94b9_2.errors)}\x20\x73\x65\x72\x76\x65\x72\x20\x65\x72\x72\x6f\x72\x73${null != _0x8a94b9_2.onlinePeak ? `\x20\xb7\x20${_0x8a94b9_d(_0x8a94b9_2.onlinePeak)}\x20\x70\x65\x6f\x70\x6c\x65\x20\x6f\x6e\x6c\x69\x6e\x65` : ""}${_0x8a94b9_2.partial ? "\x20\xb7\x20\x50\x61\x72\x74\x69\x61\x6c\x20\x6d\x69\x6e\x75\x74\x65" : ""}`}`;
          _0x8a94b9_11.setAttribute("\x61\x72\x69\x61\x2d\x76\x61\x6c\x75\x65\x74\x65\x78\x74", _0x8a94b9_0), _0x8a94b9_12.textContent = _0x8a94b9_0;
        }
        const _0x8a94b9_3 = _0x8a94b9_15(_0x8a94b9_0), _0x8a94b9_4 = Math.floor(_0x8a94b9_0), _0x8a94b9_5 = Math.ceil(_0x8a94b9_0), _0x8a94b9_6 = _0x8a94b9_13[_0x8a94b9_4].requests, _0x8a94b9_7 = _0x8a94b9_13[_0x8a94b9_5].requests;
        _0x8a94b9_18?.setAttribute("\x78\x31", _0x8a94b9_3), _0x8a94b9_18?.setAttribute("\x78\x32", _0x8a94b9_3), 
        _0x8a94b9_19?.setAttribute("\x63\x78", _0x8a94b9_3), _0x8a94b9_19?.setAttribute("\x63\x79", _0x8a94b9_17(_0x8a94b9_6 + (_0x8a94b9_7 - _0x8a94b9_6) * (_0x8a94b9_0 - _0x8a94b9_4))), 
        _0x8a94b9_19?.setAttribute("\x6f\x70\x61\x63\x69\x74\x79", null === _0x8a94b9_6 || null === _0x8a94b9_7 ? "\x30" : "\x31");
      }
      function _0x8a94b9_1e() {
        if (null === _0x8a94b9_1c || !_0x8a94b9_8 || !_0x8a94b9_3 || !_0x8a94b9_4 || _0x8a94b9_5) return;
        const _0x8a94b9_0 = _0x8a94b9_10.getBoundingClientRect();
        _0x8a94b9_0.width && _0x8a94b9_1d(((_0x8a94b9_1c - _0x8a94b9_0.left) / _0x8a94b9_0.width * _0x8a94b9_14 - 46) / (_0x8a94b9_14 - 64) * (_0x8a94b9_13.length - 1));
      }
      function _0x8a94b9_1f() {
        cancelAnimationFrame(_0x8a94b9_1b), _0x8a94b9_1b = 0, _0x8a94b9_1c = null;
      }
      function _0x8a94b9_20() {
        _0x8a94b9_14 = Math.max(300, _0x8a94b9_10.clientWidth);
        const _0x8a94b9_2 = _0x8a94b9_8.points.findIndex(_0x8a94b9_0 => null !== _0x8a94b9_0.requests), _0x8a94b9_3 = _0x8a94b9_13 = _0x8a94b9_2 < 0 ? _0x8a94b9_8.points : _0x8a94b9_8.points.slice(_0x8a94b9_2), _0x8a94b9_4 = _0x8a94b9_8.totals, _0x8a94b9_5 = _0x8a94b9_8.peak;
        _0x8a94b9_16 = Math.max(1, Math.ceil(1.15 * (_0x8a94b9_5?.requests || 1)));
        const _0x8a94b9_6 = [ [ "\x52\x65\x71\x75\x65\x73\x74\x73", _0x8a94b9_d(_0x8a94b9_4.requests), "\x49\x6e\x20\x73\x65\x6c\x65\x63\x74\x65\x64\x20\x77\x69\x6e\x64\x6f\x77" ], [ "\x50\x65\x61\x6b\x20\x2f\x20\x6d\x69\x6e", _0x8a94b9_d(_0x8a94b9_5?.requests), _0x8a94b9_5 ? _0x8a94b9_e(_0x8a94b9_5.at) + (_0x8a94b9_5.partial ? "\x20\xb7\x20\x70\x61\x72\x74\x69\x61\x6c" : "") : "\x4e\x6f\x20\x6d\x65\x61\x73\x75\x72\x65\x6d\x65\x6e\x74" ], [ "\x50\x65\x61\x6b\x20\x6f\x6e\x6c\x69\x6e\x65", _0x8a94b9_8.peakOnline ? _0x8a94b9_d(_0x8a94b9_8.peakOnline.count) : "\u2014", _0x8a94b9_8.peakOnline ? _0x8a94b9_e(_0x8a94b9_8.peakOnline.at) + "\x20\xb7\x20\x61\x63\x63\x6f\x75\x6e\x74\x73\x20\x61\x6e\x64\x20\x67\x75\x65\x73\x74\x73" : "\x43\x6f\x6c\x6c\x65\x63\x74\x69\x6e\x67\x20\x6f\x6e\x6c\x69\x6e\x65\x20\x68\x69\x73\x74\x6f\x72\x79" ], [ "\x53\x65\x72\x76\x65\x72\x20\x65\x72\x72\x6f\x72\x73", _0x8a94b9_d(_0x8a94b9_4.errors), `${_0x8a94b9_d(_0x8a94b9_4.aborted)}\x20\x69\x6e\x74\x65\x72\x72\x75\x70\x74\x65\x64\x20\x72\x65\x71\x75\x65\x73\x74\x73` ], [ "\x41\x76\x67\x2e\x20\x72\x65\x73\x70\x6f\x6e\x73\x65", null === _0x8a94b9_4.averageMs ? "\u2014" : _0x8a94b9_d(_0x8a94b9_4.averageMs) + "\x20\x6d\x73", "\x43\x6f\x6d\x70\x6c\x65\x74\x65\x64\x20\x48\x54\x54\x50\x20\x72\x65\x73\x70\x6f\x6e\x73\x65\x73" ] ];
        _0x8a94b9_1.querySelector("\x5b\x64\x61\x74\x61\x2d\x74\x72\x61\x66\x66\x69\x63\x2d\x73\x74\x61\x74\x73\x5d").innerHTML = _0x8a94b9_6.map(([_0x8a94b9_1, _0x8a94b9_2, _0x8a94b9_3]) => `\x3c\x64\x69\x76\x3e\x3c\x73\x70\x61\x6e\x3e${_0x8a94b9_0(_0x8a94b9_1)}\x3c\x2f\x73\x70\x61\x6e\x3e\x3c\x73\x74\x72\x6f\x6e\x67\x3e${_0x8a94b9_0(_0x8a94b9_2)}\x3c\x2f\x73\x74\x72\x6f\x6e\x67\x3e\x3c\x73\x6d\x61\x6c\x6c\x3e${_0x8a94b9_0(_0x8a94b9_3)}\x3c\x2f\x73\x6d\x61\x6c\x6c\x3e\x3c\x2f\x64\x69\x76\x3e`).join("");
        let _0x8a94b9_7 = "", _0x8a94b9_a = "", _0x8a94b9_c = [];
        const _0x8a94b9_12 = () => {
          if (!_0x8a94b9_c.length) return;
          const _0x8a94b9_0 = _0x8a94b9_c.map(([_0x8a94b9_0, _0x8a94b9_1], _0x8a94b9_2) => `${_0x8a94b9_2 ? "\x4c" : "\x4d"}${_0x8a94b9_0.toFixed(2)}\x20${_0x8a94b9_1.toFixed(2)}`).join("\x20");
          _0x8a94b9_7 += _0x8a94b9_0 + "\x20", _0x8a94b9_a += `${_0x8a94b9_0}\x20\x4c${_0x8a94b9_c.at(-1)[0]}\x20\x32\x33\x30\x20\x4c${_0x8a94b9_c[0][0]}\x20\x32\x33\x30\x20\x5a\x20`, 
          _0x8a94b9_c = [];
        };
        _0x8a94b9_3.forEach((_0x8a94b9_0, _0x8a94b9_1) => {
          null === _0x8a94b9_0.requests ? _0x8a94b9_12() : _0x8a94b9_c.push([ _0x8a94b9_15(_0x8a94b9_1), _0x8a94b9_17(_0x8a94b9_0.requests) ]);
        }), _0x8a94b9_12();
        const _0x8a94b9_1b = [ 0, .5, 1 ].map(_0x8a94b9_0 => `\x3c\x6c\x69\x6e\x65\x20\x78\x31\x3d\x22\x34\x36\x22\x20\x78\x32\x3d\x22${_0x8a94b9_14 - 18}\x22\x20\x79\x31\x3d\x22${230 - 190 * _0x8a94b9_0}\x22\x20\x79\x32\x3d\x22${230 - 190 * _0x8a94b9_0}\x22\x20\x63\x6c\x61\x73\x73\x3d\x22\x6e\x79\x78\x2d\x74\x72\x61\x66\x66\x69\x63\x2d\x67\x72\x69\x64\x22\x2f\x3e\x3c\x74\x65\x78\x74\x20\x78\x3d\x22\x33\x36\x22\x20\x79\x3d\x22${234 - 190 * _0x8a94b9_0}\x22\x20\x74\x65\x78\x74\x2d\x61\x6e\x63\x68\x6f\x72\x3d\x22\x65\x6e\x64\x22\x3e${_0x8a94b9_d(Math.round(_0x8a94b9_16 * _0x8a94b9_0))}\x3c\x2f\x74\x65\x78\x74\x3e`).join(""), _0x8a94b9_1c = [ 0, Math.floor((_0x8a94b9_3.length - 1) / 2), _0x8a94b9_3.length - 1 ].map(_0x8a94b9_1 => {
          return `\x3c\x74\x65\x78\x74\x20\x78\x3d\x22${_0x8a94b9_15(_0x8a94b9_1)}\x22\x20\x79\x3d\x22\x32\x36\x30\x22\x20\x74\x65\x78\x74\x2d\x61\x6e\x63\x68\x6f\x72\x3d\x22${0 === _0x8a94b9_1 ? "\x73\x74\x61\x72\x74" : _0x8a94b9_1 === _0x8a94b9_3.length - 1 ? "\x65\x6e\x64" : "\x6d\x69\x64\x64\x6c\x65"}\x22\x3e${_0x8a94b9_0((_0x8a94b9_2 = _0x8a94b9_3[_0x8a94b9_1].at, 
          _0x8a94b9_b.format(_0x8a94b9_2)))}\x3c\x2f\x74\x65\x78\x74\x3e`;
          var _0x8a94b9_2;
        }).join("");
        _0x8a94b9_10.innerHTML = `\x3c\x73\x76\x67\x20\x76\x69\x65\x77\x42\x6f\x78\x3d\x22\x30\x20\x30\x20${_0x8a94b9_14}\x20\x32\x37\x35\x22\x20\x70\x72\x65\x73\x65\x72\x76\x65\x41\x73\x70\x65\x63\x74\x52\x61\x74\x69\x6f\x3d\x22\x6e\x6f\x6e\x65\x22\x20\x72\x6f\x6c\x65\x3d\x22\x69\x6d\x67\x22\x20\x61\x72\x69\x61\x2d\x6c\x61\x62\x65\x6c\x3d\x22\x52\x65\x71\x75\x65\x73\x74\x73\x20\x70\x65\x72\x20\x6d\x69\x6e\x75\x74\x65\x2e\x20\x50\x65\x61\x6b\x20${_0x8a94b9_0(_0x8a94b9_d(_0x8a94b9_5?.requests))}${_0x8a94b9_5 ? "\x20\x61\x74\x20" + _0x8a94b9_0(_0x8a94b9_e(_0x8a94b9_5.at)) : ""}\x2e\x20\x55\x73\x65\x20\x74\x68\x65\x20\x73\x6c\x69\x64\x65\x72\x20\x62\x65\x6c\x6f\x77\x20\x74\x6f\x20\x69\x6e\x73\x70\x65\x63\x74\x20\x61\x20\x6d\x69\x6e\x75\x74\x65\x2e\x22\x3e${_0x8a94b9_1b}\x3c\x70\x61\x74\x68\x20\x64\x3d\x22${_0x8a94b9_a}\x22\x20\x63\x6c\x61\x73\x73\x3d\x22\x6e\x79\x78\x2d\x74\x72\x61\x66\x66\x69\x63\x2d\x61\x72\x65\x61\x22\x2f\x3e\x3c\x70\x61\x74\x68\x20\x64\x3d\x22${_0x8a94b9_7}\x22\x20\x63\x6c\x61\x73\x73\x3d\x22\x6e\x79\x78\x2d\x74\x72\x61\x66\x66\x69\x63\x2d\x6c\x69\x6e\x65\x22\x2f\x3e${_0x8a94b9_1c}\x3c\x6c\x69\x6e\x65\x20\x64\x61\x74\x61\x2d\x74\x72\x61\x66\x66\x69\x63\x2d\x63\x75\x72\x73\x6f\x72\x20\x79\x31\x3d\x22\x33\x30\x22\x20\x79\x32\x3d\x22\x32\x33\x30\x22\x20\x63\x6c\x61\x73\x73\x3d\x22\x6e\x79\x78\x2d\x74\x72\x61\x66\x66\x69\x63\x2d\x63\x75\x72\x73\x6f\x72\x22\x2f\x3e\x3c\x63\x69\x72\x63\x6c\x65\x20\x64\x61\x74\x61\x2d\x74\x72\x61\x66\x66\x69\x63\x2d\x64\x6f\x74\x20\x72\x3d\x22\x34\x22\x20\x63\x6c\x61\x73\x73\x3d\x22\x6e\x79\x78\x2d\x74\x72\x61\x66\x66\x69\x63\x2d\x64\x6f\x74\x22\x2f\x3e\x3c\x2f\x73\x76\x67\x3e`, 
        _0x8a94b9_18 = _0x8a94b9_10.querySelector("\x5b\x64\x61\x74\x61\x2d\x74\x72\x61\x66\x66\x69\x63\x2d\x63\x75\x72\x73\x6f\x72\x5d"), _0x8a94b9_19 = _0x8a94b9_10.querySelector("\x5b\x64\x61\x74\x61\x2d\x74\x72\x61\x66\x66\x69\x63\x2d\x64\x6f\x74\x5d"), 
        _0x8a94b9_1a = -1, _0x8a94b9_1.querySelector("\x2e\x6e\x79\x78\x2d\x74\x72\x61\x66\x66\x69\x63\x2d\x69\x6e\x73\x70\x65\x63\x74\x6f\x72").hidden = !1, 
        _0x8a94b9_11.max = _0x8a94b9_3.length - 1;
        let _0x8a94b9_1f = null === _0x8a94b9_9 ? -1 : _0x8a94b9_3.findIndex(_0x8a94b9_0 => _0x8a94b9_0.at === _0x8a94b9_9);
        _0x8a94b9_1f < 0 && (_0x8a94b9_1f = _0x8a94b9_5 ? _0x8a94b9_3.findIndex(_0x8a94b9_0 => _0x8a94b9_0.at === _0x8a94b9_5.at) : _0x8a94b9_3.length - 1), 
        _0x8a94b9_1d(_0x8a94b9_1f), _0x8a94b9_1e(), _0x8a94b9_f.textContent = `\x52\x65\x63\x6f\x72\x64\x65\x64\x20\x66\x72\x6f\x6d\x20${_0x8a94b9_e(_0x8a94b9_3[0].at)}\x20\xb7\x20\x75\x70\x64\x61\x74\x65\x64\x20${new Date(_0x8a94b9_8.generatedAt).toLocaleTimeString()}\x20\xb7\x20\x72\x65\x66\x72\x65\x73\x68\x65\x73\x20\x65\x76\x65\x72\x79\x20\x31\x30\x73\x20\xb7\x20\x63\x75\x72\x72\x65\x6e\x74\x20\x6d\x69\x6e\x75\x74\x65\x20\x69\x6e\x63\x6f\x6d\x70\x6c\x65\x74\x65`, 
        _0x8a94b9_1.dataset.trafficState = "\x72\x65\x61\x64\x79";
      }
      async function _0x8a94b9_21() {
        if (!_0x8a94b9_3 || !_0x8a94b9_4 || _0x8a94b9_5 || document.hidden || _0x8a94b9_6) return;
        const _0x8a94b9_0 = new AbortController;
        _0x8a94b9_6 = _0x8a94b9_0;
        const _0x8a94b9_9 = setTimeout(() => _0x8a94b9_0.abort(), 12e3);
        try {
          const _0x8a94b9_1 = await _0x8a94b9_2(`/gh/dubcatalt2-lab/nyx-jsdelivr-links@main/nyx-static/\x61\x70\x69\x2f\x6f\x77\x6e\x65\x72\x2d\x64\x61\x73\x68\x62\x6f\x61\x72\x64\x2f\x74\x72\x61\x66\x66\x69\x63\x3f\x6d\x69\x6e\x75\x74\x65\x73\x3d${_0x8a94b9_7}`, {
            signal: _0x8a94b9_0.signal
          });
          if (_0x8a94b9_5 || _0x8a94b9_0.signal.aborted || !_0x8a94b9_3) return;
          if (!Array.isArray(_0x8a94b9_1.points) || !_0x8a94b9_1.points.length || !_0x8a94b9_1.totals) throw new Error("\x49\x6e\x76\x61\x6c\x69\x64\x20\x74\x72\x61\x66\x66\x69\x63\x20\x72\x65\x73\x70\x6f\x6e\x73\x65");
          _0x8a94b9_8 = _0x8a94b9_1, _0x8a94b9_20();
        } catch {
          !_0x8a94b9_5 && _0x8a94b9_3 && _0x8a94b9_6 === _0x8a94b9_0 && (_0x8a94b9_1.dataset.trafficState = "\x75\x6e\x61\x76\x61\x69\x6c\x61\x62\x6c\x65", 
          _0x8a94b9_f.textContent = _0x8a94b9_8 ? `\x55\x70\x64\x61\x74\x65\x20\x75\x6e\x61\x76\x61\x69\x6c\x61\x62\x6c\x65\x2e\x20\x53\x68\x6f\x77\x69\x6e\x67\x20\x64\x61\x74\x61\x20\x66\x72\x6f\x6d\x20${_0x8a94b9_e(_0x8a94b9_8.generatedAt)}\x3b\x20\x72\x65\x74\x72\x79\x69\x6e\x67\x20\x61\x75\x74\x6f\x6d\x61\x74\x69\x63\x61\x6c\x6c\x79\x2e` : "\x54\x72\x61\x66\x66\x69\x63\x20\x69\x73\x20\x75\x6e\x61\x76\x61\x69\x6c\x61\x62\x6c\x65\x2e\x20\x52\x65\x74\x72\x79\x69\x6e\x67\x20\x61\x75\x74\x6f\x6d\x61\x74\x69\x63\x61\x6c\x6c\x79\x2e");
        } finally {
          clearTimeout(_0x8a94b9_9), _0x8a94b9_6 === _0x8a94b9_0 && (_0x8a94b9_6 = null);
        }
      }
      _0x8a94b9_1.addEventListener("\x63\x6c\x69\x63\x6b", _0x8a94b9_0 => {
        const _0x8a94b9_2 = _0x8a94b9_0.target.closest("\x5b\x64\x61\x74\x61\x2d\x74\x72\x61\x66\x66\x69\x63\x2d\x72\x61\x6e\x67\x65\x5d");
        _0x8a94b9_2 && (_0x8a94b9_1f(), _0x8a94b9_7 = Number(_0x8a94b9_2.dataset.trafficRange), 
        _0x8a94b9_9 = null, _0x8a94b9_6?.abort(), _0x8a94b9_6 = null, _0x8a94b9_1.querySelectorAll("\x5b\x64\x61\x74\x61\x2d\x74\x72\x61\x66\x66\x69\x63\x2d\x72\x61\x6e\x67\x65\x5d").forEach(_0x8a94b9_0 => _0x8a94b9_0.setAttribute("\x61\x72\x69\x61\x2d\x70\x72\x65\x73\x73\x65\x64", String(_0x8a94b9_0 === _0x8a94b9_2))), 
        _0x8a94b9_f.textContent = "\x55\x70\x64\x61\x74\x69\x6e\x67\x20\x74\x69\x6d\x65\x20\x72\x61\x6e\x67\x65\x2e\x2e\x2e", _0x8a94b9_21());
      }), _0x8a94b9_10.addEventListener("\x70\x6f\x69\x6e\x74\x65\x72\x6d\x6f\x76\x65", _0x8a94b9_0 => {
        _0x8a94b9_1c = _0x8a94b9_0.clientX, _0x8a94b9_1b || (_0x8a94b9_1b = requestAnimationFrame(() => {
          _0x8a94b9_1b = 0, _0x8a94b9_1e();
        }));
      }), _0x8a94b9_10.addEventListener("\x70\x6f\x69\x6e\x74\x65\x72\x6c\x65\x61\x76\x65", _0x8a94b9_1f), _0x8a94b9_10.addEventListener("\x70\x6f\x69\x6e\x74\x65\x72\x63\x61\x6e\x63\x65\x6c", _0x8a94b9_1f), 
      _0x8a94b9_11.addEventListener("\x69\x6e\x70\x75\x74", () => {
        _0x8a94b9_1f(), _0x8a94b9_1d(Number(_0x8a94b9_11.value));
      });
      const _0x8a94b9_22 = setInterval(() => {
        _0x8a94b9_21();
      }, 1e4), _0x8a94b9_23 = new ResizeObserver(() => {
        _0x8a94b9_8 && _0x8a94b9_3 && _0x8a94b9_4 && _0x8a94b9_10.clientWidth > 0 && Math.abs(Math.max(300, _0x8a94b9_10.clientWidth) - _0x8a94b9_14) > 1 && _0x8a94b9_20();
      });
      return _0x8a94b9_23.observe(_0x8a94b9_10), {
        enable(_0x8a94b9_0) {
          _0x8a94b9_3 = _0x8a94b9_0, _0x8a94b9_1.hidden = !_0x8a94b9_0, _0x8a94b9_0 ? _0x8a94b9_21() : (_0x8a94b9_1f(), 
          _0x8a94b9_6?.abort(), _0x8a94b9_6 = null, _0x8a94b9_8 = null, _0x8a94b9_10.replaceChildren(), 
          _0x8a94b9_1.querySelector("\x5b\x64\x61\x74\x61\x2d\x74\x72\x61\x66\x66\x69\x63\x2d\x73\x74\x61\x74\x73\x5d").replaceChildren(), _0x8a94b9_12.textContent = "");
        },
        activate(_0x8a94b9_0) {
          _0x8a94b9_4 = _0x8a94b9_0, _0x8a94b9_0 ? _0x8a94b9_21() : (_0x8a94b9_1f(), _0x8a94b9_6?.abort(), 
          _0x8a94b9_6 = null);
        },
        destroy() {
          _0x8a94b9_5 = !0, _0x8a94b9_1f(), clearInterval(_0x8a94b9_22), _0x8a94b9_6?.abort(), 
          _0x8a94b9_23.disconnect();
        }
      };
    }(_0x8a94b9_11.querySelector("\x5b\x64\x61\x74\x61\x2d\x6f\x77\x6e\x65\x72\x2d\x74\x72\x61\x66\x66\x69\x63\x5d"), _0x8a94b9_20);
    let _0x8a94b9_1d = "\x6f\x76\x65\x72\x76\x69\x65\x77";
    function _0x8a94b9_1e(_0x8a94b9_0) {
      [ "\x6f\x76\x65\x72\x76\x69\x65\x77", "\x75\x73\x65\x72\x73", "\x73\x65\x72\x76\x69\x63\x65\x73", "\x61\x63\x74\x69\x76\x69\x74\x79" ].includes(_0x8a94b9_0) && (_0x8a94b9_1d = _0x8a94b9_0, 
      _0x8a94b9_11.querySelectorAll("\x5b\x64\x61\x74\x61\x2d\x6f\x77\x6e\x65\x72\x2d\x70\x61\x6e\x65\x6c\x5d").forEach(_0x8a94b9_1 => _0x8a94b9_1.hidden = _0x8a94b9_1.dataset.ownerPanel !== _0x8a94b9_0), 
      _0x8a94b9_11.querySelectorAll("\x5b\x64\x61\x74\x61\x2d\x6f\x77\x6e\x65\x72\x2d\x73\x65\x63\x74\x69\x6f\x6e\x5d").forEach(_0x8a94b9_1 => _0x8a94b9_1.setAttribute("\x61\x72\x69\x61\x2d\x70\x72\x65\x73\x73\x65\x64", String(_0x8a94b9_1.dataset.ownerSection === _0x8a94b9_0))), 
      _0x8a94b9_1c.activate("\x6f\x76\x65\x72\x76\x69\x65\x77" === _0x8a94b9_0));
    }
    function _0x8a94b9_1f(_0x8a94b9_0, _0x8a94b9_1 = "\x73\x75\x63\x63\x65\x73\x73") {
      _0x8a94b9_2?.(_0x8a94b9_0);
      const _0x8a94b9_3 = document.createElement("\x64\x69\x76");
      _0x8a94b9_3.className = `\x6e\x79\x78\x2d\x6f\x77\x6e\x65\x72\x2d\x74\x6f\x61\x73\x74\x20\x6e\x79\x78\x2d\x6f\x77\x6e\x65\x72\x2d\x74\x6f\x61\x73\x74\x2d${_0x8a94b9_1}`, _0x8a94b9_3.textContent = _0x8a94b9_0, 
      _0x8a94b9_11.querySelector("\x5b\x64\x61\x74\x61\x2d\x6f\x77\x6e\x65\x72\x2d\x74\x6f\x61\x73\x74\x73\x5d").appendChild(_0x8a94b9_3), requestAnimationFrame(() => _0x8a94b9_3.classList.add("\x73\x68\x6f\x77")), 
      setTimeout(() => {
        _0x8a94b9_3.classList.remove("\x73\x68\x6f\x77"), setTimeout(() => _0x8a94b9_3.remove(), 180);
      }, 3200);
    }
    async function _0x8a94b9_20(_0x8a94b9_0, _0x8a94b9_2 = {}) {
      const _0x8a94b9_3 = await _0x8a94b9_1();
      if (!_0x8a94b9_3) throw new Error("\x59\x6f\x75\x72\x20\x73\x74\x61\x66\x66\x20\x73\x65\x73\x73\x69\x6f\x6e\x20\x68\x61\x73\x20\x65\x78\x70\x69\x72\x65\x64\x2e\x20\x53\x69\x67\x6e\x20\x69\x6e\x20\x61\x67\x61\x69\x6e\x2e");
      const _0x8a94b9_4 = await fetch(_0x8a94b9_0, {
        ..._0x8a94b9_2,
        headers: {
          Accept: "\x61\x70\x70\x6c\x69\x63\x61\x74\x69\x6f\x6e\x2f\x6a\x73\x6f\x6e",
          Authorization: `\x42\x65\x61\x72\x65\x72\x20${_0x8a94b9_3}`,
          ..._0x8a94b9_2.body ? {
            "\x43\x6f\x6e\x74\x65\x6e\x74\x2d\x54\x79\x70\x65": "\x61\x70\x70\x6c\x69\x63\x61\x74\x69\x6f\x6e\x2f\x6a\x73\x6f\x6e"
          } : {},
          ..._0x8a94b9_2.headers || {}
        },
        cache: "\x6e\x6f\x2d\x73\x74\x6f\x72\x65"
      }), _0x8a94b9_5 = await _0x8a94b9_4.json().catch(() => ({}));
      if (!_0x8a94b9_4.ok) {
        const _0x8a94b9_0 = new Error(_0x8a94b9_5.error || "\x54\x68\x65\x20\x6f\x77\x6e\x65\x72\x20\x72\x65\x71\x75\x65\x73\x74\x20\x66\x61\x69\x6c\x65\x64\x2e");
        throw _0x8a94b9_0.status = _0x8a94b9_4.status, _0x8a94b9_0;
      }
      return _0x8a94b9_5;
    }
    _0x8a94b9_20("/gh/dubcatalt2-lab/nyx-jsdelivr-links@main/nyx-static/\x61\x70\x69\x2f\x70\x72\x69\x76\x61\x74\x65\x2d\x72\x65\x6d\x6f\x74\x65\x2f\x61\x63\x63\x65\x73\x73").then(_0x8a94b9_0 => {
      if (!_0x8a94b9_0.enabled || !_0x8a94b9_11.isConnected) return;
      const _0x8a94b9_1 = document.createElement("\x62\x75\x74\x74\x6f\x6e");
      _0x8a94b9_1.type = "\x62\x75\x74\x74\x6f\x6e", _0x8a94b9_1.textContent = "\x52\x65\x6d\x6f\x74\x65\x20\x64\x65\x73\x6b\x74\x6f\x70", _0x8a94b9_1.addEventListener("\x63\x6c\x69\x63\x6b", async () => {
        _0x8a94b9_1.disabled = !0;
        try {
          await _0x8a94b9_20("/gh/dubcatalt2-lab/nyx-jsdelivr-links@main/nyx-static/\x61\x70\x69\x2f\x70\x72\x69\x76\x61\x74\x65\x2d\x72\x65\x6d\x6f\x74\x65\x2f\x73\x65\x73\x73\x69\x6f\x6e", {
            method: "\x50\x4f\x53\x54"
          }), window.location.assign("/gh/dubcatalt2-lab/nyx-jsdelivr-links@main/nyx-static/\x61\x70\x70\x73\x2f\x72\x65\x6d\x6f\x74\x65\x2f");
        } catch {
          _0x8a94b9_1.textContent = "\x52\x65\x6d\x6f\x74\x65\x20\x61\x63\x63\x65\x73\x73\x20\x75\x6e\x61\x76\x61\x69\x6c\x61\x62\x6c\x65";
        } finally {
          _0x8a94b9_1.disabled = !1;
        }
      }), _0x8a94b9_11.querySelector("\x2e\x6e\x79\x78\x2d\x6f\x77\x6e\x65\x72\x2d\x68\x65\x61\x64\x65\x72\x2d\x61\x63\x74\x69\x6f\x6e\x73").prepend(_0x8a94b9_1);
    }).catch(() => {}), _0x8a94b9_20("/gh/dubcatalt2-lab/nyx-jsdelivr-links@main/nyx-static/\x61\x70\x69\x2f\x6e\x79\x78\x63\x6c\x6f\x75\x64\x2f\x61\x63\x63\x65\x73\x73").then(_0x8a94b9_0 => {
      if (!_0x8a94b9_0.allowed || !_0x8a94b9_11.isConnected) return;
      const _0x8a94b9_1 = document.createElement("\x62\x75\x74\x74\x6f\x6e");
      _0x8a94b9_1.type = "\x62\x75\x74\x74\x6f\x6e", _0x8a94b9_1.textContent = "\x4e\x79\x78\x43\x6c\x6f\x75\x64", _0x8a94b9_1.dataset.nyxcloudAccess = "\x6f\x77\x6e\x65\x72", 
      _0x8a94b9_1.title = _0x8a94b9_0.online ? "\x4f\x70\x65\x6e\x20\x79\x6f\x75\x72\x20\x56\x4d" : "\x4f\x70\x65\x6e\x20\x4e\x79\x78\x43\x6c\x6f\x75\x64\x20\x28\x56\x4d\x20\x63\x75\x72\x72\x65\x6e\x74\x6c\x79\x20\x6f\x66\x66\x6c\x69\x6e\x65\x29", 
      _0x8a94b9_1.addEventListener("\x63\x6c\x69\x63\x6b", async () => {
        _0x8a94b9_1.disabled = !0;
        try {
          await _0x8a94b9_20("/gh/dubcatalt2-lab/nyx-jsdelivr-links@main/nyx-static/\x61\x70\x69\x2f\x6e\x79\x78\x63\x6c\x6f\x75\x64\x2f\x73\x65\x73\x73\x69\x6f\x6e", {
            method: "\x50\x4f\x53\x54"
          }), window.location.assign("/gh/dubcatalt2-lab/nyx-jsdelivr-links@main/nyx-static/\x61\x70\x70\x73\x2f\x6e\x79\x78\x63\x6c\x6f\x75\x64\x2f");
        } catch {
          _0x8a94b9_1.textContent = "\x4e\x79\x78\x43\x6c\x6f\x75\x64\x20\x75\x6e\x61\x76\x61\x69\x6c\x61\x62\x6c\x65";
        } finally {
          _0x8a94b9_1.disabled = !1;
        }
      }), _0x8a94b9_11.querySelector("\x2e\x6e\x79\x78\x2d\x6f\x77\x6e\x65\x72\x2d\x68\x65\x61\x64\x65\x72\x2d\x61\x63\x74\x69\x6f\x6e\x73").append(_0x8a94b9_1);
    }).catch(() => {});
    const _0x8a94b9_21 = _0x8a94b9_11.querySelector("\x5b\x64\x61\x74\x61\x2d\x6f\x77\x6e\x65\x72\x2d\x61\x69\x2d\x73\x74\x61\x74\x75\x73\x5d");
    function _0x8a94b9_22(_0x8a94b9_0, _0x8a94b9_1, _0x8a94b9_2) {
      const _0x8a94b9_3 = document.createElement("\x64\x65\x74\x61\x69\x6c\x73"), _0x8a94b9_4 = document.createElement("\x73\x75\x6d\x6d\x61\x72\x79"), _0x8a94b9_5 = document.createElement("\x64\x69\x76"), _0x8a94b9_6 = _0x8a94b9_0.querySelector("\x73\x74\x72\x6f\x6e\x67");
      for (_0x8a94b9_6 ? _0x8a94b9_4.append(_0x8a94b9_6) : _0x8a94b9_4.textContent = _0x8a94b9_2, 
      _0x8a94b9_5.className = "\x6e\x79\x78\x2d\x6f\x77\x6e\x65\x72\x2d\x73\x74\x61\x74\x75\x73\x2d\x62\x6f\x64\x79"; _0x8a94b9_0.firstChild; ) _0x8a94b9_5.append(_0x8a94b9_0.firstChild);
      _0x8a94b9_3.append(_0x8a94b9_4, _0x8a94b9_5);
      try {
        _0x8a94b9_3.open = "\x63\x6f\x6c\x6c\x61\x70\x73\x65\x64" !== localStorage.getItem("\x6e\x79\x78\x2e\x6f\x77\x6e\x65\x72\x2e\x73\x74\x61\x74\x75\x73\x2e" + _0x8a94b9_1);
      } catch {
        _0x8a94b9_3.open = !0;
      }
      _0x8a94b9_3.addEventListener("\x74\x6f\x67\x67\x6c\x65", () => {
        try {
          localStorage.setItem("\x6e\x79\x78\x2e\x6f\x77\x6e\x65\x72\x2e\x73\x74\x61\x74\x75\x73\x2e" + _0x8a94b9_1, _0x8a94b9_3.open ? "\x65\x78\x70\x61\x6e\x64\x65\x64" : "\x63\x6f\x6c\x6c\x61\x70\x73\x65\x64");
        } catch {}
      }), _0x8a94b9_0.replaceChildren(_0x8a94b9_3);
    }
    let _0x8a94b9_23 = !1;
    async function _0x8a94b9_24() {
      if (_0x8a94b9_11.isConnected && _0x8a94b9_10.access?.founder && !_0x8a94b9_23) {
        _0x8a94b9_23 = !0;
        try {
          const _0x8a94b9_1 = await _0x8a94b9_20("/gh/dubcatalt2-lab/nyx-jsdelivr-links@main/nyx-static/\x61\x70\x69\x2f\x6f\x77\x6e\x65\x72\x2d\x64\x61\x73\x68\x62\x6f\x61\x72\x64\x2f\x61\x69\x2d\x73\x74\x61\x74\x75\x73");
          if (!_0x8a94b9_11.isConnected || !_0x8a94b9_10.access?.founder) return;
          _0x8a94b9_21.hidden = !1;
          const _0x8a94b9_2 = _0x8a94b9_0 => Number(_0x8a94b9_0).toFixed(2), _0x8a94b9_3 = {
            ok: "\x4f\x70\x65\x6e\x52\x6f\x75\x74\x65\x72\x20\x62\x61\x6c\x61\x6e\x63\x65",
            low: "\x4c\x6f\x77\x20\x4f\x70\x65\x6e\x52\x6f\x75\x74\x65\x72\x20\x61\x6c\x6c\x6f\x77\x61\x6e\x63\x65",
            paused: "\x53\x68\x61\x72\x65\x64\x20\x41\x49\x20\x62\x61\x6c\x61\x6e\x63\x65\x20\x63\x75\x74\x6f\x66\x66\x20\x72\x65\x61\x63\x68\x65\x64",
            unknown: "\x4f\x70\x65\x6e\x52\x6f\x75\x74\x65\x72\x20\x62\x61\x6c\x61\x6e\x63\x65\x20\x63\x6f\x75\x6c\x64\x20\x6e\x6f\x74\x20\x62\x65\x20\x63\x68\x65\x63\x6b\x65\x64"
          }, _0x8a94b9_4 = "\x6c\x6f\x77" === _0x8a94b9_1.state || "\x70\x61\x75\x73\x65\x64" === _0x8a94b9_1.state;
          _0x8a94b9_21.dataset.aiState = _0x8a94b9_1.state, _0x8a94b9_21.style.borderColor = _0x8a94b9_4 ? "\x23\x64\x39\x61\x64\x35\x35" : "", 
          _0x8a94b9_21.innerHTML = `\x3c\x64\x69\x76\x3e\x3c\x73\x74\x72\x6f\x6e\x67\x3e${_0x8a94b9_0(_0x8a94b9_3[_0x8a94b9_1.state] || _0x8a94b9_3.unknown)}${"\x75\x6e\x6b\x6e\x6f\x77\x6e" !== _0x8a94b9_1.state ? `\x20\x3c\x73\x70\x61\x6e\x3e\x24${_0x8a94b9_2(_0x8a94b9_1.balanceUsd)}\x3c\x2f\x73\x70\x61\x6e\x3e` : ""}\x3c\x2f\x73\x74\x72\x6f\x6e\x67\x3e\x3c\x70\x3e${"\x75\x6e\x6b\x6e\x6f\x77\x6e" === _0x8a94b9_1.state ? "\x42\x61\x6c\x61\x6e\x63\x65\x20\x69\x73\x20\x75\x6e\x61\x76\x61\x69\x6c\x61\x62\x6c\x65\x2e\x20\x53\x68\x61\x72\x65\x64\x20\x41\x49\x20\x70\x61\x75\x73\x65\x73\x20\x69\x66\x20\x69\x74\x73\x20\x62\x61\x6c\x61\x6e\x63\x65\x20\x63\x68\x65\x63\x6b\x20\x66\x61\x69\x6c\x73\x2e" : `\x41\x63\x63\x6f\x75\x6e\x74\x20\x62\x61\x6c\x61\x6e\x63\x65\x3a\x20\x24${_0x8a94b9_2(_0x8a94b9_1.balanceUsd)}\x20\x26\x6d\x69\x64\x64\x6f\x74\x3b\x20\x4e\x79\x78\x20\x6b\x65\x79\x20\x61\x6c\x6c\x6f\x77\x61\x6e\x63\x65\x3a\x20${null === _0x8a94b9_1.keyRemainingUsd ? "\x4e\x6f\x20\x6b\x65\x79\x20\x6c\x69\x6d\x69\x74" : `\x24${_0x8a94b9_2(_0x8a94b9_1.keyRemainingUsd)}`}\x20\x26\x6d\x69\x64\x64\x6f\x74\x3b\x20\x44\x61\x69\x6c\x79\x20\x73\x69\x74\x65\x20\x63\x61\x70\x3a\x20\x24${_0x8a94b9_2(_0x8a94b9_1.dailyCapUsd)}`}\x3c\x2f\x70\x3e${_0x8a94b9_4 ? `\x3c\x70\x3e${"\x70\x61\x75\x73\x65\x64" === _0x8a94b9_1.state ? "\x54\x68\x65\x20\x61\x63\x63\x6f\x75\x6e\x74\x20\x62\x61\x6c\x61\x6e\x63\x65\x20\x6f\x72\x20\x6b\x65\x79\x20\x61\x6c\x6c\x6f\x77\x61\x6e\x63\x65\x20\x68\x61\x73\x20\x72\x65\x61\x63\x68\x65\x64\x20\x74\x68\x65\x20\x24\x30\x2e\x31\x30\x20\x63\x75\x74\x6f\x66\x66\x2e" : "\x54\x68\x65\x20\x61\x63\x63\x6f\x75\x6e\x74\x20\x62\x61\x6c\x61\x6e\x63\x65\x20\x6f\x72\x20\x4e\x79\x78\x20\x6b\x65\x79\x20\x61\x6c\x6c\x6f\x77\x61\x6e\x63\x65\x20\x69\x73\x20\x62\x65\x6c\x6f\x77\x20\x24\x30\x2e\x35\x30\x2e"}\x20\x41\x64\x64\x20\x63\x72\x65\x64\x69\x74\x73\x20\x6f\x72\x20\x72\x65\x76\x69\x65\x77\x20\x74\x68\x65\x20\x6b\x65\x79\x20\x6c\x69\x6d\x69\x74\x20\x69\x6e\x20\x4f\x70\x65\x6e\x52\x6f\x75\x74\x65\x72\x2e\x20\x44\x61\x69\x6c\x79\x20\x75\x73\x61\x67\x65\x20\x6c\x69\x6d\x69\x74\x73\x20\x73\x74\x69\x6c\x6c\x20\x61\x70\x70\x6c\x79\x2e\x3c\x2f\x70\x3e` : ""}\x3c\x73\x6d\x61\x6c\x6c\x3e\x43\x68\x65\x63\x6b\x65\x64\x20${_0x8a94b9_0(_0x8a94b9_b(_0x8a94b9_1.checkedAt))}\x3c\x2f\x73\x6d\x61\x6c\x6c\x3e\x3c\x70\x3e\x3c\x61\x20\x68\x72\x65\x66\x3d\x22\x2f\x61\x70\x69\x23\x6f\x77\x6e\x65\x72\x22\x20\x74\x61\x72\x67\x65\x74\x3d\x22\x5f\x62\x6c\x61\x6e\x6b\x22\x20\x72\x65\x6c\x3d\x22\x6e\x6f\x6f\x70\x65\x6e\x65\x72\x22\x3e\x4d\x61\x6e\x61\x67\x65\x20\x41\x49\x20\x41\x50\x49\x20\x6b\x65\x79\x73\x20\x61\x6e\x64\x20\x74\x6f\x6b\x65\x6e\x20\x62\x61\x6c\x61\x6e\x63\x65\x73\x3c\x2f\x61\x3e\x3c\x2f\x70\x3e\x3c\x2f\x64\x69\x76\x3e`;
        } catch {
          _0x8a94b9_11.isConnected && _0x8a94b9_10.access?.founder && (_0x8a94b9_21.hidden = !1, 
          _0x8a94b9_21.dataset.aiState = "\x75\x6e\x6b\x6e\x6f\x77\x6e", _0x8a94b9_21.textContent = "\x4f\x70\x65\x6e\x52\x6f\x75\x74\x65\x72\x20\x62\x61\x6c\x61\x6e\x63\x65\x20\x63\x6f\x75\x6c\x64\x20\x6e\x6f\x74\x20\x62\x65\x20\x63\x68\x65\x63\x6b\x65\x64\x2e\x20\x52\x65\x66\x72\x65\x73\x68\x20\x74\x6f\x20\x74\x72\x79\x20\x61\x67\x61\x69\x6e\x2e");
        } finally {
          _0x8a94b9_21.hidden || _0x8a94b9_22(_0x8a94b9_21, "\x61\x69", "\x4f\x70\x65\x6e\x52\x6f\x75\x74\x65\x72\x20\x62\x61\x6c\x61\x6e\x63\x65"), _0x8a94b9_23 = !1;
        }
      }
    }
    const _0x8a94b9_25 = setInterval(() => {
      document.hidden || _0x8a94b9_24();
    }, 6e4);
    let _0x8a94b9_26 = !1, _0x8a94b9_27 = null;
    const _0x8a94b9_28 = _0x8a94b9_11.querySelector("\x5b\x64\x61\x74\x61\x2d\x6f\x77\x6e\x65\x72\x2d\x74\x75\x62\x65\x2d\x73\x74\x61\x74\x75\x73\x5d");
    function _0x8a94b9_29(_0x8a94b9_1) {
      _0x8a94b9_27 = _0x8a94b9_1;
      const _0x8a94b9_2 = _0x8a94b9_1.enabled ? {
        working: "\x57\x6f\x72\x6b\x69\x6e\x67",
        login_required: "\x4c\x6f\x67\x69\x6e\x20\x6e\x65\x65\x64\x73\x20\x72\x65\x66\x72\x65\x73\x68\x69\x6e\x67",
        trouble: "\x53\x65\x72\x76\x69\x63\x65\x20\x74\x72\x6f\x75\x62\x6c\x65",
        setup_required: "\x53\x65\x74\x75\x70\x20\x72\x65\x71\x75\x69\x72\x65\x64",
        unchecked: "\x4e\x6f\x74\x20\x63\x68\x65\x63\x6b\x65\x64\x20\x79\x65\x74"
      }[_0x8a94b9_1.state] || "\x53\x65\x72\x76\x69\x63\x65\x20\x74\x72\x6f\x75\x62\x6c\x65" : "\x4e\x6f\x74\x20\x65\x6e\x61\x62\x6c\x65\x64", _0x8a94b9_3 = _0x8a94b9_1.enabled ? "\x6c\x6f\x67\x69\x6e\x5f\x72\x65\x71\x75\x69\x72\x65\x64" === _0x8a94b9_1.state ? "\x45\x78\x70\x6f\x72\x74\x20\x66\x72\x65\x73\x68\x20\x63\x6f\x6f\x6b\x69\x65\x73\x20\x66\x72\x6f\x6d\x20\x74\x68\x65\x20\x64\x65\x64\x69\x63\x61\x74\x65\x64\x20\x59\x6f\x75\x54\x75\x62\x65\x20\x61\x63\x63\x6f\x75\x6e\x74\x2c\x20\x72\x65\x70\x6c\x61\x63\x65\x20\x74\x68\x65\x20\x70\x72\x69\x76\x61\x74\x65\x20\x73\x65\x72\x76\x65\x72\x20\x6c\x6f\x67\x69\x6e\x20\x66\x69\x6c\x65\x2c\x20\x74\x68\x65\x6e\x20\x63\x68\x65\x63\x6b\x20\x61\x67\x61\x69\x6e\x2e" : "\x74\x72\x6f\x75\x62\x6c\x65" === _0x8a94b9_1.state ? "\x41\x20\x72\x65\x63\x65\x6e\x74\x20\x72\x65\x71\x75\x65\x73\x74\x20\x66\x61\x69\x6c\x65\x64\x2e\x20\x54\x68\x69\x73\x20\x64\x6f\x65\x73\x20\x6e\x6f\x74\x20\x6e\x65\x63\x65\x73\x73\x61\x72\x69\x6c\x79\x20\x6d\x65\x61\x6e\x20\x74\x68\x65\x20\x6c\x6f\x67\x69\x6e\x20\x65\x78\x70\x69\x72\x65\x64\x2e" : "\x73\x65\x74\x75\x70\x5f\x72\x65\x71\x75\x69\x72\x65\x64" === _0x8a94b9_1.state ? "\x43\x68\x65\x63\x6b\x20\x74\x68\x65\x20\x70\x72\x69\x76\x61\x74\x65\x20\x6c\x6f\x67\x69\x6e\x20\x66\x69\x6c\x65\x20\x61\x6e\x64\x20\x72\x65\x71\x75\x69\x72\x65\x64\x20\x76\x69\x64\x65\x6f\x20\x74\x6f\x6f\x6c\x73\x20\x6f\x6e\x20\x74\x68\x65\x20\x73\x65\x72\x76\x65\x72\x2e" : "\x53\x74\x61\x74\x75\x73\x20\x63\x6f\x6d\x65\x73\x20\x66\x72\x6f\x6d\x20\x72\x65\x61\x6c\x20\x73\x74\x72\x65\x61\x6d\x20\x63\x68\x65\x63\x6b\x73\x20\x61\x6e\x64\x20\x76\x69\x64\x65\x6f\x20\x70\x72\x65\x70\x61\x72\x61\x74\x69\x6f\x6e\x73\x2e\x20\x41\x20\x73\x69\x6e\x67\x6c\x65\x20\x75\x6e\x61\x76\x61\x69\x6c\x61\x62\x6c\x65\x20\x76\x69\x64\x65\x6f\x20\x64\x6f\x65\x73\x20\x6e\x6f\x74\x20\x6d\x61\x72\x6b\x20\x74\x68\x65\x20\x6c\x6f\x67\x69\x6e\x20\x65\x78\x70\x69\x72\x65\x64\x2e" : "\x4e\x61\x74\x69\x76\x65\x20\x70\x6c\x61\x79\x62\x61\x63\x6b\x20\x69\x73\x20\x77\x61\x69\x74\x69\x6e\x67\x20\x66\x6f\x72\x20\x73\x65\x72\x76\x65\x72\x20\x73\x65\x74\x75\x70\x2e\x20\x59\x6f\x75\x54\x75\x62\x65\x20\x70\x6c\x61\x79\x62\x61\x63\x6b\x20\x72\x65\x6d\x61\x69\x6e\x73\x20\x61\x76\x61\x69\x6c\x61\x62\x6c\x65\x2e";
      _0x8a94b9_28.innerHTML = `\x3c\x64\x69\x76\x3e\x3c\x73\x74\x72\x6f\x6e\x67\x3e\x4e\x79\x78\x54\x75\x62\x65\x20\x3c\x73\x70\x61\x6e\x20\x64\x61\x74\x61\x2d\x6f\x77\x6e\x65\x72\x2d\x74\x75\x62\x65\x2d\x73\x74\x61\x74\x65\x3d\x22${_0x8a94b9_0(_0x8a94b9_1.state)}\x22\x3e${_0x8a94b9_0(_0x8a94b9_2)}\x3c\x2f\x73\x70\x61\x6e\x3e\x3c\x2f\x73\x74\x72\x6f\x6e\x67\x3e\x3c\x70\x3e${_0x8a94b9_0(_0x8a94b9_3)}\x3c\x2f\x70\x3e\x3c\x73\x6d\x61\x6c\x6c\x3e\x4c\x61\x73\x74\x20\x73\x75\x63\x63\x65\x73\x73\x3a\x20${_0x8a94b9_0(_0x8a94b9_b(_0x8a94b9_1.lastSuccess))}\x20\x26\x6d\x69\x64\x64\x6f\x74\x3b\x20\x4c\x61\x73\x74\x20\x63\x68\x65\x63\x6b\x3a\x20${_0x8a94b9_0(_0x8a94b9_b(_0x8a94b9_1.lastChecked))}\x3c\x2f\x73\x6d\x61\x6c\x6c\x3e\x3c\x73\x6d\x61\x6c\x6c\x3e\x43\x61\x63\x68\x65\x3a\x20${(Number(_0x8a94b9_1.cacheBytes || 0) / 1073741824).toFixed(2)}\x20\x2f\x20${(Number(_0x8a94b9_1.cacheLimitBytes || 0) / 1073741824).toFixed(0)}\x20\x47\x42\x20\x26\x6d\x69\x64\x64\x6f\x74\x3b\x20\x50\x72\x65\x70\x61\x72\x69\x6e\x67\x3a\x20${Number(_0x8a94b9_1.activeJobs || 0)}\x20\x2f\x20${Number(_0x8a94b9_1.maxJobs || 1)}\x20\x26\x6d\x69\x64\x64\x6f\x74\x3b\x20\x55\x70\x20\x74\x6f\x20\x37\x32\x30\x70\x3c\x2f\x73\x6d\x61\x6c\x6c\x3e\x3c\x2f\x64\x69\x76\x3e\x3c\x62\x75\x74\x74\x6f\x6e\x20\x74\x79\x70\x65\x3d\x22\x62\x75\x74\x74\x6f\x6e\x22\x20\x64\x61\x74\x61\x2d\x6f\x77\x6e\x65\x72\x2d\x74\x75\x62\x65\x2d\x63\x68\x65\x63\x6b\x20${!_0x8a94b9_1.enabled || _0x8a94b9_26 ? "\x64\x69\x73\x61\x62\x6c\x65\x64" : ""}\x3e${_0x8a94b9_26 ? "\x43\x68\x65\x63\x6b\x69\x6e\x67\x2e\x2e\x2e" : "\x43\x68\x65\x63\x6b\x20\x6e\x6f\x77"}\x3c\x2f\x62\x75\x74\x74\x6f\x6e\x3e`, 
      _0x8a94b9_22(_0x8a94b9_28, "\x74\x75\x62\x65", "\x4e\x79\x78\x54\x75\x62\x65");
    }
    async function _0x8a94b9_2a(_0x8a94b9_0 = !1) {
      if (_0x8a94b9_11.isConnected && _0x8a94b9_10.access?.founder && !_0x8a94b9_26) {
        _0x8a94b9_28.hidden = !1, _0x8a94b9_0 && (_0x8a94b9_26 = !0, _0x8a94b9_27 && _0x8a94b9_29(_0x8a94b9_27));
        try {
          const _0x8a94b9_1 = await _0x8a94b9_20("/gh/dubcatalt2-lab/nyx-jsdelivr-links@main/nyx-static/\x61\x70\x69\x2f\x6f\x77\x6e\x65\x72\x2d\x64\x61\x73\x68\x62\x6f\x61\x72\x64\x2f\x6e\x79\x78\x74\x75\x62\x65" + (_0x8a94b9_0 ? "\x2f\x63\x68\x65\x63\x6b" : ""), {
            method: _0x8a94b9_0 ? "\x50\x4f\x53\x54" : "\x47\x45\x54"
          });
          if (!_0x8a94b9_11.isConnected || !_0x8a94b9_10.access?.founder) return;
          _0x8a94b9_26 = !1, _0x8a94b9_29(_0x8a94b9_1);
        } catch (_0x8a94b9_1) {
          _0x8a94b9_0 ? _0x8a94b9_1f(_0x8a94b9_1.message || "\x54\x68\x65\x20\x76\x69\x64\x65\x6f\x20\x63\x68\x65\x63\x6b\x20\x66\x61\x69\x6c\x65\x64\x2e", "\x65\x72\x72\x6f\x72") : (_0x8a94b9_28.innerHTML = "\x3c\x70\x3e\x4e\x79\x78\x54\x75\x62\x65\x20\x73\x74\x61\x74\x75\x73\x20\x63\x6f\x75\x6c\x64\x20\x6e\x6f\x74\x20\x62\x65\x20\x6c\x6f\x61\x64\x65\x64\x2e\x20\x52\x65\x66\x72\x65\x73\x68\x20\x74\x68\x65\x20\x64\x61\x73\x68\x62\x6f\x61\x72\x64\x20\x74\x6f\x20\x72\x65\x74\x72\x79\x2e\x3c\x2f\x70\x3e", 
          _0x8a94b9_22(_0x8a94b9_28, "\x74\x75\x62\x65", "\x4e\x79\x78\x54\x75\x62\x65"));
        } finally {
          _0x8a94b9_26 = !1;
          const _0x8a94b9_0 = _0x8a94b9_28.querySelector("\x5b\x64\x61\x74\x61\x2d\x6f\x77\x6e\x65\x72\x2d\x74\x75\x62\x65\x2d\x63\x68\x65\x63\x6b\x5d");
          _0x8a94b9_0 && (_0x8a94b9_0.disabled = !_0x8a94b9_27?.enabled, _0x8a94b9_0.textContent = "\x43\x68\x65\x63\x6b\x20\x6e\x6f\x77");
        }
      }
    }
    const _0x8a94b9_2b = setInterval(() => {
      document.hidden || _0x8a94b9_2a();
    }, 6e4);
    async function _0x8a94b9_2c(_0x8a94b9_0, _0x8a94b9_1, _0x8a94b9_2, _0x8a94b9_3 = () => {}) {
      const _0x8a94b9_4 = String(_0x8a94b9_2 || "").match(/^data:(image\/(?:gif|png|jpeg|webp));base64,([a-z0-9+/=]+)$/i);
      if (!_0x8a94b9_4) throw new Error(`\x54\x68\x65\x20\x73\x65\x6c\x65\x63\x74\x65\x64\x20${_0x8a94b9_1}\x20\x63\x6f\x75\x6c\x64\x20\x6e\x6f\x74\x20\x62\x65\x20\x70\x72\x65\x70\x61\x72\x65\x64\x2e`);
      if (_0x8a94b9_2.length > _0x8a94b9_e) throw new Error("\x43\x68\x6f\x6f\x73\x65\x20\x61\x6e\x20\x69\x6d\x61\x67\x65\x20\x73\x6d\x61\x6c\x6c\x65\x72\x20\x74\x68\x61\x6e\x20\x38\x20\x4d\x42\x2e");
      const _0x8a94b9_5 = _0x8a94b9_4[2], _0x8a94b9_6 = [];
      for (let _0x8a94b9_a = 0; _0x8a94b9_a < _0x8a94b9_5.length; _0x8a94b9_a += 42e4) _0x8a94b9_6.push(_0x8a94b9_5.slice(_0x8a94b9_a, _0x8a94b9_a + 42e4));
      if (!_0x8a94b9_6.length || _0x8a94b9_6.length > 32) throw new Error("\x54\x68\x61\x74\x20\x69\x6d\x61\x67\x65\x20\x69\x73\x20\x74\x6f\x6f\x20\x6c\x61\x72\x67\x65\x20\x74\x6f\x20\x75\x70\x6c\x6f\x61\x64\x2e");
      const _0x8a94b9_7 = (globalThis.crypto?.randomUUID?.() || `${Date.now()}\x2d${Math.random().toString(36).slice(2)}`).replace(/[^a-z0-9_-]/gi, ""), _0x8a94b9_8 = `/gh/dubcatalt2-lab/nyx-jsdelivr-links@main/nyx-static/\x61\x70\x69\x2f\x6f\x77\x6e\x65\x72\x2d\x64\x61\x73\x68\x62\x6f\x61\x72\x64\x2f\x75\x73\x65\x72\x73\x2f${encodeURIComponent(_0x8a94b9_0)}\x2f\x70\x72\x6f\x66\x69\x6c\x65\x2d\x6d\x65\x64\x69\x61\x2f${_0x8a94b9_1}\x2f${_0x8a94b9_7}`;
      for (let _0x8a94b9_a = 0; _0x8a94b9_a < _0x8a94b9_6.length; _0x8a94b9_a += 1) _0x8a94b9_3(Math.round(_0x8a94b9_a / _0x8a94b9_6.length * 90)), 
      await _0x8a94b9_20(`${_0x8a94b9_8}\x2f${_0x8a94b9_a}`, {
        method: "\x50\x55\x54",
        body: JSON.stringify({
          mime: _0x8a94b9_4[1].toLowerCase(),
          totalChunks: _0x8a94b9_6.length,
          chunk: _0x8a94b9_6[_0x8a94b9_a]
        })
      });
      const _0x8a94b9_9 = await _0x8a94b9_20(`${_0x8a94b9_8}\x2f\x63\x6f\x6d\x70\x6c\x65\x74\x65`, {
        method: "\x50\x4f\x53\x54",
        body: "\x7b\x7d"
      });
      if (!_0x8a94b9_9.url) throw new Error(`\x54\x68\x65\x20${_0x8a94b9_1}\x20\x69\x6d\x61\x67\x65\x20\x63\x6f\x75\x6c\x64\x20\x6e\x6f\x74\x20\x62\x65\x20\x63\x6f\x6d\x70\x6c\x65\x74\x65\x64\x2e`);
      return _0x8a94b9_3(100), _0x8a94b9_9.url;
    }
    function _0x8a94b9_2d() {
      _0x8a94b9_15.innerHTML = Array.from({
        length: 6
      }, () => "\x3c\x61\x72\x74\x69\x63\x6c\x65\x20\x63\x6c\x61\x73\x73\x3d\x22\x6e\x79\x78\x2d\x6f\x77\x6e\x65\x72\x2d\x6d\x65\x74\x72\x69\x63\x20\x6c\x6f\x61\x64\x69\x6e\x67\x22\x3e\x3c\x69\x3e\x3c\x2f\x69\x3e\x3c\x64\x69\x76\x3e\x3c\x73\x70\x61\x6e\x3e\x3c\x2f\x73\x70\x61\x6e\x3e\x3c\x73\x74\x72\x6f\x6e\x67\x3e\x3c\x2f\x73\x74\x72\x6f\x6e\x67\x3e\x3c\x2f\x64\x69\x76\x3e\x3c\x2f\x61\x72\x74\x69\x63\x6c\x65\x3e").join(""), 
      _0x8a94b9_17.innerHTML = "\x3c\x64\x69\x76\x20\x63\x6c\x61\x73\x73\x3d\x22\x6e\x79\x78\x2d\x6f\x77\x6e\x65\x72\x2d\x74\x61\x62\x6c\x65\x2d\x6c\x6f\x61\x64\x69\x6e\x67\x22\x3e\x3c\x69\x3e\x3c\x2f\x69\x3e\x3c\x69\x3e\x3c\x2f\x69\x3e\x3c\x69\x3e\x3c\x2f\x69\x3e\x3c\x69\x3e\x3c\x2f\x69\x3e\x3c\x69\x3e\x3c\x2f\x69\x3e\x3c\x2f\x64\x69\x76\x3e", 
      _0x8a94b9_19.innerHTML = "\x3c\x64\x69\x76\x20\x63\x6c\x61\x73\x73\x3d\x22\x6e\x79\x78\x2d\x6f\x77\x6e\x65\x72\x2d\x61\x63\x74\x69\x76\x69\x74\x79\x2d\x6c\x6f\x61\x64\x69\x6e\x67\x22\x3e\x3c\x69\x3e\x3c\x2f\x69\x3e\x3c\x69\x3e\x3c\x2f\x69\x3e\x3c\x69\x3e\x3c\x2f\x69\x3e\x3c\x69\x3e\x3c\x2f\x69\x3e\x3c\x2f\x64\x69\x76\x3e";
    }
    function _0x8a94b9_2e(_0x8a94b9_0, _0x8a94b9_1) {
      const _0x8a94b9_2 = _0x8a94b9_10.sort === _0x8a94b9_0;
      return `\x3c\x62\x75\x74\x74\x6f\x6e\x20\x74\x79\x70\x65\x3d\x22\x62\x75\x74\x74\x6f\x6e\x22\x20\x64\x61\x74\x61\x2d\x6f\x77\x6e\x65\x72\x2d\x73\x6f\x72\x74\x3d\x22${_0x8a94b9_0}\x22\x20\x63\x6c\x61\x73\x73\x3d\x22${_0x8a94b9_2 ? "\x61\x63\x74\x69\x76\x65" : ""}\x22\x3e${_0x8a94b9_1}${_0x8a94b9_2 ? `\x3c\x73\x70\x61\x6e\x20\x61\x72\x69\x61\x2d\x6c\x61\x62\x65\x6c\x3d\x22${"\x61\x73\x63" === _0x8a94b9_10.direction ? "\x61\x73\x63\x65\x6e\x64\x69\x6e\x67" : "\x64\x65\x73\x63\x65\x6e\x64\x69\x6e\x67"}\x22\x3e${"\x61\x73\x63" === _0x8a94b9_10.direction ? "\u2191" : "\u2193"}\x3c\x2f\x73\x70\x61\x6e\x3e` : ""}\x3c\x2f\x62\x75\x74\x74\x6f\x6e\x3e`;
    }
    function _0x8a94b9_2f() {
      const _0x8a94b9_1 = _0x8a94b9_10.ipBans || [], _0x8a94b9_2 = _0x8a94b9_10.ipBanClientIp ? `\x20\x59\x6f\x75\x72\x20\x63\x75\x72\x72\x65\x6e\x74\x20\x49\x50\x20\x69\x73\x20${_0x8a94b9_10.ipBanClientIp}\x3b\x20\x4e\x79\x78\x20\x77\x69\x6c\x6c\x20\x6e\x6f\x74\x20\x6c\x65\x74\x20\x79\x6f\x75\x20\x62\x6c\x6f\x63\x6b\x20\x69\x74\x20\x66\x72\x6f\x6d\x20\x74\x68\x69\x73\x20\x73\x65\x73\x73\x69\x6f\x6e\x2e` : "";
      _0x8a94b9_1a.innerHTML = `\x3c\x68\x65\x61\x64\x65\x72\x3e\x3c\x64\x69\x76\x3e\x3c\x73\x70\x61\x6e\x3e${_0x8a94b9_16("\x73\x68\x69\x65\x6c\x64")}\x3c\x2f\x73\x70\x61\x6e\x3e\x3c\x68\x32\x3e\x4e\x65\x74\x77\x6f\x72\x6b\x20\x61\x63\x63\x65\x73\x73\x3c\x2f\x68\x32\x3e\x3c\x70\x3e\x49\x50\x20\x62\x61\x6e\x73\x20\x61\x70\x70\x6c\x79\x20\x74\x6f\x20\x4e\x79\x78\x20\x73\x65\x72\x76\x65\x72\x20\x61\x6e\x64\x20\x66\x75\x6e\x63\x74\x69\x6f\x6e\x20\x72\x65\x71\x75\x65\x73\x74\x73\x2e\x3c\x2f\x70\x3e\x3c\x2f\x64\x69\x76\x3e\x3c\x62\x75\x74\x74\x6f\x6e\x20\x74\x79\x70\x65\x3d\x22\x62\x75\x74\x74\x6f\x6e\x22\x20\x64\x61\x74\x61\x2d\x6f\x77\x6e\x65\x72\x2d\x64\x72\x61\x77\x65\x72\x2d\x63\x6c\x6f\x73\x65\x20\x61\x72\x69\x61\x2d\x6c\x61\x62\x65\x6c\x3d\x22\x43\x6c\x6f\x73\x65\x20\x49\x50\x20\x62\x61\x6e\x73\x22\x3e${_0x8a94b9_16("\x63\x6c\x6f\x73\x65")}\x3c\x2f\x62\x75\x74\x74\x6f\x6e\x3e\x3c\x2f\x68\x65\x61\x64\x65\x72\x3e\x0a\x20\x20\x20\x20\x20\x20\x20\x20\x3c\x64\x69\x76\x20\x63\x6c\x61\x73\x73\x3d\x22\x6e\x79\x78\x2d\x6f\x77\x6e\x65\x72\x2d\x64\x72\x61\x77\x65\x72\x2d\x73\x63\x72\x6f\x6c\x6c\x20\x6e\x79\x78\x2d\x6f\x77\x6e\x65\x72\x2d\x69\x70\x2d\x62\x61\x6e\x2d\x64\x72\x61\x77\x65\x72\x22\x3e\x0a\x20\x20\x20\x20\x20\x20\x20\x20\x20\x20\x3c\x73\x65\x63\x74\x69\x6f\x6e\x20\x63\x6c\x61\x73\x73\x3d\x22\x6e\x79\x78\x2d\x6f\x77\x6e\x65\x72\x2d\x64\x65\x74\x61\x69\x6c\x2d\x73\x65\x63\x74\x69\x6f\x6e\x22\x3e\x3c\x68\x33\x3e\x42\x6c\x6f\x63\x6b\x20\x61\x6e\x20\x49\x50\x20\x61\x64\x64\x72\x65\x73\x73\x3c\x2f\x68\x33\x3e\x3c\x70\x20\x63\x6c\x61\x73\x73\x3d\x22\x6e\x79\x78\x2d\x6f\x77\x6e\x65\x72\x2d\x61\x63\x74\x69\x6f\x6e\x2d\x6e\x6f\x74\x65\x22\x3e\x55\x73\x65\x20\x61\x20\x66\x75\x6c\x6c\x20\x49\x50\x76\x34\x20\x6f\x72\x20\x49\x50\x76\x36\x20\x61\x64\x64\x72\x65\x73\x73\x2e\x20\x54\x68\x69\x73\x20\x64\x6f\x65\x73\x20\x6e\x6f\x74\x20\x63\x6f\x6e\x66\x69\x67\x75\x72\x65\x20\x43\x6c\x6f\x75\x64\x66\x6c\x61\x72\x65\x27\x73\x20\x65\x64\x67\x65\x20\x66\x69\x72\x65\x77\x61\x6c\x6c\x2e${_0x8a94b9_0(_0x8a94b9_2)}\x3c\x2f\x70\x3e\x3c\x66\x6f\x72\x6d\x20\x63\x6c\x61\x73\x73\x3d\x22\x6e\x79\x78\x2d\x6f\x77\x6e\x65\x72\x2d\x69\x70\x2d\x62\x61\x6e\x2d\x66\x6f\x72\x6d\x22\x20\x64\x61\x74\x61\x2d\x6f\x77\x6e\x65\x72\x2d\x69\x70\x2d\x62\x61\x6e\x2d\x66\x6f\x72\x6d\x3e\x3c\x6c\x61\x62\x65\x6c\x3e\x49\x50\x20\x61\x64\x64\x72\x65\x73\x73\x3c\x69\x6e\x70\x75\x74\x20\x6e\x61\x6d\x65\x3d\x22\x69\x70\x22\x20\x69\x6e\x70\x75\x74\x6d\x6f\x64\x65\x3d\x22\x74\x65\x78\x74\x22\x20\x61\x75\x74\x6f\x63\x6f\x6d\x70\x6c\x65\x74\x65\x3d\x22\x6f\x66\x66\x22\x20\x6d\x61\x78\x6c\x65\x6e\x67\x74\x68\x3d\x22\x34\x35\x22\x20\x72\x65\x71\x75\x69\x72\x65\x64\x20\x70\x6c\x61\x63\x65\x68\x6f\x6c\x64\x65\x72\x3d\x22\x32\x30\x33\x2e\x30\x2e\x31\x31\x33\x2e\x31\x30\x20\x6f\x72\x20\x32\x30\x30\x31\x3a\x64\x62\x38\x3a\x3a\x31\x30\x22\x3e\x3c\x2f\x6c\x61\x62\x65\x6c\x3e\x3c\x6c\x61\x62\x65\x6c\x3e\x52\x65\x61\x73\x6f\x6e\x20\x3c\x69\x6e\x70\x75\x74\x20\x6e\x61\x6d\x65\x3d\x22\x72\x65\x61\x73\x6f\x6e\x22\x20\x6d\x61\x78\x6c\x65\x6e\x67\x74\x68\x3d\x22\x31\x36\x30\x22\x20\x61\x75\x74\x6f\x63\x6f\x6d\x70\x6c\x65\x74\x65\x3d\x22\x6f\x66\x66\x22\x20\x70\x6c\x61\x63\x65\x68\x6f\x6c\x64\x65\x72\x3d\x22\x4f\x70\x74\x69\x6f\x6e\x61\x6c\x20\x69\x6e\x74\x65\x72\x6e\x61\x6c\x20\x6e\x6f\x74\x65\x22\x3e\x3c\x2f\x6c\x61\x62\x65\x6c\x3e\x3c\x64\x69\x76\x20\x63\x6c\x61\x73\x73\x3d\x22\x6e\x79\x78\x2d\x6f\x77\x6e\x65\x72\x2d\x64\x65\x74\x61\x69\x6c\x2d\x61\x63\x74\x69\x6f\x6e\x73\x22\x3e\x3c\x62\x75\x74\x74\x6f\x6e\x20\x74\x79\x70\x65\x3d\x22\x73\x75\x62\x6d\x69\x74\x22\x3e${_0x8a94b9_16("\x73\x68\x69\x65\x6c\x64")}\x42\x6c\x6f\x63\x6b\x20\x49\x50\x3c\x2f\x62\x75\x74\x74\x6f\x6e\x3e\x3c\x2f\x64\x69\x76\x3e\x3c\x2f\x66\x6f\x72\x6d\x3e\x3c\x2f\x73\x65\x63\x74\x69\x6f\x6e\x3e\x0a\x20\x20\x20\x20\x20\x20\x20\x20\x20\x20\x3c\x73\x65\x63\x74\x69\x6f\x6e\x20\x63\x6c\x61\x73\x73\x3d\x22\x6e\x79\x78\x2d\x6f\x77\x6e\x65\x72\x2d\x64\x65\x74\x61\x69\x6c\x2d\x73\x65\x63\x74\x69\x6f\x6e\x22\x3e\x3c\x68\x33\x3e\x42\x6c\x6f\x63\x6b\x65\x64\x20\x49\x50\x20\x61\x64\x64\x72\x65\x73\x73\x65\x73\x3c\x2f\x68\x33\x3e${_0x8a94b9_1.length ? `\x3c\x64\x69\x76\x20\x63\x6c\x61\x73\x73\x3d\x22\x6e\x79\x78\x2d\x6f\x77\x6e\x65\x72\x2d\x69\x70\x2d\x62\x61\x6e\x2d\x6c\x69\x73\x74\x22\x3e${_0x8a94b9_1.map(_0x8a94b9_1 => `\x3c\x61\x72\x74\x69\x63\x6c\x65\x3e\x3c\x64\x69\x76\x3e\x3c\x73\x74\x72\x6f\x6e\x67\x3e${_0x8a94b9_0(_0x8a94b9_1.ip)}\x3c\x2f\x73\x74\x72\x6f\x6e\x67\x3e\x3c\x73\x70\x61\x6e\x3e${_0x8a94b9_0(_0x8a94b9_1.reason || "\x4e\x6f\x20\x72\x65\x61\x73\x6f\x6e\x20\x72\x65\x63\x6f\x72\x64\x65\x64")}\x3c\x2f\x73\x70\x61\x6e\x3e\x3c\x73\x6d\x61\x6c\x6c\x3e\x42\x6c\x6f\x63\x6b\x65\x64\x20${_0x8a94b9_0(_0x8a94b9_c(_0x8a94b9_1.createdAt))}${_0x8a94b9_1.createdBy ? `\x20\x62\x79\x20${_0x8a94b9_0(_0x8a94b9_1.createdBy)}` : ""}\x3c\x2f\x73\x6d\x61\x6c\x6c\x3e\x3c\x2f\x64\x69\x76\x3e\x3c\x62\x75\x74\x74\x6f\x6e\x20\x63\x6c\x61\x73\x73\x3d\x22\x64\x61\x6e\x67\x65\x72\x22\x20\x74\x79\x70\x65\x3d\x22\x62\x75\x74\x74\x6f\x6e\x22\x20\x64\x61\x74\x61\x2d\x6f\x77\x6e\x65\x72\x2d\x75\x6e\x62\x61\x6e\x3d\x22${_0x8a94b9_0(_0x8a94b9_1.id)}\x22\x3e${_0x8a94b9_16("\x72\x65\x66\x72\x65\x73\x68")}\x55\x6e\x62\x6c\x6f\x63\x6b\x3c\x2f\x62\x75\x74\x74\x6f\x6e\x3e\x3c\x2f\x61\x72\x74\x69\x63\x6c\x65\x3e`).join("")}\x3c\x2f\x64\x69\x76\x3e` : "\x3c\x70\x20\x63\x6c\x61\x73\x73\x3d\x22\x6e\x79\x78\x2d\x6f\x77\x6e\x65\x72\x2d\x61\x63\x74\x69\x6f\x6e\x2d\x6e\x6f\x74\x65\x22\x3e\x4e\x6f\x20\x49\x50\x20\x61\x64\x64\x72\x65\x73\x73\x65\x73\x20\x61\x72\x65\x20\x62\x6c\x6f\x63\x6b\x65\x64\x2e\x3c\x2f\x70\x3e"}\x3c\x2f\x73\x65\x63\x74\x69\x6f\x6e\x3e\x0a\x20\x20\x20\x20\x20\x20\x20\x20\x3c\x2f\x64\x69\x76\x3e`;
    }
    async function _0x8a94b9_30({preserveLoading: _0x8a94b9_1 = !1} = {}) {
      _0x8a94b9_10.controller?.abort(), _0x8a94b9_10.controller = new AbortController, 
      _0x8a94b9_10.loading = !0, _0x8a94b9_1 || _0x8a94b9_2d();
      const _0x8a94b9_2 = new URLSearchParams({
        page: _0x8a94b9_10.page,
        pageSize: _0x8a94b9_10.pageSize,
        search: _0x8a94b9_10.search,
        role: _0x8a94b9_10.role,
        subscription: _0x8a94b9_10.subscription,
        status: _0x8a94b9_10.status,
        segment: _0x8a94b9_10.segment,
        sort: _0x8a94b9_10.sort,
        direction: _0x8a94b9_10.direction
      });
      try {
        const _0x8a94b9_1 = await _0x8a94b9_20(`/gh/dubcatalt2-lab/nyx-jsdelivr-links@main/nyx-static/\x61\x70\x69\x2f\x6f\x77\x6e\x65\x72\x2d\x64\x61\x73\x68\x62\x6f\x61\x72\x64\x3f${_0x8a94b9_2}`, {
          signal: _0x8a94b9_10.controller.signal
        });
        _0x8a94b9_10.data = _0x8a94b9_1, _0x8a94b9_f?.(_0x8a94b9_1.metrics?.onlineUsers), 
        _0x8a94b9_10.access = _0x8a94b9_1.access || _0x8a94b9_10.access, _0x8a94b9_1c.enable(Boolean(_0x8a94b9_10.access?.founder)), 
        _0x8a94b9_11.querySelector("\x5b\x64\x61\x74\x61\x2d\x6f\x77\x6e\x65\x72\x2d\x73\x65\x63\x74\x69\x6f\x6e\x3d\x22\x73\x65\x72\x76\x69\x63\x65\x73\x22\x5d").hidden = !_0x8a94b9_10.access?.founder, 
        _0x8a94b9_11.querySelector("\x5b\x64\x61\x74\x61\x2d\x6f\x77\x6e\x65\x72\x2d\x67\x61\x6d\x65\x2d\x72\x65\x70\x6f\x72\x74\x73\x5d").hidden = !_0x8a94b9_10.access?.founder, 
        _0x8a94b9_10.access?.founder || "\x73\x65\x72\x76\x69\x63\x65\x73" !== _0x8a94b9_1d || _0x8a94b9_1e("\x6f\x76\x65\x72\x76\x69\x65\x77"), 
        _0x8a94b9_28.hidden = !_0x8a94b9_10.access?.founder, _0x8a94b9_28.hidden || _0x8a94b9_2a(), 
        _0x8a94b9_21.hidden = !_0x8a94b9_10.access?.founder, _0x8a94b9_21.hidden || (_0x8a94b9_24(), 
        async function() {
          const _0x8a94b9_1 = _0x8a94b9_11.querySelector("\x5b\x64\x61\x74\x61\x2d\x6f\x77\x6e\x65\x72\x2d\x67\x61\x6d\x65\x2d\x72\x65\x70\x6f\x72\x74\x73\x5d");
          if (_0x8a94b9_11.isConnected && _0x8a94b9_10.access?.founder) {
            _0x8a94b9_1.hidden = !1;
            try {
              const _0x8a94b9_2 = await _0x8a94b9_20("/gh/dubcatalt2-lab/nyx-jsdelivr-links@main/nyx-static/\x61\x70\x69\x2f\x6f\x77\x6e\x65\x72\x2d\x64\x61\x73\x68\x62\x6f\x61\x72\x64\x2f\x67\x61\x6d\x65\x2d\x72\x65\x70\x6f\x72\x74\x73");
              if (!_0x8a94b9_11.isConnected) return;
              _0x8a94b9_1.innerHTML = "\x3c\x64\x69\x76\x3e\x3c\x73\x74\x72\x6f\x6e\x67\x3e\x47\x61\x6d\x65\x20\x6c\x6f\x61\x64\x69\x6e\x67\x20\x72\x65\x70\x6f\x72\x74\x73\x3c\x2f\x73\x74\x72\x6f\x6e\x67\x3e\x3c\x70\x3e\x41\x75\x74\x6f\x6d\x61\x74\x69\x63\x20\x73\x69\x67\x6e\x61\x6c\x73\x20\x66\x72\x6f\x6d\x20\x62\x72\x6f\x77\x73\x65\x72\x73\x3b\x20\x72\x65\x70\x6f\x72\x74\x73\x20\x6d\x61\x79\x20\x69\x6e\x63\x6c\x75\x64\x65\x20\x73\x6c\x6f\x77\x20\x6c\x6f\x61\x64\x73\x2e\x20\x4c\x61\x73\x74\x20\x73\x65\x76\x65\x6e\x20\x64\x61\x79\x73\x2e\x3c\x2f\x70\x3e" + ((_0x8a94b9_2.reports || []).slice(0, 50).map(_0x8a94b9_1 => `\x3c\x70\x3e\x3c\x73\x74\x72\x6f\x6e\x67\x3e${_0x8a94b9_0(_0x8a94b9_1.title)}\x3c\x2f\x73\x74\x72\x6f\x6e\x67\x3e\x20\x26\x6d\x69\x64\x64\x6f\x74\x3b\x20${_0x8a94b9_0(_0x8a94b9_1.provider)}\x20\x26\x6d\x69\x64\x64\x6f\x74\x3b\x20${_0x8a94b9_0(_0x8a94b9_1.brand)}\x20\x26\x6d\x69\x64\x64\x6f\x74\x3b\x20${_0x8a94b9_0(_0x8a94b9_1.reason)}\x20\x26\x6d\x69\x64\x64\x6f\x74\x3b\x20${Number(_0x8a94b9_1.count) || 1}\x20\x72\x65\x70\x6f\x72\x74\x73\x3c\x62\x72\x3e\x3c\x73\x6d\x61\x6c\x6c\x3e${_0x8a94b9_0(_0x8a94b9_b(_0x8a94b9_1.lastSeen))}\x3c\x2f\x73\x6d\x61\x6c\x6c\x3e\x3c\x2f\x70\x3e`).join("") || "\x3c\x70\x3e\x4e\x6f\x20\x72\x65\x63\x65\x6e\x74\x20\x66\x61\x69\x6c\x75\x72\x65\x73\x20\x72\x65\x70\x6f\x72\x74\x65\x64\x2e\x3c\x2f\x70\x3e") + "\x3c\x2f\x64\x69\x76\x3e";
            } catch {
              _0x8a94b9_1.textContent = "\x47\x61\x6d\x65\x20\x72\x65\x70\x6f\x72\x74\x73\x20\x63\x6f\x75\x6c\x64\x20\x6e\x6f\x74\x20\x62\x65\x20\x6c\x6f\x61\x64\x65\x64\x2e\x20\x52\x65\x66\x72\x65\x73\x68\x20\x74\x6f\x20\x72\x65\x74\x72\x79\x2e";
            }
            _0x8a94b9_22(_0x8a94b9_1, "\x67\x61\x6d\x65\x2d\x72\x65\x70\x6f\x72\x74\x73", "\x47\x61\x6d\x65\x20\x6c\x6f\x61\x64\x69\x6e\x67\x20\x72\x65\x70\x6f\x72\x74\x73");
          }
        }()), _0x8a94b9_10.customRoles = Array.isArray(_0x8a94b9_1.customRoles) ? _0x8a94b9_1.customRoles : _0x8a94b9_10.customRoles;
        const _0x8a94b9_3 = _0x8a94b9_11.querySelector("\x5b\x64\x61\x74\x61\x2d\x6f\x77\x6e\x65\x72\x2d\x69\x70\x2d\x62\x61\x6e\x73\x5d");
        _0x8a94b9_3 && (_0x8a94b9_3.hidden = !_0x8a94b9_10.access?.permissions?.includes("\x6e\x65\x74\x77\x6f\x72\x6b\x3a\x62\x61\x6e\x73"));
        const _0x8a94b9_8 = _0x8a94b9_11.querySelector("\x5b\x64\x61\x74\x61\x2d\x6f\x77\x6e\x65\x72\x2d\x63\x75\x73\x74\x6f\x6d\x2d\x72\x6f\x6c\x65\x73\x5d");
        _0x8a94b9_8 && (_0x8a94b9_8.hidden = !_0x8a94b9_10.access?.founder);
        const _0x8a94b9_e = _0x8a94b9_11.querySelector("\x5b\x64\x61\x74\x61\x2d\x6f\x77\x6e\x65\x72\x2d\x67\x6c\x6f\x62\x61\x6c\x2d\x61\x70\x70\x73\x5d");
        _0x8a94b9_e && (_0x8a94b9_e.hidden = !_0x8a94b9_10.access?.founder), _0x8a94b9_11.querySelector("\x5b\x64\x61\x74\x61\x2d\x6f\x77\x6e\x65\x72\x2d\x73\x74\x75\x64\x79\x72\x65\x61\x64\x79\x5d").hidden = !_0x8a94b9_10.access?.founder, 
        _0x8a94b9_11.querySelector("\x5b\x64\x61\x74\x61\x2d\x6f\x77\x6e\x65\x72\x2d\x61\x64\x2d\x66\x72\x65\x65\x5d").hidden = !_0x8a94b9_10.access?.founder;
        const _0x8a94b9_14 = _0x8a94b9_11.querySelector("\x5b\x6e\x61\x6d\x65\x3d\x22\x72\x6f\x6c\x65\x22\x5d");
        _0x8a94b9_14 && (_0x8a94b9_14.querySelectorAll("\x6f\x70\x74\x69\x6f\x6e\x5b\x64\x61\x74\x61\x2d\x63\x75\x73\x74\x6f\x6d\x2d\x72\x6f\x6c\x65\x5d").forEach(_0x8a94b9_0 => _0x8a94b9_0.remove()), 
        _0x8a94b9_10.customRoles.forEach(_0x8a94b9_1 => _0x8a94b9_14.insertAdjacentHTML("\x62\x65\x66\x6f\x72\x65\x65\x6e\x64", `\x3c\x6f\x70\x74\x69\x6f\x6e\x20\x64\x61\x74\x61\x2d\x63\x75\x73\x74\x6f\x6d\x2d\x72\x6f\x6c\x65\x20\x76\x61\x6c\x75\x65\x3d\x22${_0x8a94b9_0(_0x8a94b9_1.id)}\x22\x3e${_0x8a94b9_0(_0x8a94b9_1.label)}\x3c\x2f\x6f\x70\x74\x69\x6f\x6e\x3e`)), 
        _0x8a94b9_14.value = _0x8a94b9_10.role);
        const _0x8a94b9_1a = _0x8a94b9_11.querySelector("\x5b\x64\x61\x74\x61\x2d\x6f\x77\x6e\x65\x72\x2d\x61\x63\x63\x65\x73\x73\x2d\x63\x6f\x70\x79\x5d");
        _0x8a94b9_1a && _0x8a94b9_10.access && (_0x8a94b9_1a.textContent = `${_0x8a94b9_10.access.roleLabel || _0x8a94b9_4(_0x8a94b9_10.access.role)}\x20\x61\x63\x63\x65\x73\x73\x20\xb7\x20\x63\x6f\x6e\x74\x72\x6f\x6c\x73\x20\x61\x72\x65\x20\x6c\x69\x6d\x69\x74\x65\x64\x20\x74\x6f\x20\x74\x68\x69\x73\x20\x72\x6f\x6c\x65\x27\x73\x20\x70\x65\x72\x6d\x69\x73\x73\x69\x6f\x6e\x73\x2e`), 
        function(_0x8a94b9_1 = {}) {
          const _0x8a94b9_2 = [ [ "\x75\x73\x65\x72\x73", "\x54\x6f\x74\x61\x6c\x20\x75\x73\x65\x72\x73", _0x8a94b9_1.totalUsers ?? 0, "\x61\x6c\x6c" ], [ "\x61\x63\x74\x69\x76\x65", "\x41\x63\x74\x69\x76\x65\x20\x74\x6f\x64\x61\x79", _0x8a94b9_1.activeToday ?? 0, "\x61\x63\x74\x69\x76\x65\x5f\x74\x6f\x64\x61\x79" ], [ "\x6f\x6e\x6c\x69\x6e\x65", "\x4f\x6e\x6c\x69\x6e\x65\x20\x6e\x6f\x77", _0x8a94b9_1.onlineUsers ?? 0, "\x6f\x6e\x6c\x69\x6e\x65" ], [ "\x73\x69\x67\x6e\x75\x70", "\x4e\x65\x77\x20\x73\x69\x67\x6e\x75\x70\x73\x20\xb7\x20\x37\x64", _0x8a94b9_1.newSignups ?? 0, "\x6e\x65\x77\x5f\x37\x64" ], [ "\x70\x72\x65\x6d\x69\x75\x6d", "\x50\x72\x65\x6d\x69\x75\x6d", _0x8a94b9_1.premiumSubscribers ?? 0, "\x70\x72\x65\x6d\x69\x75\x6d" ], [ "\x72\x65\x76\x65\x6e\x75\x65", "\x4d\x6f\x6e\x74\x68\x6c\x79\x20\x72\x65\x76\x65\x6e\x75\x65", (_0x8a94b9_3 = _0x8a94b9_1.monthlyRevenueCents, 
          new Intl.NumberFormat(void 0, {
            style: "\x63\x75\x72\x72\x65\x6e\x63\x79",
            currency: "\x55\x53\x44"
          }).format((Number(_0x8a94b9_3) || 0) / 100)), "\x72\x65\x76\x65\x6e\x75\x65" ] ];
          var _0x8a94b9_3;
          _0x8a94b9_15.innerHTML = _0x8a94b9_2.map(([_0x8a94b9_1, _0x8a94b9_2, _0x8a94b9_3, _0x8a94b9_4]) => {
            const _0x8a94b9_5 = _0x8a94b9_10.segment === _0x8a94b9_4;
            return `\x3c\x62\x75\x74\x74\x6f\x6e\x20\x63\x6c\x61\x73\x73\x3d\x22\x6e\x79\x78\x2d\x6f\x77\x6e\x65\x72\x2d\x6d\x65\x74\x72\x69\x63${_0x8a94b9_5 ? "\x20\x61\x63\x74\x69\x76\x65" : ""}\x22\x20\x74\x79\x70\x65\x3d\x22\x62\x75\x74\x74\x6f\x6e\x22\x20\x64\x61\x74\x61\x2d\x6f\x77\x6e\x65\x72\x2d\x73\x65\x67\x6d\x65\x6e\x74\x3d\x22${_0x8a94b9_4}\x22\x20\x61\x72\x69\x61\x2d\x70\x72\x65\x73\x73\x65\x64\x3d\x22${_0x8a94b9_5}\x22\x20\x61\x72\x69\x61\x2d\x6c\x61\x62\x65\x6c\x3d\x22\x53\x68\x6f\x77\x20${_0x8a94b9_0(_0x8a94b9_2)}\x22\x3e${_0x8a94b9_16(_0x8a94b9_1)}\x3c\x64\x69\x76\x3e\x3c\x73\x70\x61\x6e\x3e${_0x8a94b9_0(_0x8a94b9_2)}\x3c\x2f\x73\x70\x61\x6e\x3e\x3c\x73\x74\x72\x6f\x6e\x67\x3e${_0x8a94b9_0(_0x8a94b9_3)}\x3c\x2f\x73\x74\x72\x6f\x6e\x67\x3e\x3c\x2f\x64\x69\x76\x3e\x3c\x2f\x62\x75\x74\x74\x6f\x6e\x3e`;
          }).join("");
        }(_0x8a94b9_1.metrics), function(_0x8a94b9_1) {
          const _0x8a94b9_2 = _0x8a94b9_1.users || [], _0x8a94b9_3 = _0x8a94b9_1.pagination || {}, _0x8a94b9_4 = Number(_0x8a94b9_3.accounts ?? _0x8a94b9_3.scanned ?? 0), _0x8a94b9_8 = Number(_0x8a94b9_3.guests || 0);
          _0x8a94b9_11.querySelector("\x5b\x64\x61\x74\x61\x2d\x6f\x77\x6e\x65\x72\x2d\x75\x73\x65\x72\x2d\x63\x6f\x75\x6e\x74\x5d").textContent = `${Number(_0x8a94b9_3.total || 0).toLocaleString()}\x20\x6d\x61\x74\x63\x68\x69\x6e\x67\x20\xb7\x20${_0x8a94b9_4.toLocaleString()}\x20\x61\x63\x63\x6f\x75\x6e\x74\x73\x20\xb7\x20${_0x8a94b9_8.toLocaleString()}\x20\x67\x75\x65\x73\x74${1 === _0x8a94b9_8 ? "" : "\x73"}\x20\x6f\x6e\x6c\x69\x6e\x65${_0x8a94b9_3.truncated ? "\x20\x28\x73\x63\x61\x6e\x20\x63\x61\x70\x70\x65\x64\x29" : ""}`, 
          _0x8a94b9_2.length ? _0x8a94b9_17.innerHTML = `\x3c\x74\x61\x62\x6c\x65\x20\x63\x6c\x61\x73\x73\x3d\x22\x6e\x79\x78\x2d\x6f\x77\x6e\x65\x72\x2d\x74\x61\x62\x6c\x65\x22\x3e\x0a\x20\x20\x20\x20\x20\x20\x20\x20\x20\x20\x3c\x74\x68\x65\x61\x64\x3e\x3c\x74\x72\x3e\x3c\x74\x68\x3e${_0x8a94b9_2e("\x64\x69\x73\x70\x6c\x61\x79\x4e\x61\x6d\x65", "\x55\x73\x65\x72")}\x3c\x2f\x74\x68\x3e\x3c\x74\x68\x3e${_0x8a94b9_2e("\x72\x6f\x6c\x65", "\x52\x6f\x6c\x65")}\x3c\x2f\x74\x68\x3e\x3c\x74\x68\x3e${_0x8a94b9_2e("\x73\x75\x62\x73\x63\x72\x69\x70\x74\x69\x6f\x6e\x53\x74\x61\x74\x75\x73", "\x53\x75\x62\x73\x63\x72\x69\x70\x74\x69\x6f\x6e")}\x3c\x2f\x74\x68\x3e\x3c\x74\x68\x3e${_0x8a94b9_2e("\x6c\x61\x73\x74\x53\x69\x67\x6e\x49\x6e\x41\x74", "\x4c\x61\x73\x74\x20\x73\x69\x67\x6e\x2d\x69\x6e")}\x3c\x2f\x74\x68\x3e\x3c\x74\x68\x3e${_0x8a94b9_2e("\x6c\x61\x73\x74\x41\x63\x74\x69\x76\x65\x41\x74", "\x4c\x61\x73\x74\x20\x61\x63\x74\x69\x76\x65")}\x3c\x2f\x74\x68\x3e\x3c\x74\x68\x3e\x45\x6d\x61\x69\x6c\x20\x76\x65\x72\x69\x66\x69\x65\x64\x3c\x2f\x74\x68\x3e\x3c\x74\x68\x3e${_0x8a94b9_2e("\x73\x74\x61\x74\x75\x73", "\x53\x74\x61\x74\x75\x73")}\x3c\x2f\x74\x68\x3e\x3c\x74\x68\x3e\x3c\x73\x70\x61\x6e\x20\x63\x6c\x61\x73\x73\x3d\x22\x73\x72\x2d\x6f\x6e\x6c\x79\x22\x3e\x41\x63\x74\x69\x6f\x6e\x73\x3c\x2f\x73\x70\x61\x6e\x3e\x3c\x2f\x74\x68\x3e\x3c\x2f\x74\x72\x3e\x3c\x2f\x74\x68\x65\x61\x64\x3e\x0a\x20\x20\x20\x20\x20\x20\x20\x20\x20\x20\x3c\x74\x62\x6f\x64\x79\x3e${_0x8a94b9_2.map(_0x8a94b9_1 => {
            const _0x8a94b9_2 = Boolean(_0x8a94b9_1.guest), _0x8a94b9_3 = !_0x8a94b9_2 && !0 === _0x8a94b9_1.canReviewSearchHistory;
            return `\x3c\x74\x72\x20\x64\x61\x74\x61\x2d\x6f\x77\x6e\x65\x72\x2d\x75\x73\x65\x72\x2d\x72\x6f\x77\x3d\x22${_0x8a94b9_0(_0x8a94b9_1.uid)}\x22${_0x8a94b9_2 ? "\x20\x64\x61\x74\x61\x2d\x6f\x77\x6e\x65\x72\x2d\x67\x75\x65\x73\x74\x2d\x72\x6f\x77\x3d\x22\x74\x72\x75\x65\x22" : ""}\x3e\x0a\x20\x20\x20\x20\x20\x20\x20\x20\x20\x20\x20\x20\x3c\x74\x64\x3e\x3c\x64\x69\x76\x20\x63\x6c\x61\x73\x73\x3d\x22\x6e\x79\x78\x2d\x6f\x77\x6e\x65\x72\x2d\x75\x73\x65\x72\x2d\x65\x6e\x74\x72\x79\x22\x3e\x3c\x62\x75\x74\x74\x6f\x6e\x20\x63\x6c\x61\x73\x73\x3d\x22\x6e\x79\x78\x2d\x6f\x77\x6e\x65\x72\x2d\x75\x73\x65\x72\x2d\x63\x65\x6c\x6c\x22\x20\x74\x79\x70\x65\x3d\x22\x62\x75\x74\x74\x6f\x6e\x22\x20\x64\x61\x74\x61\x2d\x6f\x77\x6e\x65\x72\x2d\x76\x69\x65\x77\x2d\x75\x73\x65\x72\x3d\x22${_0x8a94b9_0(_0x8a94b9_1.uid)}\x22\x3e\x3c\x73\x70\x61\x6e\x20\x63\x6c\x61\x73\x73\x3d\x22\x6e\x79\x78\x2d\x6f\x77\x6e\x65\x72\x2d\x61\x76\x61\x74\x61\x72\x22\x3e${_0x8a94b9_12(_0x8a94b9_1.photoUrl, "", (_0x8a94b9_1.displayName || "\x3f").slice(0, 1).toUpperCase())}\x3c\x69\x20\x63\x6c\x61\x73\x73\x3d\x22${_0x8a94b9_1.online ? "\x6f\x6e\x6c\x69\x6e\x65" : ""}\x22\x3e\x3c\x2f\x69\x3e\x3c\x2f\x73\x70\x61\x6e\x3e\x3c\x73\x70\x61\x6e\x3e\x3c\x73\x70\x61\x6e\x20\x63\x6c\x61\x73\x73\x3d\x22\x6e\x79\x78\x2d\x6f\x77\x6e\x65\x72\x2d\x75\x73\x65\x72\x2d\x6e\x61\x6d\x65\x2d\x72\x6f\x77\x22\x3e\x3c\x73\x74\x72\x6f\x6e\x67\x3e${_0x8a94b9_0(_0x8a94b9_1.displayName)}\x3c\x2f\x73\x74\x72\x6f\x6e\x67\x3e\x3c\x73\x70\x61\x6e\x20\x63\x6c\x61\x73\x73\x3d\x22\x6e\x79\x78\x2d\x6f\x77\x6e\x65\x72\x2d\x70\x72\x65\x73\x65\x6e\x63\x65\x2d\x73\x74\x61\x74\x65\x20${_0x8a94b9_1.online ? "\x6f\x6e\x6c\x69\x6e\x65" : "\x6f\x66\x66\x6c\x69\x6e\x65"}\x22\x3e\x3c\x69\x3e\x3c\x2f\x69\x3e${_0x8a94b9_1.online ? "\x4f\x6e\x6c\x69\x6e\x65" : "\x4f\x66\x66\x6c\x69\x6e\x65"}\x3c\x2f\x73\x70\x61\x6e\x3e\x3c\x2f\x73\x70\x61\x6e\x3e\x3c\x73\x6d\x61\x6c\x6c\x3e\x40${_0x8a94b9_0(_0x8a94b9_1.username)}\x20\xb7\x20${_0x8a94b9_0(_0x8a94b9_1.email || (_0x8a94b9_2 ? "\x4e\x6f\x20\x61\x63\x63\x6f\x75\x6e\x74" : "\x4e\x6f\x20\x65\x6d\x61\x69\x6c"))}\x3c\x2f\x73\x6d\x61\x6c\x6c\x3e\x3c\x73\x70\x61\x6e\x20\x63\x6c\x61\x73\x73\x3d\x22\x6e\x79\x78\x2d\x6f\x77\x6e\x65\x72\x2d\x6d\x6f\x62\x69\x6c\x65\x2d\x61\x63\x63\x65\x73\x73\x22\x3e\x3c\x73\x70\x61\x6e\x20\x63\x6c\x61\x73\x73\x3d\x22\x6e\x79\x78\x2d\x6f\x77\x6e\x65\x72\x2d\x62\x61\x64\x67\x65\x20\x72\x6f\x6c\x65\x2d${_0x8a94b9_0(_0x8a94b9_1.role)}${_0x8a94b9_1.customRole ? "\x20\x63\x75\x73\x74\x6f\x6d\x2d\x72\x6f\x6c\x65" : ""}\x22${_0x8a94b9_6(_0x8a94b9_1) ? `\x20\x73\x74\x79\x6c\x65\x3d\x22\x2d\x2d\x6f\x77\x6e\x65\x72\x2d\x63\x75\x73\x74\x6f\x6d\x2d\x72\x6f\x6c\x65\x3a${_0x8a94b9_0(_0x8a94b9_6(_0x8a94b9_1))}\x22` : ""}\x3e${_0x8a94b9_7(_0x8a94b9_1.role)}\x3c\x73\x70\x61\x6e\x20\x63\x6c\x61\x73\x73\x3d\x22\x6e\x79\x78\x2d\x6d\x69\x6e\x65\x63\x72\x61\x66\x74\x2d\x74\x65\x78\x74\x22\x3e${_0x8a94b9_0(_0x8a94b9_5(_0x8a94b9_1))}\x3c\x2f\x73\x70\x61\x6e\x3e\x3c\x2f\x73\x70\x61\x6e\x3e\x3c\x73\x70\x61\x6e\x20\x63\x6c\x61\x73\x73\x3d\x22\x6e\x79\x78\x2d\x6f\x77\x6e\x65\x72\x2d\x62\x61\x64\x67\x65\x20\x73\x75\x62\x73\x63\x72\x69\x70\x74\x69\x6f\x6e\x2d${_0x8a94b9_0(_0x8a94b9_1.subscriptionStatus)}\x22\x3e${_0x8a94b9_0(_0x8a94b9_9(_0x8a94b9_1.subscriptionStatus))}\x3c\x2f\x73\x70\x61\x6e\x3e\x3c\x2f\x73\x70\x61\x6e\x3e\x3c\x2f\x73\x70\x61\x6e\x3e\x3c\x2f\x62\x75\x74\x74\x6f\x6e\x3e${_0x8a94b9_3 ? `\x3c\x62\x75\x74\x74\x6f\x6e\x20\x63\x6c\x61\x73\x73\x3d\x22\x6e\x79\x78\x2d\x6f\x77\x6e\x65\x72\x2d\x73\x65\x61\x72\x63\x68\x2d\x73\x68\x69\x65\x6c\x64\x22\x20\x74\x79\x70\x65\x3d\x22\x62\x75\x74\x74\x6f\x6e\x22\x20\x64\x61\x74\x61\x2d\x6f\x77\x6e\x65\x72\x2d\x73\x65\x61\x72\x63\x68\x2d\x68\x69\x73\x74\x6f\x72\x79\x3d\x22${_0x8a94b9_0(_0x8a94b9_1.uid)}\x22\x20\x61\x72\x69\x61\x2d\x6c\x61\x62\x65\x6c\x3d\x22\x52\x65\x76\x69\x65\x77\x20\x73\x65\x61\x72\x63\x68\x20\x68\x69\x73\x74\x6f\x72\x79\x20\x66\x6f\x72\x20${_0x8a94b9_0(_0x8a94b9_1.displayName)}\x22\x20\x74\x69\x74\x6c\x65\x3d\x22\x52\x65\x76\x69\x65\x77\x20\x73\x65\x61\x72\x63\x68\x20\x68\x69\x73\x74\x6f\x72\x79\x22\x3e${_0x8a94b9_16("\x73\x68\x69\x65\x6c\x64")}\x3c\x2f\x62\x75\x74\x74\x6f\x6e\x3e` : ""}\x3c\x2f\x64\x69\x76\x3e\x3c\x2f\x74\x64\x3e\x0a\x20\x20\x20\x20\x20\x20\x20\x20\x20\x20\x20\x20\x3c\x74\x64\x3e\x3c\x73\x70\x61\x6e\x20\x63\x6c\x61\x73\x73\x3d\x22\x6e\x79\x78\x2d\x6f\x77\x6e\x65\x72\x2d\x62\x61\x64\x67\x65\x20\x72\x6f\x6c\x65\x2d${_0x8a94b9_0(_0x8a94b9_1.role)}${_0x8a94b9_1.customRole ? "\x20\x63\x75\x73\x74\x6f\x6d\x2d\x72\x6f\x6c\x65" : ""}\x22${_0x8a94b9_6(_0x8a94b9_1) ? `\x20\x73\x74\x79\x6c\x65\x3d\x22\x2d\x2d\x6f\x77\x6e\x65\x72\x2d\x63\x75\x73\x74\x6f\x6d\x2d\x72\x6f\x6c\x65\x3a${_0x8a94b9_0(_0x8a94b9_6(_0x8a94b9_1))}\x22` : ""}\x3e${_0x8a94b9_7(_0x8a94b9_1.role)}\x3c\x73\x70\x61\x6e\x20\x63\x6c\x61\x73\x73\x3d\x22\x6e\x79\x78\x2d\x6d\x69\x6e\x65\x63\x72\x61\x66\x74\x2d\x74\x65\x78\x74\x22\x3e${_0x8a94b9_0(_0x8a94b9_5(_0x8a94b9_1))}\x3c\x2f\x73\x70\x61\x6e\x3e\x3c\x2f\x73\x70\x61\x6e\x3e\x3c\x2f\x74\x64\x3e\x0a\x20\x20\x20\x20\x20\x20\x20\x20\x20\x20\x20\x20\x3c\x74\x64\x3e\x3c\x73\x70\x61\x6e\x20\x63\x6c\x61\x73\x73\x3d\x22\x6e\x79\x78\x2d\x6f\x77\x6e\x65\x72\x2d\x62\x61\x64\x67\x65\x20\x73\x75\x62\x73\x63\x72\x69\x70\x74\x69\x6f\x6e\x2d${_0x8a94b9_0(_0x8a94b9_1.subscriptionStatus)}\x22\x3e${_0x8a94b9_0(_0x8a94b9_9(_0x8a94b9_1.subscriptionStatus))}\x3c\x2f\x73\x70\x61\x6e\x3e\x3c\x2f\x74\x64\x3e\x0a\x20\x20\x20\x20\x20\x20\x20\x20\x20\x20\x20\x20\x3c\x74\x64\x3e\x3c\x73\x70\x61\x6e\x20\x74\x69\x74\x6c\x65\x3d\x22${_0x8a94b9_0(_0x8a94b9_2 ? "\x4e\x6f\x20\x61\x63\x63\x6f\x75\x6e\x74" : _0x8a94b9_b(_0x8a94b9_1.lastSignInAt))}\x22\x3e${_0x8a94b9_0(_0x8a94b9_2 ? "\x4e\x6f\x74\x20\x73\x69\x67\x6e\x65\x64\x20\x69\x6e" : _0x8a94b9_c(_0x8a94b9_1.lastSignInAt))}\x3c\x2f\x73\x70\x61\x6e\x3e\x3c\x2f\x74\x64\x3e\x0a\x20\x20\x20\x20\x20\x20\x20\x20\x20\x20\x20\x20\x3c\x74\x64\x3e\x3c\x73\x70\x61\x6e\x20\x74\x69\x74\x6c\x65\x3d\x22${_0x8a94b9_0(_0x8a94b9_b(_0x8a94b9_1.lastActiveAt))}\x22\x3e${_0x8a94b9_0(_0x8a94b9_c(_0x8a94b9_1.lastActiveAt))}\x3c\x2f\x73\x70\x61\x6e\x3e\x3c\x2f\x74\x64\x3e\x0a\x20\x20\x20\x20\x20\x20\x20\x20\x20\x20\x20\x20\x3c\x74\x64\x3e\x3c\x73\x70\x61\x6e\x20\x63\x6c\x61\x73\x73\x3d\x22\x6e\x79\x78\x2d\x6f\x77\x6e\x65\x72\x2d\x76\x65\x72\x69\x66\x69\x65\x64\x20${_0x8a94b9_1.deliverableEmail && _0x8a94b9_1.emailVerified ? "\x76\x65\x72\x69\x66\x69\x65\x64" : ""}\x22\x3e${_0x8a94b9_2 ? "\x47\x75\x65\x73\x74" : _0x8a94b9_1.deliverableEmail ? _0x8a94b9_1.emailVerified ? "\x56\x65\x72\x69\x66\x69\x65\x64" : "\x55\x6e\x76\x65\x72\x69\x66\x69\x65\x64" : "\x4e\x2f\x41"}\x3c\x2f\x73\x70\x61\x6e\x3e\x3c\x2f\x74\x64\x3e\x0a\x20\x20\x20\x20\x20\x20\x20\x20\x20\x20\x20\x20\x3c\x74\x64\x3e\x3c\x73\x70\x61\x6e\x20\x63\x6c\x61\x73\x73\x3d\x22\x6e\x79\x78\x2d\x6f\x77\x6e\x65\x72\x2d\x61\x63\x63\x6f\x75\x6e\x74\x2d\x73\x74\x61\x74\x65\x20${_0x8a94b9_2 ? "\x67\x75\x65\x73\x74" : _0x8a94b9_1.disabled ? "\x64\x69\x73\x61\x62\x6c\x65\x64" : "\x65\x6e\x61\x62\x6c\x65\x64"}\x22\x3e\x3c\x69\x3e\x3c\x2f\x69\x3e${_0x8a94b9_2 ? "\x47\x75\x65\x73\x74" : _0x8a94b9_1.disabled ? "\x44\x69\x73\x61\x62\x6c\x65\x64" : "\x45\x6e\x61\x62\x6c\x65\x64"}\x3c\x2f\x73\x70\x61\x6e\x3e\x3c\x2f\x74\x64\x3e\x0a\x20\x20\x20\x20\x20\x20\x20\x20\x20\x20\x20\x20\x3c\x74\x64\x3e\x3c\x62\x75\x74\x74\x6f\x6e\x20\x63\x6c\x61\x73\x73\x3d\x22\x6e\x79\x78\x2d\x6f\x77\x6e\x65\x72\x2d\x72\x6f\x77\x2d\x61\x63\x74\x69\x6f\x6e\x22\x20\x74\x79\x70\x65\x3d\x22\x62\x75\x74\x74\x6f\x6e\x22\x20\x64\x61\x74\x61\x2d\x6f\x77\x6e\x65\x72\x2d\x76\x69\x65\x77\x2d\x75\x73\x65\x72\x3d\x22${_0x8a94b9_0(_0x8a94b9_1.uid)}\x22\x20\x61\x72\x69\x61\x2d\x6c\x61\x62\x65\x6c\x3d\x22\x56\x69\x65\x77\x20${_0x8a94b9_0(_0x8a94b9_1.displayName)}\x22\x3e${_0x8a94b9_16("\x63\x68\x65\x76\x72\x6f\x6e")}\x3c\x2f\x62\x75\x74\x74\x6f\x6e\x3e\x3c\x2f\x74\x64\x3e\x0a\x20\x20\x20\x20\x20\x20\x20\x20\x20\x20\x3c\x2f\x74\x72\x3e`;
          }).join("")}\x3c\x2f\x74\x62\x6f\x64\x79\x3e\x3c\x2f\x74\x61\x62\x6c\x65\x3e` : _0x8a94b9_17.innerHTML = "\x3c\x64\x69\x76\x20\x63\x6c\x61\x73\x73\x3d\x22\x6e\x79\x78\x2d\x6f\x77\x6e\x65\x72\x2d\x65\x6d\x70\x74\x79\x22\x3e\x3c\x73\x74\x72\x6f\x6e\x67\x3e\x4e\x6f\x20\x75\x73\x65\x72\x73\x20\x66\x6f\x75\x6e\x64\x3c\x2f\x73\x74\x72\x6f\x6e\x67\x3e\x3c\x73\x70\x61\x6e\x3e\x54\x72\x79\x20\x63\x68\x61\x6e\x67\x69\x6e\x67\x20\x74\x68\x65\x20\x73\x65\x61\x72\x63\x68\x20\x6f\x72\x20\x66\x69\x6c\x74\x65\x72\x73\x2e\x3c\x2f\x73\x70\x61\x6e\x3e\x3c\x2f\x64\x69\x76\x3e", 
          _0x8a94b9_18.innerHTML = `\x3c\x73\x70\x61\x6e\x3e\x50\x61\x67\x65\x20${_0x8a94b9_3.page || 1}\x20\x6f\x66\x20${_0x8a94b9_3.pages || 1}\x3c\x2f\x73\x70\x61\x6e\x3e\x3c\x64\x69\x76\x3e\x3c\x6c\x61\x62\x65\x6c\x3e\x52\x6f\x77\x73\x20\x3c\x73\x65\x6c\x65\x63\x74\x20\x64\x61\x74\x61\x2d\x6f\x77\x6e\x65\x72\x2d\x70\x61\x67\x65\x2d\x73\x69\x7a\x65\x3e\x3c\x6f\x70\x74\x69\x6f\x6e\x20\x76\x61\x6c\x75\x65\x3d\x22\x31\x30\x22\x3e\x31\x30\x3c\x2f\x6f\x70\x74\x69\x6f\x6e\x3e\x3c\x6f\x70\x74\x69\x6f\x6e\x20\x76\x61\x6c\x75\x65\x3d\x22\x32\x35\x22\x3e\x32\x35\x3c\x2f\x6f\x70\x74\x69\x6f\x6e\x3e\x3c\x6f\x70\x74\x69\x6f\x6e\x20\x76\x61\x6c\x75\x65\x3d\x22\x35\x30\x22\x3e\x35\x30\x3c\x2f\x6f\x70\x74\x69\x6f\x6e\x3e\x3c\x6f\x70\x74\x69\x6f\x6e\x20\x76\x61\x6c\x75\x65\x3d\x22\x31\x30\x30\x22\x3e\x31\x30\x30\x3c\x2f\x6f\x70\x74\x69\x6f\x6e\x3e\x3c\x2f\x73\x65\x6c\x65\x63\x74\x3e\x3c\x2f\x6c\x61\x62\x65\x6c\x3e\x3c\x62\x75\x74\x74\x6f\x6e\x20\x74\x79\x70\x65\x3d\x22\x62\x75\x74\x74\x6f\x6e\x22\x20\x64\x61\x74\x61\x2d\x6f\x77\x6e\x65\x72\x2d\x70\x61\x67\x65\x3d\x22${Math.max(1, (_0x8a94b9_3.page || 1) - 1)}\x22\x20${(_0x8a94b9_3.page || 1) <= 1 ? "\x64\x69\x73\x61\x62\x6c\x65\x64" : ""}\x3e\x50\x72\x65\x76\x69\x6f\x75\x73\x3c\x2f\x62\x75\x74\x74\x6f\x6e\x3e\x3c\x62\x75\x74\x74\x6f\x6e\x20\x74\x79\x70\x65\x3d\x22\x62\x75\x74\x74\x6f\x6e\x22\x20\x64\x61\x74\x61\x2d\x6f\x77\x6e\x65\x72\x2d\x70\x61\x67\x65\x3d\x22${Math.min(_0x8a94b9_3.pages || 1, (_0x8a94b9_3.page || 1) + 1)}\x22\x20${(_0x8a94b9_3.page || 1) >= (_0x8a94b9_3.pages || 1) ? "\x64\x69\x73\x61\x62\x6c\x65\x64" : ""}\x3e\x4e\x65\x78\x74\x3c\x2f\x62\x75\x74\x74\x6f\x6e\x3e\x3c\x2f\x64\x69\x76\x3e`, 
          _0x8a94b9_18.querySelector("\x5b\x64\x61\x74\x61\x2d\x6f\x77\x6e\x65\x72\x2d\x70\x61\x67\x65\x2d\x73\x69\x7a\x65\x5d").value = String(_0x8a94b9_10.pageSize), 
          _0x8a94b9_13(_0x8a94b9_17);
        }(_0x8a94b9_1), function(_0x8a94b9_1 = []) {
          if (_0x8a94b9_10.access && !_0x8a94b9_10.access.permissions?.includes("\x61\x75\x64\x69\x74\x3a\x76\x69\x65\x77")) return void (_0x8a94b9_19.innerHTML = "\x3c\x64\x69\x76\x20\x63\x6c\x61\x73\x73\x3d\x22\x6e\x79\x78\x2d\x6f\x77\x6e\x65\x72\x2d\x65\x6d\x70\x74\x79\x20\x63\x6f\x6d\x70\x61\x63\x74\x22\x3e\x3c\x73\x74\x72\x6f\x6e\x67\x3e\x41\x63\x74\x69\x76\x69\x74\x79\x20\x69\x73\x20\x70\x72\x6f\x74\x65\x63\x74\x65\x64\x3c\x2f\x73\x74\x72\x6f\x6e\x67\x3e\x3c\x73\x70\x61\x6e\x3e\x59\x6f\x75\x72\x20\x61\x73\x73\x69\x67\x6e\x65\x64\x20\x72\x6f\x6c\x65\x20\x63\x61\x6e\x20\x6d\x61\x6e\x61\x67\x65\x20\x69\x74\x73\x20\x70\x65\x72\x6d\x69\x74\x74\x65\x64\x20\x61\x63\x63\x6f\x75\x6e\x74\x20\x74\x61\x73\x6b\x73\x20\x77\x69\x74\x68\x6f\x75\x74\x20\x76\x69\x65\x77\x69\x6e\x67\x20\x74\x68\x65\x20\x66\x75\x6c\x6c\x20\x61\x75\x64\x69\x74\x20\x6c\x6f\x67\x2e\x3c\x2f\x73\x70\x61\x6e\x3e\x3c\x2f\x64\x69\x76\x3e");
          if (!_0x8a94b9_1.length) return void (_0x8a94b9_19.innerHTML = "\x3c\x64\x69\x76\x20\x63\x6c\x61\x73\x73\x3d\x22\x6e\x79\x78\x2d\x6f\x77\x6e\x65\x72\x2d\x65\x6d\x70\x74\x79\x20\x63\x6f\x6d\x70\x61\x63\x74\x22\x3e\x3c\x73\x74\x72\x6f\x6e\x67\x3e\x4e\x6f\x20\x61\x63\x74\x69\x76\x69\x74\x79\x20\x79\x65\x74\x3c\x2f\x73\x74\x72\x6f\x6e\x67\x3e\x3c\x73\x70\x61\x6e\x3e\x4f\x77\x6e\x65\x72\x20\x61\x6e\x64\x20\x61\x63\x63\x6f\x75\x6e\x74\x20\x65\x76\x65\x6e\x74\x73\x20\x77\x69\x6c\x6c\x20\x61\x70\x70\x65\x61\x72\x20\x68\x65\x72\x65\x2e\x3c\x2f\x73\x70\x61\x6e\x3e\x3c\x2f\x64\x69\x76\x3e");
          const _0x8a94b9_2 = _0x8a94b9_1.reduce((_0x8a94b9_0, _0x8a94b9_1) => {
            const _0x8a94b9_2 = (_0x8a94b9_0 => {
              const _0x8a94b9_1 = new Date(_0x8a94b9_0 || "");
              if (Number.isNaN(_0x8a94b9_1.getTime())) return "\x52\x65\x63\x65\x6e\x74";
              const _0x8a94b9_2 = new Date, _0x8a94b9_3 = new Date(_0x8a94b9_2.getFullYear(), _0x8a94b9_2.getMonth(), _0x8a94b9_2.getDate()).getTime(), _0x8a94b9_4 = new Date(_0x8a94b9_1.getFullYear(), _0x8a94b9_1.getMonth(), _0x8a94b9_1.getDate()).getTime(), _0x8a94b9_5 = Math.round((_0x8a94b9_3 - _0x8a94b9_4) / 864e5);
              return 0 === _0x8a94b9_5 ? "\x54\x6f\x64\x61\x79" : 1 === _0x8a94b9_5 ? "\x59\x65\x73\x74\x65\x72\x64\x61\x79" : new Intl.DateTimeFormat(void 0, {
                month: "\x73\x68\x6f\x72\x74",
                day: "\x6e\x75\x6d\x65\x72\x69\x63"
              }).format(_0x8a94b9_1);
            })(_0x8a94b9_1.createdAt), _0x8a94b9_3 = _0x8a94b9_0.find(_0x8a94b9_0 => _0x8a94b9_0.label === _0x8a94b9_2);
            return _0x8a94b9_3 ? _0x8a94b9_3.events.push(_0x8a94b9_1) : _0x8a94b9_0.push({
              label: _0x8a94b9_2,
              events: [ _0x8a94b9_1 ]
            }), _0x8a94b9_0;
          }, []);
          _0x8a94b9_19.innerHTML = _0x8a94b9_2.map(_0x8a94b9_1 => `\x3c\x73\x65\x63\x74\x69\x6f\x6e\x20\x63\x6c\x61\x73\x73\x3d\x22\x6e\x79\x78\x2d\x6f\x77\x6e\x65\x72\x2d\x61\x63\x74\x69\x76\x69\x74\x79\x2d\x67\x72\x6f\x75\x70\x22\x3e\x3c\x68\x65\x61\x64\x65\x72\x3e\x3c\x73\x74\x72\x6f\x6e\x67\x3e${_0x8a94b9_0(_0x8a94b9_1.label)}\x3c\x2f\x73\x74\x72\x6f\x6e\x67\x3e\x3c\x73\x70\x61\x6e\x3e${_0x8a94b9_1.events.length}\x20\x65\x76\x65\x6e\x74${1 === _0x8a94b9_1.events.length ? "" : "\x73"}\x3c\x2f\x73\x70\x61\x6e\x3e\x3c\x2f\x68\x65\x61\x64\x65\x72\x3e${_0x8a94b9_1.events.map(_0x8a94b9_1 => `\x3c\x61\x72\x74\x69\x63\x6c\x65\x20\x63\x6c\x61\x73\x73\x3d\x22\x6e\x79\x78\x2d\x6f\x77\x6e\x65\x72\x2d\x61\x63\x74\x69\x76\x69\x74\x79\x2d\x69\x74\x65\x6d\x22\x20\x64\x61\x74\x61\x2d\x6f\x77\x6e\x65\x72\x2d\x61\x63\x74\x69\x76\x69\x74\x79\x2d\x74\x79\x70\x65\x3d\x22${_0x8a94b9_0(_0x8a94b9_d(_0x8a94b9_1.action))}\x22\x3e\x3c\x69\x20\x63\x6c\x61\x73\x73\x3d\x22\x6e\x79\x78\x2d\x6f\x77\x6e\x65\x72\x2d\x61\x63\x74\x69\x76\x69\x74\x79\x2d\x64\x6f\x74\x22\x3e${_0x8a94b9_16(_0x8a94b9_d(_0x8a94b9_1.action))}\x3c\x2f\x69\x3e\x3c\x64\x69\x76\x3e\x3c\x73\x74\x72\x6f\x6e\x67\x3e${_0x8a94b9_0(_0x8a94b9_a(_0x8a94b9_1.action))}\x3c\x2f\x73\x74\x72\x6f\x6e\x67\x3e\x3c\x70\x3e${_0x8a94b9_0(_0x8a94b9_1.targetEmail || _0x8a94b9_1.actorEmail || _0x8a94b9_1.targetUid || "\x53\x79\x73\x74\x65\x6d\x20\x65\x76\x65\x6e\x74")}\x3c\x2f\x70\x3e\x3c\x73\x70\x61\x6e\x20\x74\x69\x74\x6c\x65\x3d\x22${_0x8a94b9_0(_0x8a94b9_b(_0x8a94b9_1.createdAt))}\x22\x3e${_0x8a94b9_0(_0x8a94b9_c(_0x8a94b9_1.createdAt))}${_0x8a94b9_1.actorEmail && _0x8a94b9_1.actorEmail !== _0x8a94b9_1.targetEmail ? `\x20\xb7\x20\x62\x79\x20${_0x8a94b9_0(_0x8a94b9_1.actorEmail)}` : ""}\x3c\x2f\x73\x70\x61\x6e\x3e\x3c\x2f\x64\x69\x76\x3e\x3c\x2f\x61\x72\x74\x69\x63\x6c\x65\x3e`).join("")}\x3c\x2f\x73\x65\x63\x74\x69\x6f\x6e\x3e`).join("");
        }(_0x8a94b9_1.recentActivity);
      } catch (_0x8a94b9_3) {
        "\x41\x62\x6f\x72\x74\x45\x72\x72\x6f\x72" !== _0x8a94b9_3.name && function(_0x8a94b9_1) {
          _0x8a94b9_1e("\x75\x73\x65\x72\x73"), _0x8a94b9_1c.enable(!1), _0x8a94b9_17.innerHTML = `\x3c\x64\x69\x76\x20\x63\x6c\x61\x73\x73\x3d\x22\x6e\x79\x78\x2d\x6f\x77\x6e\x65\x72\x2d\x65\x72\x72\x6f\x72\x22\x3e\x3c\x73\x74\x72\x6f\x6e\x67\x3e\x44\x61\x73\x68\x62\x6f\x61\x72\x64\x20\x63\x6f\x75\x6c\x64\x20\x6e\x6f\x74\x20\x6c\x6f\x61\x64\x3c\x2f\x73\x74\x72\x6f\x6e\x67\x3e\x3c\x73\x70\x61\x6e\x3e${_0x8a94b9_0(_0x8a94b9_1.message || "\x54\x72\x79\x20\x61\x67\x61\x69\x6e\x2e")}\x3c\x2f\x73\x70\x61\x6e\x3e\x3c\x62\x75\x74\x74\x6f\x6e\x20\x74\x79\x70\x65\x3d\x22\x62\x75\x74\x74\x6f\x6e\x22\x20\x64\x61\x74\x61\x2d\x6f\x77\x6e\x65\x72\x2d\x72\x65\x66\x72\x65\x73\x68\x3e\x54\x72\x79\x20\x61\x67\x61\x69\x6e\x3c\x2f\x62\x75\x74\x74\x6f\x6e\x3e\x3c\x2f\x64\x69\x76\x3e`, 
          _0x8a94b9_15.innerHTML = "", _0x8a94b9_19.innerHTML = "";
        }(_0x8a94b9_3);
      } finally {
        _0x8a94b9_10.loading = !1;
      }
    }
    function _0x8a94b9_31(_0x8a94b9_1, _0x8a94b9_2, _0x8a94b9_3 = "") {
      return `\x3c\x64\x69\x76\x20\x63\x6c\x61\x73\x73\x3d\x22\x6e\x79\x78\x2d\x6f\x77\x6e\x65\x72\x2d\x64\x65\x74\x61\x69\x6c\x2d\x76\x61\x6c\x75\x65\x20${_0x8a94b9_3}\x22\x3e\x3c\x73\x70\x61\x6e\x3e${_0x8a94b9_0(_0x8a94b9_1)}\x3c\x2f\x73\x70\x61\x6e\x3e\x3c\x73\x74\x72\x6f\x6e\x67\x3e${_0x8a94b9_0(_0x8a94b9_2 || "\x4e\x6f\x74\x20\x61\x76\x61\x69\x6c\x61\x62\x6c\x65")}\x3c\x2f\x73\x74\x72\x6f\x6e\x67\x3e\x3c\x2f\x64\x69\x76\x3e`;
    }
    function _0x8a94b9_32(_0x8a94b9_0, _0x8a94b9_1) {
      return /^#[0-9a-f]{6}$/i.test(String(_0x8a94b9_0 || "")) ? String(_0x8a94b9_0).toLowerCase() : _0x8a94b9_1;
    }
    function _0x8a94b9_33(_0x8a94b9_0, _0x8a94b9_1) {
      return _0x8a94b9_0 === _0x8a94b9_1 ? "\x20\x73\x65\x6c\x65\x63\x74\x65\x64" : "";
    }
    async function _0x8a94b9_34(_0x8a94b9_1) {
      _0x8a94b9_1a.hidden = !1, _0x8a94b9_1a.classList.remove("\x73\x68\x6f\x77");
      const _0x8a94b9_2 = (_0x8a94b9_10.data?.users || []).find(_0x8a94b9_0 => _0x8a94b9_0.uid === _0x8a94b9_1 && _0x8a94b9_0.guest);
      if (_0x8a94b9_2) {
        _0x8a94b9_10.selectedUser = _0x8a94b9_2, _0x8a94b9_10.selectedCapabilities = {};
        const _0x8a94b9_1 = Boolean(_0x8a94b9_10.access?.permissions?.includes("\x6e\x65\x74\x77\x6f\x72\x6b\x3a\x62\x61\x6e\x73")), _0x8a94b9_3 = _0x8a94b9_1 ? `${_0x8a94b9_31("\x4c\x61\x73\x74\x20\x73\x65\x65\x6e\x20\x49\x50", _0x8a94b9_2.lastSeenIp || "\x4e\x6f\x74\x20\x72\x65\x63\x6f\x72\x64\x65\x64\x20\x79\x65\x74", "\x69\x70\x2d\x61\x64\x64\x72\x65\x73\x73")}${_0x8a94b9_2.lastSeenIp ? _0x8a94b9_31("\x49\x50\x20\x6c\x61\x73\x74\x20\x73\x65\x65\x6e", _0x8a94b9_b(_0x8a94b9_2.lastSeenIpAt)) : ""}` : "", _0x8a94b9_4 = _0x8a94b9_12("", "", (_0x8a94b9_2.displayName || "\x47").slice(0, 1).toUpperCase());
        return _0x8a94b9_1a.innerHTML = `\x3c\x68\x65\x61\x64\x65\x72\x3e\x3c\x64\x69\x76\x20\x63\x6c\x61\x73\x73\x3d\x22\x6e\x79\x78\x2d\x6f\x77\x6e\x65\x72\x2d\x64\x65\x74\x61\x69\x6c\x2d\x61\x76\x61\x74\x61\x72\x22\x3e${_0x8a94b9_4}\x3c\x69\x20\x63\x6c\x61\x73\x73\x3d\x22\x6f\x6e\x6c\x69\x6e\x65\x22\x3e\x3c\x2f\x69\x3e\x3c\x2f\x64\x69\x76\x3e\x3c\x64\x69\x76\x3e\x3c\x73\x70\x61\x6e\x3e${_0x8a94b9_7("\x67\x75\x65\x73\x74")}\x47\x75\x65\x73\x74\x20\x73\x65\x73\x73\x69\x6f\x6e\x3c\x2f\x73\x70\x61\x6e\x3e\x3c\x68\x32\x3e${_0x8a94b9_0(_0x8a94b9_2.displayName)}\x3c\x2f\x68\x32\x3e\x3c\x70\x20\x63\x6c\x61\x73\x73\x3d\x22\x6e\x79\x78\x2d\x6f\x77\x6e\x65\x72\x2d\x64\x72\x61\x77\x65\x72\x2d\x69\x64\x65\x6e\x74\x69\x74\x79\x22\x3e\x40${_0x8a94b9_0(_0x8a94b9_2.username)}\x20\x3c\x73\x70\x61\x6e\x20\x63\x6c\x61\x73\x73\x3d\x22\x6e\x79\x78\x2d\x6f\x77\x6e\x65\x72\x2d\x70\x72\x65\x73\x65\x6e\x63\x65\x2d\x73\x74\x61\x74\x65\x20\x6f\x6e\x6c\x69\x6e\x65\x22\x3e\x3c\x69\x3e\x3c\x2f\x69\x3e\x4f\x6e\x6c\x69\x6e\x65\x3c\x2f\x73\x70\x61\x6e\x3e\x3c\x2f\x70\x3e\x3c\x2f\x64\x69\x76\x3e\x3c\x62\x75\x74\x74\x6f\x6e\x20\x74\x79\x70\x65\x3d\x22\x62\x75\x74\x74\x6f\x6e\x22\x20\x64\x61\x74\x61\x2d\x6f\x77\x6e\x65\x72\x2d\x64\x72\x61\x77\x65\x72\x2d\x63\x6c\x6f\x73\x65\x20\x61\x72\x69\x61\x2d\x6c\x61\x62\x65\x6c\x3d\x22\x43\x6c\x6f\x73\x65\x20\x67\x75\x65\x73\x74\x20\x64\x65\x74\x61\x69\x6c\x73\x22\x3e${_0x8a94b9_16("\x63\x6c\x6f\x73\x65")}\x3c\x2f\x62\x75\x74\x74\x6f\x6e\x3e\x3c\x2f\x68\x65\x61\x64\x65\x72\x3e\x0a\x20\x20\x20\x20\x20\x20\x20\x20\x20\x20\x3c\x64\x69\x76\x20\x63\x6c\x61\x73\x73\x3d\x22\x6e\x79\x78\x2d\x6f\x77\x6e\x65\x72\x2d\x64\x72\x61\x77\x65\x72\x2d\x73\x63\x72\x6f\x6c\x6c\x22\x3e\x0a\x20\x20\x20\x20\x20\x20\x20\x20\x20\x20\x20\x20\x3c\x73\x65\x63\x74\x69\x6f\x6e\x20\x63\x6c\x61\x73\x73\x3d\x22\x6e\x79\x78\x2d\x6f\x77\x6e\x65\x72\x2d\x64\x65\x74\x61\x69\x6c\x2d\x67\x72\x69\x64\x22\x3e${_0x8a94b9_31("\x49\x64\x65\x6e\x74\x69\x74\x79", _0x8a94b9_2.displayName)}${_0x8a94b9_31("\x47\x75\x65\x73\x74\x20\x49\x44", `\x40${_0x8a94b9_2.username}`)}${_0x8a94b9_31("\x41\x63\x63\x6f\x75\x6e\x74", "\x4e\x6f\x20\x61\x63\x63\x6f\x75\x6e\x74\x20\x63\x72\x65\x61\x74\x65\x64")}${_0x8a94b9_31("\x50\x72\x65\x73\x65\x6e\x63\x65", "\x4f\x6e\x6c\x69\x6e\x65\x20\x6e\x6f\x77")}${_0x8a94b9_31("\x46\x69\x72\x73\x74\x20\x73\x65\x65\x6e", _0x8a94b9_b(_0x8a94b9_2.createdAt))}${_0x8a94b9_31("\x4c\x61\x73\x74\x20\x61\x63\x74\x69\x76\x65", _0x8a94b9_b(_0x8a94b9_2.lastActiveAt))}${_0x8a94b9_3}\x3c\x2f\x73\x65\x63\x74\x69\x6f\x6e\x3e\x0a\x20\x20\x20\x20\x20\x20\x20\x20\x20\x20\x20\x20\x3c\x73\x65\x63\x74\x69\x6f\x6e\x20\x63\x6c\x61\x73\x73\x3d\x22\x6e\x79\x78\x2d\x6f\x77\x6e\x65\x72\x2d\x64\x65\x74\x61\x69\x6c\x2d\x73\x65\x63\x74\x69\x6f\x6e\x22\x3e\x3c\x68\x33\x3e\x47\x75\x65\x73\x74\x20\x76\x69\x73\x69\x74\x6f\x72\x3c\x2f\x68\x33\x3e\x3c\x70\x20\x63\x6c\x61\x73\x73\x3d\x22\x6e\x79\x78\x2d\x6f\x77\x6e\x65\x72\x2d\x61\x63\x74\x69\x6f\x6e\x2d\x6e\x6f\x74\x65\x22\x3e\x4e\x79\x78\x20\x75\x73\x65\x73\x20\x74\x68\x65\x20\x75\x73\x65\x72\x6e\x61\x6d\x65\x20\x73\x61\x76\x65\x64\x20\x62\x79\x20\x74\x68\x69\x73\x20\x62\x72\x6f\x77\x73\x65\x72\x27\x73\x20\x73\x74\x61\x72\x74\x75\x70\x20\x77\x69\x7a\x61\x72\x64\x2e\x20\x49\x66\x20\x74\x68\x65\x20\x76\x69\x73\x69\x74\x6f\x72\x20\x73\x6b\x69\x70\x70\x65\x64\x20\x69\x74\x2c\x20\x4e\x79\x78\x20\x61\x73\x73\x69\x67\x6e\x73\x20\x61\x20\x73\x74\x61\x62\x6c\x65\x20\x72\x61\x6e\x64\x6f\x6d\x20\x67\x75\x65\x73\x74\x20\x6e\x61\x6d\x65\x20\x69\x6e\x73\x74\x65\x61\x64\x2e${_0x8a94b9_1 ? "\x20\x54\x68\x65\x20\x6c\x61\x73\x74\x2d\x73\x65\x65\x6e\x20\x49\x50\x20\x69\x73\x20\x61\x76\x61\x69\x6c\x61\x62\x6c\x65\x20\x6f\x6e\x6c\x79\x20\x74\x6f\x20\x73\x74\x61\x66\x66\x20\x77\x68\x6f\x20\x63\x61\x6e\x20\x6d\x61\x6e\x61\x67\x65\x20\x6e\x65\x74\x77\x6f\x72\x6b\x20\x62\x61\x6e\x73\x3b\x20\x73\x68\x61\x72\x65\x64\x20\x6f\x72\x20\x63\x68\x61\x6e\x67\x69\x6e\x67\x20\x49\x50\x73\x20\x6d\x61\x79\x20\x72\x65\x70\x72\x65\x73\x65\x6e\x74\x20\x6d\x6f\x72\x65\x20\x74\x68\x61\x6e\x20\x6f\x6e\x65\x20\x70\x65\x72\x73\x6f\x6e\x2e" : ""}\x20\x41\x63\x63\x6f\x75\x6e\x74\x2c\x20\x72\x6f\x6c\x65\x2c\x20\x73\x75\x62\x73\x63\x72\x69\x70\x74\x69\x6f\x6e\x2c\x20\x70\x72\x6f\x66\x69\x6c\x65\x2c\x20\x61\x6e\x64\x20\x61\x63\x63\x6f\x75\x6e\x74\x2d\x6d\x61\x6e\x61\x67\x65\x6d\x65\x6e\x74\x20\x63\x6f\x6e\x74\x72\x6f\x6c\x73\x20\x62\x65\x63\x6f\x6d\x65\x20\x61\x76\x61\x69\x6c\x61\x62\x6c\x65\x20\x6f\x6e\x6c\x79\x20\x61\x66\x74\x65\x72\x20\x74\x68\x65\x20\x76\x69\x73\x69\x74\x6f\x72\x20\x73\x69\x67\x6e\x73\x20\x69\x6e\x20\x6f\x72\x20\x63\x72\x65\x61\x74\x65\x73\x20\x61\x6e\x20\x61\x63\x63\x6f\x75\x6e\x74\x2e\x3c\x2f\x70\x3e\x3c\x2f\x73\x65\x63\x74\x69\x6f\x6e\x3e\x0a\x20\x20\x20\x20\x20\x20\x20\x20\x20\x20\x3c\x2f\x64\x69\x76\x3e`, 
        void requestAnimationFrame(() => _0x8a94b9_1a.classList.add("\x73\x68\x6f\x77"));
      }
      _0x8a94b9_1a.innerHTML = "\x3c\x64\x69\x76\x20\x63\x6c\x61\x73\x73\x3d\x22\x6e\x79\x78\x2d\x6f\x77\x6e\x65\x72\x2d\x64\x72\x61\x77\x65\x72\x2d\x6c\x6f\x61\x64\x69\x6e\x67\x22\x3e\x3c\x69\x3e\x3c\x2f\x69\x3e\x3c\x69\x3e\x3c\x2f\x69\x3e\x3c\x69\x3e\x3c\x2f\x69\x3e\x3c\x2f\x64\x69\x76\x3e", 
      requestAnimationFrame(() => _0x8a94b9_1a.classList.add("\x73\x68\x6f\x77"));
      try {
        const {user: _0x8a94b9_2, access: _0x8a94b9_6, capabilities: _0x8a94b9_d = {}} = await _0x8a94b9_20(`/gh/dubcatalt2-lab/nyx-jsdelivr-links@main/nyx-static/\x61\x70\x69\x2f\x6f\x77\x6e\x65\x72\x2d\x64\x61\x73\x68\x62\x6f\x61\x72\x64\x2f\x75\x73\x65\x72\x73\x2f${encodeURIComponent(_0x8a94b9_1)}`);
        _0x8a94b9_10.selectedUser = _0x8a94b9_2, _0x8a94b9_10.selectedCapabilities = _0x8a94b9_d, 
        _0x8a94b9_10.access = _0x8a94b9_6 || _0x8a94b9_10.access;
        const _0x8a94b9_e = _0x8a94b9_12(_0x8a94b9_2.photoUrl, "", (_0x8a94b9_2.displayName || "\x3f").slice(0, 1).toUpperCase()), _0x8a94b9_f = _0x8a94b9_6?.assignableRoles || [], _0x8a94b9_11 = _0x8a94b9_f.map(_0x8a94b9_1 => `\x3c\x6f\x70\x74\x69\x6f\x6e\x20\x76\x61\x6c\x75\x65\x3d\x22${_0x8a94b9_0(_0x8a94b9_1)}\x22${_0x8a94b9_33(_0x8a94b9_2.role, _0x8a94b9_1)}\x3e${_0x8a94b9_0(_0x8a94b9_4(_0x8a94b9_1))}\x3c\x2f\x6f\x70\x74\x69\x6f\x6e\x3e`).join(""), _0x8a94b9_14 = _0x8a94b9_6?.founder ? _0x8a94b9_10.customRoles.map(_0x8a94b9_1 => `\x3c\x6f\x70\x74\x69\x6f\x6e\x20\x76\x61\x6c\x75\x65\x3d\x22\x63\x75\x73\x74\x6f\x6d\x3a${_0x8a94b9_0(_0x8a94b9_1.id)}\x22${_0x8a94b9_2.customRole?.id === _0x8a94b9_1.id ? "\x20\x73\x65\x6c\x65\x63\x74\x65\x64" : ""}\x3e${_0x8a94b9_0(_0x8a94b9_1.label)}\x20\xb7\x20${_0x8a94b9_0(_0x8a94b9_4(_0x8a94b9_1.baseRole))}\x20\x70\x6c\x61\x63\x65\x6d\x65\x6e\x74\x3c\x2f\x6f\x70\x74\x69\x6f\x6e\x3e`).join("") : "", _0x8a94b9_15 = _0x8a94b9_2.customRole ? `\x63\x75\x73\x74\x6f\x6d\x3a${_0x8a94b9_2.customRole.id}` : _0x8a94b9_2.role, _0x8a94b9_17 = _0x8a94b9_2.customRole || _0x8a94b9_f.includes(_0x8a94b9_2.role) ? "" : `\x3c\x6f\x70\x74\x69\x6f\x6e\x20\x76\x61\x6c\x75\x65\x3d\x22${_0x8a94b9_0(_0x8a94b9_2.role)}\x22\x20\x73\x65\x6c\x65\x63\x74\x65\x64\x20\x64\x69\x73\x61\x62\x6c\x65\x64\x3e${_0x8a94b9_0(_0x8a94b9_4(_0x8a94b9_2.role))}\x3c\x2f\x6f\x70\x74\x69\x6f\x6e\x3e`, _0x8a94b9_18 = _0x8a94b9_d.canSetRole || _0x8a94b9_d.canSetSubscription ? `\x3c\x73\x65\x63\x74\x69\x6f\x6e\x20\x63\x6c\x61\x73\x73\x3d\x22\x6e\x79\x78\x2d\x6f\x77\x6e\x65\x72\x2d\x64\x65\x74\x61\x69\x6c\x2d\x73\x65\x63\x74\x69\x6f\x6e\x22\x3e\x3c\x68\x33\x3e\x41\x63\x63\x65\x73\x73\x3c\x2f\x68\x33\x3e\x0a\x20\x20\x20\x20\x20\x20\x20\x20\x20\x20${_0x8a94b9_d.canSetRole ? `\x3c\x6c\x61\x62\x65\x6c\x3e\x43\x75\x72\x72\x65\x6e\x74\x20\x72\x6f\x6c\x65\x3c\x73\x65\x6c\x65\x63\x74\x20\x64\x61\x74\x61\x2d\x6f\x77\x6e\x65\x72\x2d\x64\x65\x74\x61\x69\x6c\x2d\x72\x6f\x6c\x65\x3e${_0x8a94b9_11}${_0x8a94b9_14}${_0x8a94b9_17}\x3c\x2f\x73\x65\x6c\x65\x63\x74\x3e\x3c\x2f\x6c\x61\x62\x65\x6c\x3e${((_0x8a94b9_1, _0x8a94b9_2 = []) => {
          const _0x8a94b9_5 = new Set(_0x8a94b9_2), _0x8a94b9_6 = _0x8a94b9_3.filter(_0x8a94b9_0 => _0x8a94b9_5.has(_0x8a94b9_0) || _0x8a94b9_0 === _0x8a94b9_1);
          return `\x3c\x64\x69\x76\x20\x63\x6c\x61\x73\x73\x3d\x22\x6e\x79\x78\x2d\x6f\x77\x6e\x65\x72\x2d\x72\x6f\x6c\x65\x2d\x6f\x70\x74\x69\x6f\x6e\x73\x22\x20\x72\x6f\x6c\x65\x3d\x22\x72\x61\x64\x69\x6f\x67\x72\x6f\x75\x70\x22\x20\x61\x72\x69\x61\x2d\x6c\x61\x62\x65\x6c\x3d\x22\x41\x63\x63\x6f\x75\x6e\x74\x20\x72\x6f\x6c\x65\x22\x3e${_0x8a94b9_6.map(_0x8a94b9_2 => `\x3c\x62\x75\x74\x74\x6f\x6e\x20\x63\x6c\x61\x73\x73\x3d\x22\x72\x6f\x6c\x65\x2d${_0x8a94b9_0(_0x8a94b9_2)}${_0x8a94b9_1 === _0x8a94b9_2 ? "\x20\x61\x63\x74\x69\x76\x65" : ""}\x22\x20\x74\x79\x70\x65\x3d\x22\x62\x75\x74\x74\x6f\x6e\x22\x20\x72\x6f\x6c\x65\x3d\x22\x72\x61\x64\x69\x6f\x22\x20\x61\x72\x69\x61\x2d\x63\x68\x65\x63\x6b\x65\x64\x3d\x22${_0x8a94b9_1 === _0x8a94b9_2}\x22\x20\x64\x61\x74\x61\x2d\x6f\x77\x6e\x65\x72\x2d\x72\x6f\x6c\x65\x2d\x6f\x70\x74\x69\x6f\x6e\x3d\x22${_0x8a94b9_0(_0x8a94b9_2)}\x22\x20${_0x8a94b9_5.has(_0x8a94b9_2) ? "" : "\x64\x69\x73\x61\x62\x6c\x65\x64"}\x3e${_0x8a94b9_7(_0x8a94b9_2)}\x3c\x73\x70\x61\x6e\x3e${_0x8a94b9_0(_0x8a94b9_4(_0x8a94b9_2))}\x3c\x2f\x73\x70\x61\x6e\x3e\x3c\x2f\x62\x75\x74\x74\x6f\x6e\x3e`).join("")}${"\x6f\x77\x6e\x65\x72" !== _0x8a94b9_1 || _0x8a94b9_6.includes("\x6f\x77\x6e\x65\x72") ? "" : `\x3c\x62\x75\x74\x74\x6f\x6e\x20\x63\x6c\x61\x73\x73\x3d\x22\x72\x6f\x6c\x65\x2d\x6f\x77\x6e\x65\x72\x20\x61\x63\x74\x69\x76\x65\x22\x20\x74\x79\x70\x65\x3d\x22\x62\x75\x74\x74\x6f\x6e\x22\x20\x72\x6f\x6c\x65\x3d\x22\x72\x61\x64\x69\x6f\x22\x20\x61\x72\x69\x61\x2d\x63\x68\x65\x63\x6b\x65\x64\x3d\x22\x74\x72\x75\x65\x22\x20\x64\x69\x73\x61\x62\x6c\x65\x64\x3e${_0x8a94b9_7("\x6f\x77\x6e\x65\x72")}\x3c\x73\x70\x61\x6e\x3e\x4f\x77\x6e\x65\x72\x3c\x2f\x73\x70\x61\x6e\x3e\x3c\x2f\x62\x75\x74\x74\x6f\x6e\x3e`}\x3c\x2f\x64\x69\x76\x3e`;
        })(_0x8a94b9_2.role, _0x8a94b9_f)}` : `\x3c\x70\x20\x63\x6c\x61\x73\x73\x3d\x22\x6e\x79\x78\x2d\x6f\x77\x6e\x65\x72\x2d\x61\x63\x74\x69\x6f\x6e\x2d\x6e\x6f\x74\x65\x22\x3e\x52\x6f\x6c\x65\x3a\x20${_0x8a94b9_0(_0x8a94b9_5(_0x8a94b9_2))}\x3c\x2f\x70\x3e`}\x0a\x20\x20\x20\x20\x20\x20\x20\x20\x20\x20${_0x8a94b9_d.canSetSubscription ? `\x3c\x6c\x61\x62\x65\x6c\x3e\x53\x75\x62\x73\x63\x72\x69\x70\x74\x69\x6f\x6e\x3c\x73\x65\x6c\x65\x63\x74\x20\x64\x61\x74\x61\x2d\x6f\x77\x6e\x65\x72\x2d\x64\x65\x74\x61\x69\x6c\x2d\x73\x75\x62\x73\x63\x72\x69\x70\x74\x69\x6f\x6e\x3e\x3c\x6f\x70\x74\x69\x6f\x6e\x20\x76\x61\x6c\x75\x65\x3d\x22\x66\x72\x65\x65\x22\x3e\x46\x72\x65\x65\x3c\x2f\x6f\x70\x74\x69\x6f\x6e\x3e\x3c\x6f\x70\x74\x69\x6f\x6e\x20\x76\x61\x6c\x75\x65\x3d\x22\x70\x72\x65\x6d\x69\x75\x6d\x22\x3e\x50\x72\x65\x6d\x69\x75\x6d\x3c\x2f\x6f\x70\x74\x69\x6f\x6e\x3e\x3c\x6f\x70\x74\x69\x6f\x6e\x20\x76\x61\x6c\x75\x65\x3d\x22\x74\x72\x69\x61\x6c\x69\x6e\x67\x22\x3e\x54\x72\x69\x61\x6c\x3c\x2f\x6f\x70\x74\x69\x6f\x6e\x3e\x3c\x6f\x70\x74\x69\x6f\x6e\x20\x76\x61\x6c\x75\x65\x3d\x22\x70\x61\x73\x74\x5f\x64\x75\x65\x22\x3e\x50\x61\x73\x74\x20\x64\x75\x65\x3c\x2f\x6f\x70\x74\x69\x6f\x6e\x3e\x3c\x6f\x70\x74\x69\x6f\x6e\x20\x76\x61\x6c\x75\x65\x3d\x22\x63\x61\x6e\x63\x65\x6c\x65\x64\x22\x3e\x43\x61\x6e\x63\x65\x6c\x65\x64\x3c\x2f\x6f\x70\x74\x69\x6f\x6e\x3e\x3c\x2f\x73\x65\x6c\x65\x63\x74\x3e\x3c\x2f\x6c\x61\x62\x65\x6c\x3e\x3c\x70\x20\x63\x6c\x61\x73\x73\x3d\x22\x6e\x79\x78\x2d\x6f\x77\x6e\x65\x72\x2d\x70\x72\x65\x6d\x69\x75\x6d\x2d\x6e\x6f\x74\x65\x22\x3e\x50\x72\x65\x6d\x69\x75\x6d\x20\x61\x6e\x64\x20\x54\x72\x69\x61\x6c\x20\x61\x63\x63\x6f\x75\x6e\x74\x73\x20\x72\x65\x63\x65\x69\x76\x65\x20\x50\x72\x65\x6d\x69\x75\x6d\x20\x62\x65\x6e\x65\x66\x69\x74\x73\x20\x61\x75\x74\x6f\x6d\x61\x74\x69\x63\x61\x6c\x6c\x79\x20\x77\x68\x65\x6e\x20\x74\x68\x65\x79\x20\x73\x69\x67\x6e\x20\x69\x6e\x2e\x20\x54\x68\x65\x79\x20\x64\x6f\x20\x6e\x6f\x74\x20\x6e\x65\x65\x64\x20\x61\x20\x50\x72\x65\x6d\x69\x75\x6d\x20\x61\x63\x63\x65\x73\x73\x20\x63\x6f\x64\x65\x2e\x3c\x2f\x70\x3e\x3c\x6c\x61\x62\x65\x6c\x3e\x4d\x6f\x6e\x74\x68\x6c\x79\x20\x72\x65\x76\x65\x6e\x75\x65\x20\x3c\x69\x6e\x70\x75\x74\x20\x64\x61\x74\x61\x2d\x6f\x77\x6e\x65\x72\x2d\x64\x65\x74\x61\x69\x6c\x2d\x72\x65\x76\x65\x6e\x75\x65\x20\x74\x79\x70\x65\x3d\x22\x6e\x75\x6d\x62\x65\x72\x22\x20\x6d\x69\x6e\x3d\x22\x30\x22\x20\x73\x74\x65\x70\x3d\x22\x30\x2e\x30\x31\x22\x20\x76\x61\x6c\x75\x65\x3d\x22${((_0x8a94b9_2.monthlyRevenueCents || 0) / 100).toFixed(2)}\x22\x3e\x3c\x2f\x6c\x61\x62\x65\x6c\x3e` : `\x3c\x70\x20\x63\x6c\x61\x73\x73\x3d\x22\x6e\x79\x78\x2d\x6f\x77\x6e\x65\x72\x2d\x61\x63\x74\x69\x6f\x6e\x2d\x6e\x6f\x74\x65\x22\x3e\x53\x75\x62\x73\x63\x72\x69\x70\x74\x69\x6f\x6e\x3a\x20${_0x8a94b9_0(_0x8a94b9_9(_0x8a94b9_2.subscriptionStatus))}\x3c\x2f\x70\x3e`}\x0a\x20\x20\x20\x20\x20\x20\x20\x20\x20\x20\x3c\x64\x69\x76\x20\x63\x6c\x61\x73\x73\x3d\x22\x6e\x79\x78\x2d\x6f\x77\x6e\x65\x72\x2d\x64\x65\x74\x61\x69\x6c\x2d\x61\x63\x74\x69\x6f\x6e\x73\x22\x3e\x3c\x62\x75\x74\x74\x6f\x6e\x20\x74\x79\x70\x65\x3d\x22\x62\x75\x74\x74\x6f\x6e\x22\x20\x64\x61\x74\x61\x2d\x6f\x77\x6e\x65\x72\x2d\x73\x61\x76\x65\x2d\x61\x63\x63\x65\x73\x73\x3e${_0x8a94b9_16("\x73\x61\x76\x65")}\x53\x61\x76\x65\x20\x61\x63\x63\x65\x73\x73\x3c\x2f\x62\x75\x74\x74\x6f\x6e\x3e\x3c\x2f\x64\x69\x76\x3e\x3c\x2f\x73\x65\x63\x74\x69\x6f\x6e\x3e` : "", _0x8a94b9_19 = [ _0x8a94b9_d.canSetPassword ? `\x3c\x62\x75\x74\x74\x6f\x6e\x20\x74\x79\x70\x65\x3d\x22\x62\x75\x74\x74\x6f\x6e\x22\x20\x64\x61\x74\x61\x2d\x6f\x77\x6e\x65\x72\x2d\x75\x73\x65\x72\x2d\x61\x63\x74\x69\x6f\x6e\x3d\x22\x73\x65\x74\x5f\x70\x61\x73\x73\x77\x6f\x72\x64\x22\x3e${_0x8a94b9_16("\x6b\x65\x79")}\x53\x65\x74\x20\x63\x75\x73\x74\x6f\x6d\x20\x70\x61\x73\x73\x77\x6f\x72\x64\x3c\x2f\x62\x75\x74\x74\x6f\x6e\x3e` : "", _0x8a94b9_d.canResetPassword ? `\x3c\x62\x75\x74\x74\x6f\x6e\x20\x74\x79\x70\x65\x3d\x22\x62\x75\x74\x74\x6f\x6e\x22\x20\x64\x61\x74\x61\x2d\x6f\x77\x6e\x65\x72\x2d\x75\x73\x65\x72\x2d\x61\x63\x74\x69\x6f\x6e\x3d\x22\x63\x72\x65\x61\x74\x65\x5f\x70\x61\x73\x73\x77\x6f\x72\x64\x5f\x72\x65\x73\x65\x74\x5f\x6c\x69\x6e\x6b\x22\x3e${_0x8a94b9_16("\x6b\x65\x79")}\x43\x72\x65\x61\x74\x65\x20\x72\x65\x73\x65\x74\x20\x6c\x69\x6e\x6b\x3c\x2f\x62\x75\x74\x74\x6f\x6e\x3e` : "", _0x8a94b9_d.canResetPassword ? `\x3c\x62\x75\x74\x74\x6f\x6e\x20\x74\x79\x70\x65\x3d\x22\x62\x75\x74\x74\x6f\x6e\x22\x20\x64\x61\x74\x61\x2d\x6f\x77\x6e\x65\x72\x2d\x75\x73\x65\x72\x2d\x61\x63\x74\x69\x6f\x6e\x3d\x22\x73\x65\x6e\x64\x5f\x70\x61\x73\x73\x77\x6f\x72\x64\x5f\x72\x65\x73\x65\x74\x22\x20${_0x8a94b9_2.deliverableEmail ? "" : "\x64\x69\x73\x61\x62\x6c\x65\x64"}\x3e${_0x8a94b9_16("\x6d\x61\x69\x6c")}\x45\x6d\x61\x69\x6c\x20\x72\x65\x73\x65\x74\x20\x6c\x69\x6e\x6b\x3c\x2f\x62\x75\x74\x74\x6f\x6e\x3e` : "", _0x8a94b9_d.canVerifyEmail ? `\x3c\x62\x75\x74\x74\x6f\x6e\x20\x74\x79\x70\x65\x3d\x22\x62\x75\x74\x74\x6f\x6e\x22\x20\x64\x61\x74\x61\x2d\x6f\x77\x6e\x65\x72\x2d\x75\x73\x65\x72\x2d\x61\x63\x74\x69\x6f\x6e\x3d\x22\x76\x65\x72\x69\x66\x79\x5f\x65\x6d\x61\x69\x6c\x22\x20${_0x8a94b9_2.emailVerified || !_0x8a94b9_2.deliverableEmail ? "\x64\x69\x73\x61\x62\x6c\x65\x64" : ""}\x3e${_0x8a94b9_16("\x63\x68\x65\x63\x6b")}\x56\x65\x72\x69\x66\x79\x20\x65\x6d\x61\x69\x6c\x3c\x2f\x62\x75\x74\x74\x6f\x6e\x3e` : "", _0x8a94b9_d.canManageAiAccess ? `\x3c\x62\x75\x74\x74\x6f\x6e\x20\x74\x79\x70\x65\x3d\x22\x62\x75\x74\x74\x6f\x6e\x22\x20\x64\x61\x74\x61\x2d\x6f\x77\x6e\x65\x72\x2d\x75\x73\x65\x72\x2d\x61\x63\x74\x69\x6f\x6e\x3d\x22\x61\x69\x5f\x74\x72\x75\x73\x74\x22\x20${"\x74\x72\x75\x73\x74\x65\x64" === _0x8a94b9_2.aiAccess ? "\x64\x69\x73\x61\x62\x6c\x65\x64" : ""}\x3e${_0x8a94b9_16("\x63\x68\x65\x63\x6b")}\x41\x70\x70\x72\x6f\x76\x65\x20\x41\x49\x20\x61\x6c\x6c\x6f\x77\x61\x6e\x63\x65\x3c\x2f\x62\x75\x74\x74\x6f\x6e\x3e\x3c\x62\x75\x74\x74\x6f\x6e\x20\x74\x79\x70\x65\x3d\x22\x62\x75\x74\x74\x6f\x6e\x22\x20\x64\x61\x74\x61\x2d\x6f\x77\x6e\x65\x72\x2d\x75\x73\x65\x72\x2d\x61\x63\x74\x69\x6f\x6e\x3d\x22\x61\x69\x5f\x72\x65\x73\x74\x72\x69\x63\x74\x22\x20${"\x72\x65\x73\x74\x72\x69\x63\x74\x65\x64" === _0x8a94b9_2.aiAccess ? "\x64\x69\x73\x61\x62\x6c\x65\x64" : ""}\x3e${_0x8a94b9_16("\x75\x73\x65\x72\x4f\x66\x66")}\x52\x65\x73\x74\x72\x69\x63\x74\x20\x73\x68\x61\x72\x65\x64\x20\x41\x49\x3c\x2f\x62\x75\x74\x74\x6f\x6e\x3e\x3c\x62\x75\x74\x74\x6f\x6e\x20\x74\x79\x70\x65\x3d\x22\x62\x75\x74\x74\x6f\x6e\x22\x20\x64\x61\x74\x61\x2d\x6f\x77\x6e\x65\x72\x2d\x75\x73\x65\x72\x2d\x61\x63\x74\x69\x6f\x6e\x3d\x22\x61\x69\x5f\x72\x65\x73\x65\x74\x22\x20${"\x61\x75\x74\x6f\x6d\x61\x74\x69\x63" === _0x8a94b9_2.aiAccess ? "\x64\x69\x73\x61\x62\x6c\x65\x64" : ""}\x3e${_0x8a94b9_16("\x72\x65\x66\x72\x65\x73\x68")}\x41\x75\x74\x6f\x6d\x61\x74\x69\x63\x20\x41\x49\x20\x61\x63\x63\x65\x73\x73\x3c\x2f\x62\x75\x74\x74\x6f\x6e\x3e` : "", _0x8a94b9_d.canDisableAccount ? `\x3c\x62\x75\x74\x74\x6f\x6e\x20\x74\x79\x70\x65\x3d\x22\x62\x75\x74\x74\x6f\x6e\x22\x20\x64\x61\x74\x61\x2d\x6f\x77\x6e\x65\x72\x2d\x75\x73\x65\x72\x2d\x61\x63\x74\x69\x6f\x6e\x3d\x22${_0x8a94b9_2.disabled ? "\x65\x6e\x61\x62\x6c\x65" : "\x64\x69\x73\x61\x62\x6c\x65"}\x22\x3e${_0x8a94b9_16(_0x8a94b9_2.disabled ? "\x75\x73\x65\x72\x43\x68\x65\x63\x6b" : "\x75\x73\x65\x72\x4f\x66\x66")}${_0x8a94b9_2.disabled ? "\x52\x65\x2d\x65\x6e\x61\x62\x6c\x65\x20\x61\x63\x63\x6f\x75\x6e\x74" : "\x44\x69\x73\x61\x62\x6c\x65\x20\x61\x63\x63\x6f\x75\x6e\x74"}\x3c\x2f\x62\x75\x74\x74\x6f\x6e\x3e` : "", _0x8a94b9_d.canDisableAccount && !_0x8a94b9_2.disabled ? `\x3c\x62\x75\x74\x74\x6f\x6e\x20\x63\x6c\x61\x73\x73\x3d\x22\x64\x61\x6e\x67\x65\x72\x22\x20\x74\x79\x70\x65\x3d\x22\x62\x75\x74\x74\x6f\x6e\x22\x20\x64\x61\x74\x61\x2d\x6f\x77\x6e\x65\x72\x2d\x75\x73\x65\x72\x2d\x61\x63\x74\x69\x6f\x6e\x3d\x22\x62\x61\x6e\x22\x3e${_0x8a94b9_16("\x62\x61\x6e")}\x42\x61\x6e\x20\x61\x63\x63\x6f\x75\x6e\x74\x3c\x2f\x62\x75\x74\x74\x6f\x6e\x3e` : "", _0x8a94b9_d.canDisableAccount && _0x8a94b9_d.canManageNetworkBans && !_0x8a94b9_2.disabled && _0x8a94b9_2.lastSeenIp ? `\x3c\x62\x75\x74\x74\x6f\x6e\x20\x63\x6c\x61\x73\x73\x3d\x22\x64\x61\x6e\x67\x65\x72\x22\x20\x74\x79\x70\x65\x3d\x22\x62\x75\x74\x74\x6f\x6e\x22\x20\x64\x61\x74\x61\x2d\x6f\x77\x6e\x65\x72\x2d\x75\x73\x65\x72\x2d\x61\x63\x74\x69\x6f\x6e\x3d\x22\x64\x69\x73\x61\x62\x6c\x65\x5f\x77\x69\x74\x68\x5f\x69\x70\x5f\x62\x61\x6e\x22\x3e${_0x8a94b9_16("\x62\x61\x6e")}\x44\x69\x73\x61\x62\x6c\x65\x20\x2b\x20\x62\x6c\x6f\x63\x6b\x20\x49\x50\x3c\x2f\x62\x75\x74\x74\x6f\x6e\x3e` : "", _0x8a94b9_d.canDeleteAccount ? `\x3c\x62\x75\x74\x74\x6f\x6e\x20\x63\x6c\x61\x73\x73\x3d\x22\x64\x61\x6e\x67\x65\x72\x22\x20\x74\x79\x70\x65\x3d\x22\x62\x75\x74\x74\x6f\x6e\x22\x20\x64\x61\x74\x61\x2d\x6f\x77\x6e\x65\x72\x2d\x75\x73\x65\x72\x2d\x61\x63\x74\x69\x6f\x6e\x3d\x22\x64\x65\x6c\x65\x74\x65\x22\x3e${_0x8a94b9_16("\x74\x72\x61\x73\x68")}\x44\x65\x6c\x65\x74\x65\x20\x61\x63\x63\x6f\x75\x6e\x74\x3c\x2f\x62\x75\x74\x74\x6f\x6e\x3e` : "" ].filter(Boolean).join(""), _0x8a94b9_1b = _0x8a94b9_d.canManageNetworkBans ? _0x8a94b9_2.lastSeenIp ? `\x3c\x70\x20\x63\x6c\x61\x73\x73\x3d\x22\x6e\x79\x78\x2d\x6f\x77\x6e\x65\x72\x2d\x61\x63\x74\x69\x6f\x6e\x2d\x6e\x6f\x74\x65\x22\x3e\x4c\x61\x73\x74\x20\x73\x65\x65\x6e\x20\x49\x50\x3a\x20${_0x8a94b9_0(_0x8a94b9_2.lastSeenIp)}\x20\xb7\x20${_0x8a94b9_0(_0x8a94b9_b(_0x8a94b9_2.lastSeenIpAt))}\x2e\x20\x49\x50\x20\x61\x64\x64\x72\x65\x73\x73\x65\x73\x20\x63\x61\x6e\x20\x62\x65\x20\x73\x68\x61\x72\x65\x64\x20\x6f\x72\x20\x63\x68\x61\x6e\x67\x65\x20\x6f\x76\x65\x72\x20\x74\x69\x6d\x65\x2e\x3c\x2f\x70\x3e` : "\x3c\x70\x20\x63\x6c\x61\x73\x73\x3d\x22\x6e\x79\x78\x2d\x6f\x77\x6e\x65\x72\x2d\x61\x63\x74\x69\x6f\x6e\x2d\x6e\x6f\x74\x65\x22\x3e\x4e\x6f\x20\x49\x50\x20\x68\x61\x73\x20\x62\x65\x65\x6e\x20\x72\x65\x63\x6f\x72\x64\x65\x64\x20\x66\x6f\x72\x20\x74\x68\x69\x73\x20\x61\x63\x63\x6f\x75\x6e\x74\x20\x79\x65\x74\x2e\x20\x4e\x79\x78\x20\x72\x65\x63\x6f\x72\x64\x73\x20\x6f\x6e\x65\x20\x61\x66\x74\x65\x72\x20\x69\x74\x73\x20\x6e\x65\x78\x74\x20\x61\x75\x74\x68\x65\x6e\x74\x69\x63\x61\x74\x65\x64\x20\x61\x63\x74\x69\x76\x69\x74\x79\x2e\x3c\x2f\x70\x3e" : "", _0x8a94b9_1c = _0x8a94b9_19 ? `\x3c\x73\x65\x63\x74\x69\x6f\x6e\x20\x63\x6c\x61\x73\x73\x3d\x22\x6e\x79\x78\x2d\x6f\x77\x6e\x65\x72\x2d\x64\x65\x74\x61\x69\x6c\x2d\x73\x65\x63\x74\x69\x6f\x6e\x22\x3e\x3c\x68\x33\x3e\x41\x63\x63\x6f\x75\x6e\x74\x20\x61\x63\x74\x69\x6f\x6e\x73\x3c\x2f\x68\x33\x3e${!_0x8a94b9_2.deliverableEmail && _0x8a94b9_d.canResetPassword ? "\x3c\x70\x20\x63\x6c\x61\x73\x73\x3d\x22\x6e\x79\x78\x2d\x6f\x77\x6e\x65\x72\x2d\x61\x63\x74\x69\x6f\x6e\x2d\x6e\x6f\x74\x65\x22\x3e\x54\x68\x69\x73\x20\x75\x73\x65\x72\x6e\x61\x6d\x65\x2d\x6f\x6e\x6c\x79\x20\x61\x63\x63\x6f\x75\x6e\x74\x20\x68\x61\x73\x20\x6e\x6f\x20\x69\x6e\x62\x6f\x78\x2e\x20\x43\x72\x65\x61\x74\x65\x20\x61\x20\x73\x65\x63\x75\x72\x65\x20\x72\x65\x73\x65\x74\x20\x6c\x69\x6e\x6b\x20\x61\x6e\x64\x20\x67\x69\x76\x65\x20\x69\x74\x20\x64\x69\x72\x65\x63\x74\x6c\x79\x20\x74\x6f\x20\x74\x68\x65\x20\x61\x63\x63\x6f\x75\x6e\x74\x20\x6f\x77\x6e\x65\x72\x2e\x3c\x2f\x70\x3e" : ""}${_0x8a94b9_1b}\x3c\x64\x69\x76\x20\x63\x6c\x61\x73\x73\x3d\x22\x6e\x79\x78\x2d\x6f\x77\x6e\x65\x72\x2d\x61\x63\x74\x69\x6f\x6e\x2d\x67\x72\x69\x64\x22\x3e${_0x8a94b9_19}\x3c\x2f\x64\x69\x76\x3e\x3c\x2f\x73\x65\x63\x74\x69\x6f\x6e\x3e` : "", _0x8a94b9_1d = _0x8a94b9_d.canViewAudit ? `\x3c\x73\x65\x63\x74\x69\x6f\x6e\x20\x63\x6c\x61\x73\x73\x3d\x22\x6e\x79\x78\x2d\x6f\x77\x6e\x65\x72\x2d\x64\x65\x74\x61\x69\x6c\x2d\x73\x65\x63\x74\x69\x6f\x6e\x22\x3e\x3c\x68\x33\x3e\x52\x65\x63\x65\x6e\x74\x20\x75\x73\x65\x72\x20\x61\x63\x74\x69\x76\x69\x74\x79\x3c\x2f\x68\x33\x3e\x3c\x64\x69\x76\x20\x63\x6c\x61\x73\x73\x3d\x22\x6e\x79\x78\x2d\x6f\x77\x6e\x65\x72\x2d\x75\x73\x65\x72\x2d\x61\x63\x74\x69\x76\x69\x74\x79\x22\x3e${(_0x8a94b9_2.recentActivity || []).length ? _0x8a94b9_2.recentActivity.map(_0x8a94b9_1 => `\x3c\x70\x3e\x3c\x73\x74\x72\x6f\x6e\x67\x3e${_0x8a94b9_0(_0x8a94b9_a(_0x8a94b9_1.action))}\x3c\x2f\x73\x74\x72\x6f\x6e\x67\x3e\x3c\x73\x70\x61\x6e\x3e${_0x8a94b9_0(_0x8a94b9_c(_0x8a94b9_1.createdAt))}\x3c\x2f\x73\x70\x61\x6e\x3e\x3c\x2f\x70\x3e`).join("") : "\x3c\x73\x70\x61\x6e\x3e\x4e\x6f\x20\x72\x65\x63\x6f\x72\x64\x65\x64\x20\x61\x63\x63\x6f\x75\x6e\x74\x20\x61\x63\x74\x69\x6f\x6e\x73\x2e\x3c\x2f\x73\x70\x61\x6e\x3e"}\x3c\x2f\x64\x69\x76\x3e\x3c\x2f\x73\x65\x63\x74\x69\x6f\x6e\x3e` : "";
        _0x8a94b9_1a.innerHTML = `\x3c\x68\x65\x61\x64\x65\x72\x3e\x3c\x64\x69\x76\x20\x63\x6c\x61\x73\x73\x3d\x22\x6e\x79\x78\x2d\x6f\x77\x6e\x65\x72\x2d\x64\x65\x74\x61\x69\x6c\x2d\x61\x76\x61\x74\x61\x72\x22\x3e${_0x8a94b9_e}\x3c\x69\x20\x63\x6c\x61\x73\x73\x3d\x22${_0x8a94b9_2.online ? "\x6f\x6e\x6c\x69\x6e\x65" : ""}\x22\x3e\x3c\x2f\x69\x3e\x3c\x2f\x64\x69\x76\x3e\x3c\x64\x69\x76\x3e\x3c\x73\x70\x61\x6e\x3e${_0x8a94b9_7(_0x8a94b9_2.role)}\x3c\x73\x70\x61\x6e\x20\x63\x6c\x61\x73\x73\x3d\x22\x6e\x79\x78\x2d\x6d\x69\x6e\x65\x63\x72\x61\x66\x74\x2d\x74\x65\x78\x74\x22\x3e${_0x8a94b9_0(_0x8a94b9_5(_0x8a94b9_2))}\x3c\x2f\x73\x70\x61\x6e\x3e\x20\x61\x63\x63\x6f\x75\x6e\x74\x3c\x2f\x73\x70\x61\x6e\x3e\x3c\x68\x32\x3e${_0x8a94b9_0(_0x8a94b9_2.displayName)}\x3c\x2f\x68\x32\x3e\x3c\x70\x20\x63\x6c\x61\x73\x73\x3d\x22\x6e\x79\x78\x2d\x6f\x77\x6e\x65\x72\x2d\x64\x72\x61\x77\x65\x72\x2d\x69\x64\x65\x6e\x74\x69\x74\x79\x22\x3e\x40${_0x8a94b9_0(_0x8a94b9_2.username)}\x20\x3c\x73\x70\x61\x6e\x20\x63\x6c\x61\x73\x73\x3d\x22\x6e\x79\x78\x2d\x6f\x77\x6e\x65\x72\x2d\x70\x72\x65\x73\x65\x6e\x63\x65\x2d\x73\x74\x61\x74\x65\x20${_0x8a94b9_2.online ? "\x6f\x6e\x6c\x69\x6e\x65" : "\x6f\x66\x66\x6c\x69\x6e\x65"}\x22\x3e\x3c\x69\x3e\x3c\x2f\x69\x3e${_0x8a94b9_2.online ? "\x4f\x6e\x6c\x69\x6e\x65" : "\x4f\x66\x66\x6c\x69\x6e\x65"}\x3c\x2f\x73\x70\x61\x6e\x3e\x3c\x2f\x70\x3e\x3c\x2f\x64\x69\x76\x3e\x3c\x62\x75\x74\x74\x6f\x6e\x20\x74\x79\x70\x65\x3d\x22\x62\x75\x74\x74\x6f\x6e\x22\x20\x64\x61\x74\x61\x2d\x6f\x77\x6e\x65\x72\x2d\x64\x72\x61\x77\x65\x72\x2d\x63\x6c\x6f\x73\x65\x20\x61\x72\x69\x61\x2d\x6c\x61\x62\x65\x6c\x3d\x22\x43\x6c\x6f\x73\x65\x20\x75\x73\x65\x72\x20\x64\x65\x74\x61\x69\x6c\x73\x22\x3e${_0x8a94b9_16("\x63\x6c\x6f\x73\x65")}\x3c\x2f\x62\x75\x74\x74\x6f\x6e\x3e\x3c\x2f\x68\x65\x61\x64\x65\x72\x3e\x0a\x20\x20\x20\x20\x20\x20\x20\x20\x20\x20\x3c\x64\x69\x76\x20\x63\x6c\x61\x73\x73\x3d\x22\x6e\x79\x78\x2d\x6f\x77\x6e\x65\x72\x2d\x64\x72\x61\x77\x65\x72\x2d\x73\x63\x72\x6f\x6c\x6c\x22\x3e\x0a\x20\x20\x20\x20\x20\x20\x20\x20\x20\x20\x20\x20\x3c\x73\x65\x63\x74\x69\x6f\x6e\x20\x63\x6c\x61\x73\x73\x3d\x22\x6e\x79\x78\x2d\x6f\x77\x6e\x65\x72\x2d\x64\x65\x74\x61\x69\x6c\x2d\x67\x72\x69\x64\x22\x3e${_0x8a94b9_31("\x45\x6d\x61\x69\x6c", _0x8a94b9_2.deliverableEmail ? _0x8a94b9_2.email : "\x4e\x6f\x20\x65\x6d\x61\x69\x6c\x20\x61\x64\x64\x65\x64")}${_0x8a94b9_31("\x46\x69\x72\x65\x62\x61\x73\x65\x20\x55\x49\x44", _0x8a94b9_2.uid, "\x75\x69\x64")}${_0x8a94b9_31("\x50\x72\x65\x73\x65\x6e\x63\x65", _0x8a94b9_2.online ? "\x4f\x6e\x6c\x69\x6e\x65\x20\x6e\x6f\x77" : "\x4f\x66\x66\x6c\x69\x6e\x65")}${_0x8a94b9_31("\x4c\x61\x73\x74\x20\x73\x69\x67\x6e\x2d\x69\x6e", _0x8a94b9_b(_0x8a94b9_2.lastSignInAt))}${_0x8a94b9_31("\x4c\x61\x73\x74\x20\x61\x63\x74\x69\x76\x65", _0x8a94b9_b(_0x8a94b9_2.lastActiveAt))}${_0x8a94b9_d.canManageNetworkBans ? _0x8a94b9_31("\x4c\x61\x73\x74\x20\x73\x65\x65\x6e\x20\x49\x50", _0x8a94b9_2.lastSeenIp || "\x4e\x6f\x74\x20\x72\x65\x63\x6f\x72\x64\x65\x64\x20\x79\x65\x74", "\x69\x70\x2d\x61\x64\x64\x72\x65\x73\x73") : ""}${_0x8a94b9_d.canManageNetworkBans && _0x8a94b9_2.lastSeenIp ? _0x8a94b9_31("\x49\x50\x20\x6c\x61\x73\x74\x20\x73\x65\x65\x6e", _0x8a94b9_b(_0x8a94b9_2.lastSeenIpAt)) : ""}${_0x8a94b9_31("\x45\x6d\x61\x69\x6c\x20\x76\x65\x72\x69\x66\x69\x65\x64", _0x8a94b9_2.deliverableEmail ? _0x8a94b9_2.emailVerified ? "\x56\x65\x72\x69\x66\x69\x65\x64" : "\x4e\x6f\x74\x20\x76\x65\x72\x69\x66\x69\x65\x64" : "\x4e\x6f\x74\x20\x61\x70\x70\x6c\x69\x63\x61\x62\x6c\x65\x20\xb7\x20\x75\x73\x65\x72\x6e\x61\x6d\x65\x2d\x6f\x6e\x6c\x79")}\x3c\x2f\x73\x65\x63\x74\x69\x6f\x6e\x3e\x0a\x20\x20\x20\x20\x20\x20\x20\x20\x20\x20\x20\x20\x3c\x73\x65\x63\x74\x69\x6f\x6e\x20\x63\x6c\x61\x73\x73\x3d\x22\x6e\x79\x78\x2d\x6f\x77\x6e\x65\x72\x2d\x64\x65\x74\x61\x69\x6c\x2d\x73\x65\x63\x74\x69\x6f\x6e\x20\x6e\x79\x78\x2d\x6f\x77\x6e\x65\x72\x2d\x70\x72\x6f\x66\x69\x6c\x65\x2d\x6d\x61\x6e\x61\x67\x65\x6d\x65\x6e\x74\x22\x3e\x3c\x68\x33\x3e\x50\x75\x62\x6c\x69\x63\x20\x70\x72\x6f\x66\x69\x6c\x65\x3c\x2f\x68\x33\x3e${function(_0x8a94b9_1) {
          const _0x8a94b9_2 = _0x8a94b9_1.profile || {}, _0x8a94b9_3 = _0x8a94b9_32(_0x8a94b9_2.accentPrimary, "\x23\x35\x38\x36\x35\x66\x32"), _0x8a94b9_5 = _0x8a94b9_32(_0x8a94b9_2.accentSecondary, "\x23\x38\x65\x61\x31\x66\x66"), _0x8a94b9_6 = _0x8a94b9_32(_0x8a94b9_2.bannerColor, _0x8a94b9_5), _0x8a94b9_8 = _0x8a94b9_32(_0x8a94b9_2.displayNameColorPrimary, "\x23\x66\x66\x66\x66\x66\x66"), _0x8a94b9_9 = _0x8a94b9_32(_0x8a94b9_2.displayNameColorSecondary, _0x8a94b9_5), _0x8a94b9_a = _0x8a94b9_32(_0x8a94b9_2.customEffectColorPrimary, "\x23\x66\x66\x66\x66\x66\x66"), _0x8a94b9_b = _0x8a94b9_32(_0x8a94b9_2.customEffectColorSecondary, _0x8a94b9_5), _0x8a94b9_c = String(_0x8a94b9_2.profileEffect || "\x6e\x6f\x6e\x65").toLowerCase(), _0x8a94b9_d = String(_0x8a94b9_2.avatarDecoration || "\x6e\x6f\x6e\x65").toLowerCase(), _0x8a94b9_e = String(_0x8a94b9_2.displayNameFont || "\x67\x67\x2d\x73\x61\x6e\x73").toLowerCase(), _0x8a94b9_f = String(_0x8a94b9_2.displayNameEffect || "\x73\x6f\x6c\x69\x64").toLowerCase(), _0x8a94b9_10 = Math.max(2, Math.min(18, Number(_0x8a94b9_2.customEffectSpeed) || 7)), _0x8a94b9_11 = Math.max(20, Math.min(100, Number(_0x8a94b9_2.customEffectIntensity) || 70)), _0x8a94b9_13 = _0x8a94b9_12(_0x8a94b9_2.avatarUrl, _0x8a94b9_2.displayName || _0x8a94b9_1.displayName, (_0x8a94b9_2.displayName || _0x8a94b9_1.displayName || "\x3f").slice(0, 1).toUpperCase()), _0x8a94b9_14 = _0x8a94b9_12(_0x8a94b9_2.bannerUrl, "");
          return `\x3c\x61\x72\x74\x69\x63\x6c\x65\x20\x63\x6c\x61\x73\x73\x3d\x22\x6e\x79\x78\x2d\x6f\x77\x6e\x65\x72\x2d\x70\x75\x62\x6c\x69\x63\x2d\x70\x72\x6f\x66\x69\x6c\x65\x20\x6e\x79\x78\x2d\x6f\x77\x6e\x65\x72\x2d\x65\x66\x66\x65\x63\x74\x2d${_0x8a94b9_0(_0x8a94b9_c)}\x22\x20\x73\x74\x79\x6c\x65\x3d\x22\x2d\x2d\x70\x72\x6f\x66\x69\x6c\x65\x2d\x70\x72\x69\x6d\x61\x72\x79\x3a${_0x8a94b9_3}\x3b\x2d\x2d\x70\x72\x6f\x66\x69\x6c\x65\x2d\x73\x65\x63\x6f\x6e\x64\x61\x72\x79\x3a${_0x8a94b9_5}\x3b\x2d\x2d\x70\x72\x6f\x66\x69\x6c\x65\x2d\x62\x61\x6e\x6e\x65\x72\x3a${_0x8a94b9_6}\x3b\x2d\x2d\x70\x72\x6f\x66\x69\x6c\x65\x2d\x6e\x61\x6d\x65\x2d\x70\x72\x69\x6d\x61\x72\x79\x3a${_0x8a94b9_8}\x3b\x2d\x2d\x70\x72\x6f\x66\x69\x6c\x65\x2d\x6e\x61\x6d\x65\x2d\x73\x65\x63\x6f\x6e\x64\x61\x72\x79\x3a${_0x8a94b9_9}\x3b\x2d\x2d\x70\x72\x6f\x66\x69\x6c\x65\x2d\x63\x75\x73\x74\x6f\x6d\x2d\x70\x72\x69\x6d\x61\x72\x79\x3a${_0x8a94b9_a}\x3b\x2d\x2d\x70\x72\x6f\x66\x69\x6c\x65\x2d\x63\x75\x73\x74\x6f\x6d\x2d\x73\x65\x63\x6f\x6e\x64\x61\x72\x79\x3a${_0x8a94b9_b}\x3b\x2d\x2d\x70\x72\x6f\x66\x69\x6c\x65\x2d\x65\x66\x66\x65\x63\x74\x2d\x73\x70\x65\x65\x64\x3a${_0x8a94b9_10}\x73\x3b\x2d\x2d\x70\x72\x6f\x66\x69\x6c\x65\x2d\x65\x66\x66\x65\x63\x74\x2d\x6f\x70\x61\x63\x69\x74\x79\x3a${_0x8a94b9_11 / 100}\x22\x3e\x0a\x20\x20\x20\x20\x20\x20\x20\x20\x3c\x69\x20\x63\x6c\x61\x73\x73\x3d\x22\x6e\x79\x78\x2d\x6f\x77\x6e\x65\x72\x2d\x70\x75\x62\x6c\x69\x63\x2d\x65\x66\x66\x65\x63\x74\x22\x20\x61\x72\x69\x61\x2d\x68\x69\x64\x64\x65\x6e\x3d\x22\x74\x72\x75\x65\x22\x3e\x3c\x2f\x69\x3e\x0a\x20\x20\x20\x20\x20\x20\x20\x20\x3c\x64\x69\x76\x20\x63\x6c\x61\x73\x73\x3d\x22\x6e\x79\x78\x2d\x6f\x77\x6e\x65\x72\x2d\x70\x75\x62\x6c\x69\x63\x2d\x62\x61\x6e\x6e\x65\x72\x22\x3e${_0x8a94b9_14}\x3c\x2f\x64\x69\x76\x3e\x0a\x20\x20\x20\x20\x20\x20\x20\x20\x3c\x64\x69\x76\x20\x63\x6c\x61\x73\x73\x3d\x22\x6e\x79\x78\x2d\x6f\x77\x6e\x65\x72\x2d\x70\x75\x62\x6c\x69\x63\x2d\x61\x76\x61\x74\x61\x72\x20\x6e\x79\x78\x2d\x6f\x77\x6e\x65\x72\x2d\x64\x65\x63\x6f\x72\x61\x74\x69\x6f\x6e\x2d${_0x8a94b9_0(_0x8a94b9_d)}\x22\x3e${_0x8a94b9_13}\x3c\x65\x6d\x20\x61\x72\x69\x61\x2d\x68\x69\x64\x64\x65\x6e\x3d\x22\x74\x72\x75\x65\x22\x3e\x3c\x2f\x65\x6d\x3e\x3c\x69\x20\x63\x6c\x61\x73\x73\x3d\x22${_0x8a94b9_1.online ? "\x6f\x6e\x6c\x69\x6e\x65" : ""}\x22\x3e\x3c\x2f\x69\x3e\x3c\x2f\x64\x69\x76\x3e\x0a\x20\x20\x20\x20\x20\x20\x20\x20\x3c\x64\x69\x76\x20\x63\x6c\x61\x73\x73\x3d\x22\x6e\x79\x78\x2d\x6f\x77\x6e\x65\x72\x2d\x70\x75\x62\x6c\x69\x63\x2d\x62\x6f\x64\x79\x22\x3e\x0a\x20\x20\x20\x20\x20\x20\x20\x20\x20\x20\x3c\x73\x74\x72\x6f\x6e\x67\x20\x63\x6c\x61\x73\x73\x3d\x22\x6e\x79\x78\x2d\x6f\x77\x6e\x65\x72\x2d\x6e\x61\x6d\x65\x2d\x66\x6f\x6e\x74\x2d${_0x8a94b9_0(_0x8a94b9_e)}\x20\x6e\x79\x78\x2d\x6f\x77\x6e\x65\x72\x2d\x6e\x61\x6d\x65\x2d\x65\x66\x66\x65\x63\x74\x2d${_0x8a94b9_0(_0x8a94b9_f)}\x22\x3e${_0x8a94b9_0(_0x8a94b9_2.displayName || _0x8a94b9_1.displayName)}\x3c\x2f\x73\x74\x72\x6f\x6e\x67\x3e\x0a\x20\x20\x20\x20\x20\x20\x20\x20\x20\x20\x3c\x73\x70\x61\x6e\x3e${_0x8a94b9_0(_0x8a94b9_2.handle || `\x40${_0x8a94b9_1.username}`)}\x3c\x2f\x73\x70\x61\x6e\x3e\x0a\x20\x20\x20\x20\x20\x20\x20\x20\x20\x20${_0x8a94b9_2.customStatus ? `\x3c\x70\x20\x63\x6c\x61\x73\x73\x3d\x22\x73\x74\x61\x74\x75\x73\x22\x3e${_0x8a94b9_0(_0x8a94b9_2.customStatus)}\x3c\x2f\x70\x3e` : ""}\x0a\x20\x20\x20\x20\x20\x20\x20\x20\x20\x20\x3c\x64\x69\x76\x3e\x3c\x62\x3e\x41\x62\x6f\x75\x74\x20\x6d\x65\x3c\x2f\x62\x3e\x3c\x70\x3e${_0x8a94b9_0(_0x8a94b9_2.bio || "\x4e\x6f\x20\x62\x69\x6f\x20\x79\x65\x74\x2e")}\x3c\x2f\x70\x3e\x3c\x2f\x64\x69\x76\x3e\x0a\x20\x20\x20\x20\x20\x20\x20\x20\x20\x20\x3c\x73\x6d\x61\x6c\x6c\x3e${_0x8a94b9_7(_0x8a94b9_1.role)}${_0x8a94b9_0(_0x8a94b9_4(_0x8a94b9_1.role))}\x20\xb7\x20${_0x8a94b9_1.online ? "\x4f\x6e\x6c\x69\x6e\x65" : "\x4f\x66\x66\x6c\x69\x6e\x65"}\x3c\x2f\x73\x6d\x61\x6c\x6c\x3e\x0a\x20\x20\x20\x20\x20\x20\x20\x20\x3c\x2f\x64\x69\x76\x3e\x0a\x20\x20\x20\x20\x20\x20\x3c\x2f\x61\x72\x74\x69\x63\x6c\x65\x3e`;
        }(_0x8a94b9_2)}${_0x8a94b9_d.canEditProfile ? `\x3c\x64\x65\x74\x61\x69\x6c\x73\x3e\x3c\x73\x75\x6d\x6d\x61\x72\x79\x3e\x45\x64\x69\x74\x20\x74\x68\x69\x73\x20\x70\x72\x6f\x66\x69\x6c\x65\x3c\x2f\x73\x75\x6d\x6d\x61\x72\x79\x3e${function(_0x8a94b9_1) {
          const _0x8a94b9_2 = _0x8a94b9_1.profile || {}, _0x8a94b9_3 = /^https?:\/\//i.test(String(_0x8a94b9_2.avatarUrl || "")) ? _0x8a94b9_2.avatarUrl : "", _0x8a94b9_4 = /^https?:\/\//i.test(String(_0x8a94b9_2.bannerUrl || "")) ? _0x8a94b9_2.bannerUrl : "", _0x8a94b9_5 = _0x8a94b9_12(_0x8a94b9_2.avatarUrl, "\x43\x75\x72\x72\x65\x6e\x74\x20\x61\x76\x61\x74\x61\x72", (_0x8a94b9_2.displayName || _0x8a94b9_1.displayName || "\x3f").slice(0, 1).toUpperCase()), _0x8a94b9_6 = _0x8a94b9_12(_0x8a94b9_2.bannerUrl, "\x43\x75\x72\x72\x65\x6e\x74\x20\x62\x61\x6e\x6e\x65\x72"), _0x8a94b9_7 = `\x6e\x79\x78\x2d\x6f\x77\x6e\x65\x72\x2d\x61\x76\x61\x74\x61\x72\x2d${_0x8a94b9_0(_0x8a94b9_1.uid)}`, _0x8a94b9_8 = `\x6e\x79\x78\x2d\x6f\x77\x6e\x65\x72\x2d\x62\x61\x6e\x6e\x65\x72\x2d${_0x8a94b9_0(_0x8a94b9_1.uid)}`;
          return `\x3c\x66\x6f\x72\x6d\x20\x63\x6c\x61\x73\x73\x3d\x22\x6e\x79\x78\x2d\x6f\x77\x6e\x65\x72\x2d\x70\x72\x6f\x66\x69\x6c\x65\x2d\x65\x64\x69\x74\x6f\x72\x22\x20\x64\x61\x74\x61\x2d\x6f\x77\x6e\x65\x72\x2d\x70\x72\x6f\x66\x69\x6c\x65\x2d\x66\x6f\x72\x6d\x3e\x0a\x20\x20\x20\x20\x20\x20\x20\x20\x3c\x64\x69\x76\x20\x63\x6c\x61\x73\x73\x3d\x22\x6e\x79\x78\x2d\x6f\x77\x6e\x65\x72\x2d\x6d\x65\x64\x69\x61\x2d\x65\x64\x69\x74\x6f\x72\x73\x22\x3e\x0a\x20\x20\x20\x20\x20\x20\x20\x20\x20\x20\x3c\x61\x72\x74\x69\x63\x6c\x65\x20\x63\x6c\x61\x73\x73\x3d\x22\x6e\x79\x78\x2d\x6f\x77\x6e\x65\x72\x2d\x6d\x65\x64\x69\x61\x2d\x65\x64\x69\x74\x6f\x72\x22\x3e\x0a\x20\x20\x20\x20\x20\x20\x20\x20\x20\x20\x20\x20\x3c\x64\x69\x76\x20\x63\x6c\x61\x73\x73\x3d\x22\x6e\x79\x78\x2d\x6f\x77\x6e\x65\x72\x2d\x6d\x65\x64\x69\x61\x2d\x70\x72\x65\x76\x69\x65\x77\x20\x61\x76\x61\x74\x61\x72\x22\x20\x64\x61\x74\x61\x2d\x6f\x77\x6e\x65\x72\x2d\x6d\x65\x64\x69\x61\x2d\x70\x72\x65\x76\x69\x65\x77\x3d\x22\x61\x76\x61\x74\x61\x72\x22\x3e${_0x8a94b9_5}\x3c\x2f\x64\x69\x76\x3e\x0a\x20\x20\x20\x20\x20\x20\x20\x20\x20\x20\x20\x20\x3c\x64\x69\x76\x3e\x3c\x73\x74\x72\x6f\x6e\x67\x3e\x50\x72\x6f\x66\x69\x6c\x65\x20\x61\x76\x61\x74\x61\x72\x3c\x2f\x73\x74\x72\x6f\x6e\x67\x3e\x3c\x73\x70\x61\x6e\x20\x64\x61\x74\x61\x2d\x6f\x77\x6e\x65\x72\x2d\x6d\x65\x64\x69\x61\x2d\x6e\x61\x6d\x65\x3d\x22\x61\x76\x61\x74\x61\x72\x22\x3e\x50\x4e\x47\x2c\x20\x4a\x50\x47\x2c\x20\x57\x65\x62\x50\x2c\x20\x6f\x72\x20\x61\x6e\x69\x6d\x61\x74\x65\x64\x20\x47\x49\x46\x20\xb7\x20\x38\x20\x4d\x42\x20\x6d\x61\x78\x3c\x2f\x73\x70\x61\x6e\x3e\x3c\x2f\x64\x69\x76\x3e\x0a\x20\x20\x20\x20\x20\x20\x20\x20\x20\x20\x20\x20\x3c\x6c\x61\x62\x65\x6c\x20\x63\x6c\x61\x73\x73\x3d\x22\x6e\x79\x78\x2d\x6f\x77\x6e\x65\x72\x2d\x6d\x65\x64\x69\x61\x2d\x62\x75\x74\x74\x6f\x6e\x22\x20\x66\x6f\x72\x3d\x22${_0x8a94b9_7}\x22\x3e\x43\x68\x6f\x6f\x73\x65\x20\x61\x76\x61\x74\x61\x72\x3c\x2f\x6c\x61\x62\x65\x6c\x3e\x0a\x20\x20\x20\x20\x20\x20\x20\x20\x20\x20\x20\x20\x3c\x69\x6e\x70\x75\x74\x20\x63\x6c\x61\x73\x73\x3d\x22\x6e\x79\x78\x2d\x6f\x77\x6e\x65\x72\x2d\x6d\x65\x64\x69\x61\x2d\x69\x6e\x70\x75\x74\x22\x20\x69\x64\x3d\x22${_0x8a94b9_7}\x22\x20\x6e\x61\x6d\x65\x3d\x22\x61\x76\x61\x74\x61\x72\x46\x69\x6c\x65\x22\x20\x74\x79\x70\x65\x3d\x22\x66\x69\x6c\x65\x22\x20\x61\x63\x63\x65\x70\x74\x3d\x22\x69\x6d\x61\x67\x65\x2f\x70\x6e\x67\x2c\x69\x6d\x61\x67\x65\x2f\x6a\x70\x65\x67\x2c\x69\x6d\x61\x67\x65\x2f\x77\x65\x62\x70\x2c\x69\x6d\x61\x67\x65\x2f\x67\x69\x66\x22\x3e\x0a\x20\x20\x20\x20\x20\x20\x20\x20\x20\x20\x3c\x2f\x61\x72\x74\x69\x63\x6c\x65\x3e\x0a\x20\x20\x20\x20\x20\x20\x20\x20\x20\x20\x3c\x61\x72\x74\x69\x63\x6c\x65\x20\x63\x6c\x61\x73\x73\x3d\x22\x6e\x79\x78\x2d\x6f\x77\x6e\x65\x72\x2d\x6d\x65\x64\x69\x61\x2d\x65\x64\x69\x74\x6f\x72\x20\x62\x61\x6e\x6e\x65\x72\x22\x3e\x0a\x20\x20\x20\x20\x20\x20\x20\x20\x20\x20\x20\x20\x3c\x64\x69\x76\x20\x63\x6c\x61\x73\x73\x3d\x22\x6e\x79\x78\x2d\x6f\x77\x6e\x65\x72\x2d\x6d\x65\x64\x69\x61\x2d\x70\x72\x65\x76\x69\x65\x77\x20\x62\x61\x6e\x6e\x65\x72\x22\x20\x64\x61\x74\x61\x2d\x6f\x77\x6e\x65\x72\x2d\x6d\x65\x64\x69\x61\x2d\x70\x72\x65\x76\x69\x65\x77\x3d\x22\x62\x61\x6e\x6e\x65\x72\x22\x20\x73\x74\x79\x6c\x65\x3d\x22\x2d\x2d\x6f\x77\x6e\x65\x72\x2d\x62\x61\x6e\x6e\x65\x72\x2d\x70\x72\x65\x76\x69\x65\x77\x3a${_0x8a94b9_32(_0x8a94b9_2.bannerColor, "\x23\x38\x65\x61\x31\x66\x66")}\x22\x3e${_0x8a94b9_6}\x3c\x2f\x64\x69\x76\x3e\x0a\x20\x20\x20\x20\x20\x20\x20\x20\x20\x20\x20\x20\x3c\x64\x69\x76\x3e\x3c\x73\x74\x72\x6f\x6e\x67\x3e\x50\x72\x6f\x66\x69\x6c\x65\x20\x62\x61\x6e\x6e\x65\x72\x3c\x2f\x73\x74\x72\x6f\x6e\x67\x3e\x3c\x73\x70\x61\x6e\x20\x64\x61\x74\x61\x2d\x6f\x77\x6e\x65\x72\x2d\x6d\x65\x64\x69\x61\x2d\x6e\x61\x6d\x65\x3d\x22\x62\x61\x6e\x6e\x65\x72\x22\x3e\x50\x4e\x47\x2c\x20\x4a\x50\x47\x2c\x20\x57\x65\x62\x50\x2c\x20\x6f\x72\x20\x61\x6e\x69\x6d\x61\x74\x65\x64\x20\x47\x49\x46\x20\xb7\x20\x38\x20\x4d\x42\x20\x6d\x61\x78\x3c\x2f\x73\x70\x61\x6e\x3e\x3c\x2f\x64\x69\x76\x3e\x0a\x20\x20\x20\x20\x20\x20\x20\x20\x20\x20\x20\x20\x3c\x6c\x61\x62\x65\x6c\x20\x63\x6c\x61\x73\x73\x3d\x22\x6e\x79\x78\x2d\x6f\x77\x6e\x65\x72\x2d\x6d\x65\x64\x69\x61\x2d\x62\x75\x74\x74\x6f\x6e\x22\x20\x66\x6f\x72\x3d\x22${_0x8a94b9_8}\x22\x3e\x43\x68\x6f\x6f\x73\x65\x20\x62\x61\x6e\x6e\x65\x72\x3c\x2f\x6c\x61\x62\x65\x6c\x3e\x0a\x20\x20\x20\x20\x20\x20\x20\x20\x20\x20\x20\x20\x3c\x69\x6e\x70\x75\x74\x20\x63\x6c\x61\x73\x73\x3d\x22\x6e\x79\x78\x2d\x6f\x77\x6e\x65\x72\x2d\x6d\x65\x64\x69\x61\x2d\x69\x6e\x70\x75\x74\x22\x20\x69\x64\x3d\x22${_0x8a94b9_8}\x22\x20\x6e\x61\x6d\x65\x3d\x22\x62\x61\x6e\x6e\x65\x72\x46\x69\x6c\x65\x22\x20\x74\x79\x70\x65\x3d\x22\x66\x69\x6c\x65\x22\x20\x61\x63\x63\x65\x70\x74\x3d\x22\x69\x6d\x61\x67\x65\x2f\x70\x6e\x67\x2c\x69\x6d\x61\x67\x65\x2f\x6a\x70\x65\x67\x2c\x69\x6d\x61\x67\x65\x2f\x77\x65\x62\x70\x2c\x69\x6d\x61\x67\x65\x2f\x67\x69\x66\x22\x3e\x0a\x20\x20\x20\x20\x20\x20\x20\x20\x20\x20\x3c\x2f\x61\x72\x74\x69\x63\x6c\x65\x3e\x0a\x20\x20\x20\x20\x20\x20\x20\x20\x3c\x2f\x64\x69\x76\x3e\x0a\x20\x20\x20\x20\x20\x20\x20\x20\x3c\x70\x20\x63\x6c\x61\x73\x73\x3d\x22\x6e\x79\x78\x2d\x6f\x77\x6e\x65\x72\x2d\x6d\x65\x64\x69\x61\x2d\x65\x72\x72\x6f\x72\x22\x20\x64\x61\x74\x61\x2d\x6f\x77\x6e\x65\x72\x2d\x6d\x65\x64\x69\x61\x2d\x65\x72\x72\x6f\x72\x20\x72\x6f\x6c\x65\x3d\x22\x61\x6c\x65\x72\x74\x22\x3e\x3c\x2f\x70\x3e\x0a\x20\x20\x20\x20\x20\x20\x20\x20\x3c\x64\x69\x76\x20\x63\x6c\x61\x73\x73\x3d\x22\x6e\x79\x78\x2d\x6f\x77\x6e\x65\x72\x2d\x70\x72\x6f\x66\x69\x6c\x65\x2d\x66\x69\x65\x6c\x64\x73\x22\x3e\x0a\x20\x20\x20\x20\x20\x20\x20\x20\x20\x20\x3c\x6c\x61\x62\x65\x6c\x3e\x44\x69\x73\x70\x6c\x61\x79\x20\x6e\x61\x6d\x65\x3c\x69\x6e\x70\x75\x74\x20\x6e\x61\x6d\x65\x3d\x22\x64\x69\x73\x70\x6c\x61\x79\x4e\x61\x6d\x65\x22\x20\x6d\x61\x78\x6c\x65\x6e\x67\x74\x68\x3d\x22\x34\x38\x22\x20\x72\x65\x71\x75\x69\x72\x65\x64\x20\x76\x61\x6c\x75\x65\x3d\x22${_0x8a94b9_0(_0x8a94b9_2.displayName || _0x8a94b9_1.displayName)}\x22\x3e\x3c\x2f\x6c\x61\x62\x65\x6c\x3e\x0a\x20\x20\x20\x20\x20\x20\x20\x20\x20\x20\x3c\x6c\x61\x62\x65\x6c\x3e\x55\x73\x65\x72\x6e\x61\x6d\x65\x3c\x73\x70\x61\x6e\x20\x63\x6c\x61\x73\x73\x3d\x22\x6e\x79\x78\x2d\x6f\x77\x6e\x65\x72\x2d\x70\x72\x65\x66\x69\x78\x65\x64\x2d\x69\x6e\x70\x75\x74\x22\x3e\x3c\x69\x3e\x40\x3c\x2f\x69\x3e\x3c\x69\x6e\x70\x75\x74\x20\x6e\x61\x6d\x65\x3d\x22\x68\x61\x6e\x64\x6c\x65\x22\x20\x6d\x61\x78\x6c\x65\x6e\x67\x74\x68\x3d\x22\x33\x32\x22\x20\x72\x65\x71\x75\x69\x72\x65\x64\x20\x76\x61\x6c\x75\x65\x3d\x22${_0x8a94b9_0(String(_0x8a94b9_2.handle || _0x8a94b9_1.username).replace(/^@/, ""))}\x22\x3e\x3c\x2f\x73\x70\x61\x6e\x3e\x3c\x2f\x6c\x61\x62\x65\x6c\x3e\x0a\x20\x20\x20\x20\x20\x20\x20\x20\x20\x20\x3c\x6c\x61\x62\x65\x6c\x20\x63\x6c\x61\x73\x73\x3d\x22\x77\x69\x64\x65\x22\x3e\x41\x62\x6f\x75\x74\x20\x6d\x65\x3c\x74\x65\x78\x74\x61\x72\x65\x61\x20\x6e\x61\x6d\x65\x3d\x22\x62\x69\x6f\x22\x20\x6d\x61\x78\x6c\x65\x6e\x67\x74\x68\x3d\x22\x32\x38\x30\x22\x20\x72\x6f\x77\x73\x3d\x22\x34\x22\x3e${_0x8a94b9_0(_0x8a94b9_2.bio || "")}\x3c\x2f\x74\x65\x78\x74\x61\x72\x65\x61\x3e\x3c\x2f\x6c\x61\x62\x65\x6c\x3e\x0a\x20\x20\x20\x20\x20\x20\x20\x20\x20\x20\x3c\x6c\x61\x62\x65\x6c\x20\x63\x6c\x61\x73\x73\x3d\x22\x77\x69\x64\x65\x22\x3e\x43\x75\x73\x74\x6f\x6d\x20\x73\x74\x61\x74\x75\x73\x3c\x69\x6e\x70\x75\x74\x20\x6e\x61\x6d\x65\x3d\x22\x63\x75\x73\x74\x6f\x6d\x53\x74\x61\x74\x75\x73\x22\x20\x6d\x61\x78\x6c\x65\x6e\x67\x74\x68\x3d\x22\x38\x30\x22\x20\x76\x61\x6c\x75\x65\x3d\x22${_0x8a94b9_0(_0x8a94b9_2.customStatus || "")}\x22\x3e\x3c\x2f\x6c\x61\x62\x65\x6c\x3e\x0a\x20\x20\x20\x20\x20\x20\x20\x20\x20\x20\x3c\x6c\x61\x62\x65\x6c\x3e\x53\x74\x61\x74\x75\x73\x3c\x73\x65\x6c\x65\x63\x74\x20\x6e\x61\x6d\x65\x3d\x22\x73\x74\x61\x74\x75\x73\x22\x3e\x3c\x6f\x70\x74\x69\x6f\x6e\x20\x76\x61\x6c\x75\x65\x3d\x22\x6f\x6e\x6c\x69\x6e\x65\x22${_0x8a94b9_33(_0x8a94b9_2.status, "\x6f\x6e\x6c\x69\x6e\x65")}\x3e\x4f\x6e\x6c\x69\x6e\x65\x3c\x2f\x6f\x70\x74\x69\x6f\x6e\x3e\x3c\x6f\x70\x74\x69\x6f\x6e\x20\x76\x61\x6c\x75\x65\x3d\x22\x69\x64\x6c\x65\x22${_0x8a94b9_33(_0x8a94b9_2.status, "\x69\x64\x6c\x65")}\x3e\x49\x64\x6c\x65\x3c\x2f\x6f\x70\x74\x69\x6f\x6e\x3e\x3c\x6f\x70\x74\x69\x6f\x6e\x20\x76\x61\x6c\x75\x65\x3d\x22\x64\x6e\x64\x22${_0x8a94b9_33(_0x8a94b9_2.status, "\x64\x6e\x64")}\x3e\x44\x6f\x20\x6e\x6f\x74\x20\x64\x69\x73\x74\x75\x72\x62\x3c\x2f\x6f\x70\x74\x69\x6f\x6e\x3e\x3c\x6f\x70\x74\x69\x6f\x6e\x20\x76\x61\x6c\x75\x65\x3d\x22\x6f\x66\x66\x6c\x69\x6e\x65\x22${_0x8a94b9_33(_0x8a94b9_2.status, "\x6f\x66\x66\x6c\x69\x6e\x65")}\x3e\x4f\x66\x66\x6c\x69\x6e\x65\x3c\x2f\x6f\x70\x74\x69\x6f\x6e\x3e\x3c\x2f\x73\x65\x6c\x65\x63\x74\x3e\x3c\x2f\x6c\x61\x62\x65\x6c\x3e\x0a\x20\x20\x20\x20\x20\x20\x20\x20\x20\x20\x3c\x6c\x61\x62\x65\x6c\x3e\x4e\x61\x6d\x65\x20\x73\x74\x79\x6c\x65\x3c\x73\x65\x6c\x65\x63\x74\x20\x6e\x61\x6d\x65\x3d\x22\x64\x69\x73\x70\x6c\x61\x79\x4e\x61\x6d\x65\x46\x6f\x6e\x74\x22\x3e\x3c\x6f\x70\x74\x69\x6f\x6e\x20\x76\x61\x6c\x75\x65\x3d\x22\x67\x67\x2d\x73\x61\x6e\x73\x22${_0x8a94b9_33(_0x8a94b9_2.displayNameFont, "\x67\x67\x2d\x73\x61\x6e\x73")}\x3e\x44\x65\x66\x61\x75\x6c\x74\x3c\x2f\x6f\x70\x74\x69\x6f\x6e\x3e\x3c\x6f\x70\x74\x69\x6f\x6e\x20\x76\x61\x6c\x75\x65\x3d\x22\x68\x65\x61\x64\x6c\x69\x6e\x65\x22${_0x8a94b9_33(_0x8a94b9_2.displayNameFont, "\x68\x65\x61\x64\x6c\x69\x6e\x65")}\x3e\x48\x65\x61\x64\x6c\x69\x6e\x65\x3c\x2f\x6f\x70\x74\x69\x6f\x6e\x3e\x3c\x6f\x70\x74\x69\x6f\x6e\x20\x76\x61\x6c\x75\x65\x3d\x22\x72\x6f\x75\x6e\x64\x65\x64\x22${_0x8a94b9_33(_0x8a94b9_2.displayNameFont, "\x72\x6f\x75\x6e\x64\x65\x64")}\x3e\x52\x6f\x75\x6e\x64\x65\x64\x3c\x2f\x6f\x70\x74\x69\x6f\x6e\x3e\x3c\x6f\x70\x74\x69\x6f\x6e\x20\x76\x61\x6c\x75\x65\x3d\x22\x77\x69\x64\x65\x22${_0x8a94b9_33(_0x8a94b9_2.displayNameFont, "\x77\x69\x64\x65")}\x3e\x57\x69\x64\x65\x3c\x2f\x6f\x70\x74\x69\x6f\x6e\x3e\x3c\x6f\x70\x74\x69\x6f\x6e\x20\x76\x61\x6c\x75\x65\x3d\x22\x73\x6c\x61\x62\x22${_0x8a94b9_33(_0x8a94b9_2.displayNameFont, "\x73\x6c\x61\x62")}\x3e\x53\x6c\x61\x62\x3c\x2f\x6f\x70\x74\x69\x6f\x6e\x3e\x3c\x6f\x70\x74\x69\x6f\x6e\x20\x76\x61\x6c\x75\x65\x3d\x22\x63\x6f\x6e\x64\x65\x6e\x73\x65\x64\x22${_0x8a94b9_33(_0x8a94b9_2.displayNameFont, "\x63\x6f\x6e\x64\x65\x6e\x73\x65\x64")}\x3e\x43\x6f\x6e\x64\x65\x6e\x73\x65\x64\x3c\x2f\x6f\x70\x74\x69\x6f\x6e\x3e\x3c\x6f\x70\x74\x69\x6f\x6e\x20\x76\x61\x6c\x75\x65\x3d\x22\x6d\x6f\x6e\x6f\x2d\x62\x6c\x6f\x63\x6b\x22${_0x8a94b9_33(_0x8a94b9_2.displayNameFont, "\x6d\x6f\x6e\x6f\x2d\x62\x6c\x6f\x63\x6b")}\x3e\x4d\x6f\x6e\x6f\x20\x62\x6c\x6f\x63\x6b\x3c\x2f\x6f\x70\x74\x69\x6f\x6e\x3e\x3c\x6f\x70\x74\x69\x6f\x6e\x20\x76\x61\x6c\x75\x65\x3d\x22\x74\x65\x6d\x70\x6f\x22${_0x8a94b9_33(_0x8a94b9_2.displayNameFont, "\x74\x65\x6d\x70\x6f")}\x3e\x54\x65\x6d\x70\x6f\x3c\x2f\x6f\x70\x74\x69\x6f\x6e\x3e\x3c\x6f\x70\x74\x69\x6f\x6e\x20\x76\x61\x6c\x75\x65\x3d\x22\x73\x61\x6b\x75\x72\x61\x22${_0x8a94b9_33(_0x8a94b9_2.displayNameFont, "\x73\x61\x6b\x75\x72\x61")}\x3e\x53\x61\x6b\x75\x72\x61\x3c\x2f\x6f\x70\x74\x69\x6f\x6e\x3e\x3c\x6f\x70\x74\x69\x6f\x6e\x20\x76\x61\x6c\x75\x65\x3d\x22\x6a\x65\x6c\x6c\x79\x62\x65\x61\x6e\x22${_0x8a94b9_33(_0x8a94b9_2.displayNameFont, "\x6a\x65\x6c\x6c\x79\x62\x65\x61\x6e")}\x3e\x4a\x65\x6c\x6c\x79\x62\x65\x61\x6e\x3c\x2f\x6f\x70\x74\x69\x6f\x6e\x3e\x3c\x6f\x70\x74\x69\x6f\x6e\x20\x76\x61\x6c\x75\x65\x3d\x22\x6d\x6f\x64\x65\x72\x6e\x22${_0x8a94b9_33(_0x8a94b9_2.displayNameFont, "\x6d\x6f\x64\x65\x72\x6e")}\x3e\x4d\x6f\x64\x65\x72\x6e\x3c\x2f\x6f\x70\x74\x69\x6f\x6e\x3e\x3c\x6f\x70\x74\x69\x6f\x6e\x20\x76\x61\x6c\x75\x65\x3d\x22\x6d\x65\x64\x69\x65\x76\x61\x6c\x22${_0x8a94b9_33(_0x8a94b9_2.displayNameFont, "\x6d\x65\x64\x69\x65\x76\x61\x6c")}\x3e\x4d\x65\x64\x69\x65\x76\x61\x6c\x3c\x2f\x6f\x70\x74\x69\x6f\x6e\x3e\x3c\x6f\x70\x74\x69\x6f\x6e\x20\x76\x61\x6c\x75\x65\x3d\x22\x65\x69\x67\x68\x74\x2d\x62\x69\x74\x22${_0x8a94b9_33(_0x8a94b9_2.displayNameFont, "\x65\x69\x67\x68\x74\x2d\x62\x69\x74")}\x3e\x45\x69\x67\x68\x74\x20\x62\x69\x74\x3c\x2f\x6f\x70\x74\x69\x6f\x6e\x3e\x3c\x6f\x70\x74\x69\x6f\x6e\x20\x76\x61\x6c\x75\x65\x3d\x22\x76\x61\x6d\x70\x79\x72\x65\x22${_0x8a94b9_33(_0x8a94b9_2.displayNameFont, "\x76\x61\x6d\x70\x79\x72\x65")}\x3e\x56\x61\x6d\x70\x79\x72\x65\x3c\x2f\x6f\x70\x74\x69\x6f\x6e\x3e\x3c\x2f\x73\x65\x6c\x65\x63\x74\x3e\x3c\x2f\x6c\x61\x62\x65\x6c\x3e\x0a\x20\x20\x20\x20\x20\x20\x20\x20\x20\x20\x3c\x6c\x61\x62\x65\x6c\x3e\x50\x72\x69\x6d\x61\x72\x79\x20\x63\x6f\x6c\x6f\x72\x3c\x69\x6e\x70\x75\x74\x20\x6e\x61\x6d\x65\x3d\x22\x61\x63\x63\x65\x6e\x74\x50\x72\x69\x6d\x61\x72\x79\x22\x20\x74\x79\x70\x65\x3d\x22\x63\x6f\x6c\x6f\x72\x22\x20\x76\x61\x6c\x75\x65\x3d\x22${_0x8a94b9_32(_0x8a94b9_2.accentPrimary, "\x23\x35\x38\x36\x35\x66\x32")}\x22\x3e\x3c\x2f\x6c\x61\x62\x65\x6c\x3e\x0a\x20\x20\x20\x20\x20\x20\x20\x20\x20\x20\x3c\x6c\x61\x62\x65\x6c\x3e\x41\x63\x63\x65\x6e\x74\x20\x63\x6f\x6c\x6f\x72\x3c\x69\x6e\x70\x75\x74\x20\x6e\x61\x6d\x65\x3d\x22\x61\x63\x63\x65\x6e\x74\x53\x65\x63\x6f\x6e\x64\x61\x72\x79\x22\x20\x74\x79\x70\x65\x3d\x22\x63\x6f\x6c\x6f\x72\x22\x20\x76\x61\x6c\x75\x65\x3d\x22${_0x8a94b9_32(_0x8a94b9_2.accentSecondary, "\x23\x38\x65\x61\x31\x66\x66")}\x22\x3e\x3c\x2f\x6c\x61\x62\x65\x6c\x3e\x0a\x20\x20\x20\x20\x20\x20\x20\x20\x20\x20\x3c\x6c\x61\x62\x65\x6c\x3e\x42\x61\x6e\x6e\x65\x72\x20\x66\x61\x6c\x6c\x62\x61\x63\x6b\x3c\x69\x6e\x70\x75\x74\x20\x6e\x61\x6d\x65\x3d\x22\x62\x61\x6e\x6e\x65\x72\x43\x6f\x6c\x6f\x72\x22\x20\x74\x79\x70\x65\x3d\x22\x63\x6f\x6c\x6f\x72\x22\x20\x76\x61\x6c\x75\x65\x3d\x22${_0x8a94b9_32(_0x8a94b9_2.bannerColor, "\x23\x38\x65\x61\x31\x66\x66")}\x22\x3e\x3c\x2f\x6c\x61\x62\x65\x6c\x3e\x0a\x20\x20\x20\x20\x20\x20\x20\x20\x20\x20\x3c\x6c\x61\x62\x65\x6c\x3e\x4e\x61\x6d\x65\x20\x65\x66\x66\x65\x63\x74\x3c\x73\x65\x6c\x65\x63\x74\x20\x6e\x61\x6d\x65\x3d\x22\x64\x69\x73\x70\x6c\x61\x79\x4e\x61\x6d\x65\x45\x66\x66\x65\x63\x74\x22\x3e\x3c\x6f\x70\x74\x69\x6f\x6e\x20\x76\x61\x6c\x75\x65\x3d\x22\x73\x6f\x6c\x69\x64\x22${_0x8a94b9_33(_0x8a94b9_2.displayNameEffect, "\x73\x6f\x6c\x69\x64")}\x3e\x53\x6f\x6c\x69\x64\x3c\x2f\x6f\x70\x74\x69\x6f\x6e\x3e\x3c\x6f\x70\x74\x69\x6f\x6e\x20\x76\x61\x6c\x75\x65\x3d\x22\x67\x72\x61\x64\x69\x65\x6e\x74\x22${_0x8a94b9_33(_0x8a94b9_2.displayNameEffect, "\x67\x72\x61\x64\x69\x65\x6e\x74")}\x3e\x47\x72\x61\x64\x69\x65\x6e\x74\x3c\x2f\x6f\x70\x74\x69\x6f\x6e\x3e\x3c\x6f\x70\x74\x69\x6f\x6e\x20\x76\x61\x6c\x75\x65\x3d\x22\x6e\x65\x6f\x6e\x22${_0x8a94b9_33(_0x8a94b9_2.displayNameEffect, "\x6e\x65\x6f\x6e")}\x3e\x4e\x65\x6f\x6e\x3c\x2f\x6f\x70\x74\x69\x6f\x6e\x3e\x3c\x6f\x70\x74\x69\x6f\x6e\x20\x76\x61\x6c\x75\x65\x3d\x22\x74\x6f\x6f\x6e\x22${_0x8a94b9_33(_0x8a94b9_2.displayNameEffect, "\x74\x6f\x6f\x6e")}\x3e\x54\x6f\x6f\x6e\x3c\x2f\x6f\x70\x74\x69\x6f\x6e\x3e\x3c\x6f\x70\x74\x69\x6f\x6e\x20\x76\x61\x6c\x75\x65\x3d\x22\x70\x6f\x70\x22${_0x8a94b9_33(_0x8a94b9_2.displayNameEffect, "\x70\x6f\x70")}\x3e\x50\x6f\x70\x3c\x2f\x6f\x70\x74\x69\x6f\x6e\x3e\x3c\x2f\x73\x65\x6c\x65\x63\x74\x3e\x3c\x2f\x6c\x61\x62\x65\x6c\x3e\x0a\x20\x20\x20\x20\x20\x20\x20\x20\x20\x20\x3c\x6c\x61\x62\x65\x6c\x3e\x50\x72\x6f\x66\x69\x6c\x65\x20\x65\x66\x66\x65\x63\x74\x3c\x73\x65\x6c\x65\x63\x74\x20\x6e\x61\x6d\x65\x3d\x22\x70\x72\x6f\x66\x69\x6c\x65\x45\x66\x66\x65\x63\x74\x22\x3e\x3c\x6f\x70\x74\x69\x6f\x6e\x20\x76\x61\x6c\x75\x65\x3d\x22\x6e\x6f\x6e\x65\x22${_0x8a94b9_33(_0x8a94b9_2.profileEffect, "\x6e\x6f\x6e\x65")}\x3e\x4e\x6f\x6e\x65\x3c\x2f\x6f\x70\x74\x69\x6f\x6e\x3e\x3c\x6f\x70\x74\x69\x6f\x6e\x20\x76\x61\x6c\x75\x65\x3d\x22\x67\x6c\x6f\x77\x22${_0x8a94b9_33(_0x8a94b9_2.profileEffect, "\x67\x6c\x6f\x77")}\x3e\x47\x6c\x6f\x77\x3c\x2f\x6f\x70\x74\x69\x6f\x6e\x3e\x3c\x6f\x70\x74\x69\x6f\x6e\x20\x76\x61\x6c\x75\x65\x3d\x22\x73\x70\x61\x72\x6b\x6c\x65\x22${_0x8a94b9_33(_0x8a94b9_2.profileEffect, "\x73\x70\x61\x72\x6b\x6c\x65")}\x3e\x53\x70\x61\x72\x6b\x6c\x65\x3c\x2f\x6f\x70\x74\x69\x6f\x6e\x3e\x3c\x6f\x70\x74\x69\x6f\x6e\x20\x76\x61\x6c\x75\x65\x3d\x22\x61\x75\x72\x6f\x72\x61\x22${_0x8a94b9_33(_0x8a94b9_2.profileEffect, "\x61\x75\x72\x6f\x72\x61")}\x3e\x41\x75\x72\x6f\x72\x61\x3c\x2f\x6f\x70\x74\x69\x6f\x6e\x3e\x3c\x6f\x70\x74\x69\x6f\x6e\x20\x76\x61\x6c\x75\x65\x3d\x22\x68\x6f\x6c\x6f\x67\x72\x61\x70\x68\x69\x63\x22${_0x8a94b9_33(_0x8a94b9_2.profileEffect, "\x68\x6f\x6c\x6f\x67\x72\x61\x70\x68\x69\x63")}\x3e\x48\x6f\x6c\x6f\x67\x72\x61\x70\x68\x69\x63\x3c\x2f\x6f\x70\x74\x69\x6f\x6e\x3e\x3c\x6f\x70\x74\x69\x6f\x6e\x20\x76\x61\x6c\x75\x65\x3d\x22\x66\x69\x72\x65\x66\x6c\x69\x65\x73\x22${_0x8a94b9_33(_0x8a94b9_2.profileEffect, "\x66\x69\x72\x65\x66\x6c\x69\x65\x73")}\x3e\x46\x69\x72\x65\x66\x6c\x69\x65\x73\x3c\x2f\x6f\x70\x74\x69\x6f\x6e\x3e\x3c\x6f\x70\x74\x69\x6f\x6e\x20\x76\x61\x6c\x75\x65\x3d\x22\x63\x6f\x73\x6d\x69\x63\x2d\x64\x75\x73\x74\x22${_0x8a94b9_33(_0x8a94b9_2.profileEffect, "\x63\x6f\x73\x6d\x69\x63\x2d\x64\x75\x73\x74")}\x3e\x43\x6f\x73\x6d\x69\x63\x20\x64\x75\x73\x74\x3c\x2f\x6f\x70\x74\x69\x6f\x6e\x3e\x3c\x6f\x70\x74\x69\x6f\x6e\x20\x76\x61\x6c\x75\x65\x3d\x22\x65\x6c\x65\x63\x74\x72\x69\x63\x2d\x73\x74\x6f\x72\x6d\x22${_0x8a94b9_33(_0x8a94b9_2.profileEffect, "\x65\x6c\x65\x63\x74\x72\x69\x63\x2d\x73\x74\x6f\x72\x6d")}\x3e\x45\x6c\x65\x63\x74\x72\x69\x63\x20\x73\x74\x6f\x72\x6d\x3c\x2f\x6f\x70\x74\x69\x6f\x6e\x3e\x3c\x6f\x70\x74\x69\x6f\x6e\x20\x76\x61\x6c\x75\x65\x3d\x22\x6d\x65\x74\x65\x6f\x72\x2d\x73\x68\x6f\x77\x65\x72\x22${_0x8a94b9_33(_0x8a94b9_2.profileEffect, "\x6d\x65\x74\x65\x6f\x72\x2d\x73\x68\x6f\x77\x65\x72")}\x3e\x4d\x65\x74\x65\x6f\x72\x20\x73\x68\x6f\x77\x65\x72\x3c\x2f\x6f\x70\x74\x69\x6f\x6e\x3e\x3c\x6f\x70\x74\x69\x6f\x6e\x20\x76\x61\x6c\x75\x65\x3d\x22\x63\x79\x62\x65\x72\x2d\x67\x72\x69\x64\x22${_0x8a94b9_33(_0x8a94b9_2.profileEffect, "\x63\x79\x62\x65\x72\x2d\x67\x72\x69\x64")}\x3e\x43\x79\x62\x65\x72\x20\x67\x72\x69\x64\x3c\x2f\x6f\x70\x74\x69\x6f\x6e\x3e\x3c\x6f\x70\x74\x69\x6f\x6e\x20\x76\x61\x6c\x75\x65\x3d\x22\x70\x6c\x61\x73\x6d\x61\x22${_0x8a94b9_33(_0x8a94b9_2.profileEffect, "\x70\x6c\x61\x73\x6d\x61")}\x3e\x50\x6c\x61\x73\x6d\x61\x3c\x2f\x6f\x70\x74\x69\x6f\x6e\x3e\x3c\x6f\x70\x74\x69\x6f\x6e\x20\x76\x61\x6c\x75\x65\x3d\x22\x73\x6e\x6f\x77\x66\x61\x6c\x6c\x22${_0x8a94b9_33(_0x8a94b9_2.profileEffect, "\x73\x6e\x6f\x77\x66\x61\x6c\x6c")}\x3e\x53\x6e\x6f\x77\x66\x61\x6c\x6c\x3c\x2f\x6f\x70\x74\x69\x6f\x6e\x3e\x3c\x6f\x70\x74\x69\x6f\x6e\x20\x76\x61\x6c\x75\x65\x3d\x22\x65\x6d\x62\x65\x72\x73\x22${_0x8a94b9_33(_0x8a94b9_2.profileEffect, "\x65\x6d\x62\x65\x72\x73")}\x3e\x45\x6d\x62\x65\x72\x73\x3c\x2f\x6f\x70\x74\x69\x6f\x6e\x3e\x3c\x6f\x70\x74\x69\x6f\x6e\x20\x76\x61\x6c\x75\x65\x3d\x22\x62\x75\x62\x62\x6c\x65\x73\x22${_0x8a94b9_33(_0x8a94b9_2.profileEffect, "\x62\x75\x62\x62\x6c\x65\x73")}\x3e\x42\x75\x62\x62\x6c\x65\x73\x3c\x2f\x6f\x70\x74\x69\x6f\x6e\x3e\x3c\x6f\x70\x74\x69\x6f\x6e\x20\x76\x61\x6c\x75\x65\x3d\x22\x63\x75\x73\x74\x6f\x6d\x22${_0x8a94b9_33(_0x8a94b9_2.profileEffect, "\x63\x75\x73\x74\x6f\x6d")}\x3e\x43\x75\x73\x74\x6f\x6d\x3c\x2f\x6f\x70\x74\x69\x6f\x6e\x3e\x3c\x2f\x73\x65\x6c\x65\x63\x74\x3e\x3c\x2f\x6c\x61\x62\x65\x6c\x3e\x0a\x20\x20\x20\x20\x20\x20\x20\x20\x20\x20\x3c\x6c\x61\x62\x65\x6c\x3e\x41\x76\x61\x74\x61\x72\x20\x64\x65\x63\x6f\x72\x61\x74\x69\x6f\x6e\x3c\x73\x65\x6c\x65\x63\x74\x20\x6e\x61\x6d\x65\x3d\x22\x61\x76\x61\x74\x61\x72\x44\x65\x63\x6f\x72\x61\x74\x69\x6f\x6e\x22\x3e\x3c\x6f\x70\x74\x69\x6f\x6e\x20\x76\x61\x6c\x75\x65\x3d\x22\x6e\x6f\x6e\x65\x22${_0x8a94b9_33(_0x8a94b9_2.avatarDecoration, "\x6e\x6f\x6e\x65")}\x3e\x4e\x6f\x6e\x65\x3c\x2f\x6f\x70\x74\x69\x6f\x6e\x3e\x3c\x6f\x70\x74\x69\x6f\x6e\x20\x76\x61\x6c\x75\x65\x3d\x22\x73\x74\x61\x72\x66\x61\x6c\x6c\x22${_0x8a94b9_33(_0x8a94b9_2.avatarDecoration, "\x73\x74\x61\x72\x66\x61\x6c\x6c")}\x3e\x53\x74\x61\x72\x66\x61\x6c\x6c\x3c\x2f\x6f\x70\x74\x69\x6f\x6e\x3e\x3c\x6f\x70\x74\x69\x6f\x6e\x20\x76\x61\x6c\x75\x65\x3d\x22\x6f\x72\x62\x69\x74\x22${_0x8a94b9_33(_0x8a94b9_2.avatarDecoration, "\x6f\x72\x62\x69\x74")}\x3e\x4f\x72\x62\x69\x74\x3c\x2f\x6f\x70\x74\x69\x6f\x6e\x3e\x3c\x6f\x70\x74\x69\x6f\x6e\x20\x76\x61\x6c\x75\x65\x3d\x22\x6c\x61\x75\x72\x65\x6c\x22${_0x8a94b9_33(_0x8a94b9_2.avatarDecoration, "\x6c\x61\x75\x72\x65\x6c")}\x3e\x4c\x61\x75\x72\x65\x6c\x3c\x2f\x6f\x70\x74\x69\x6f\x6e\x3e\x3c\x6f\x70\x74\x69\x6f\x6e\x20\x76\x61\x6c\x75\x65\x3d\x22\x6e\x65\x6f\x6e\x2d\x77\x69\x6e\x67\x73\x22${_0x8a94b9_33(_0x8a94b9_2.avatarDecoration, "\x6e\x65\x6f\x6e\x2d\x77\x69\x6e\x67\x73")}\x3e\x4e\x65\x6f\x6e\x20\x77\x69\x6e\x67\x73\x3c\x2f\x6f\x70\x74\x69\x6f\x6e\x3e\x3c\x2f\x73\x65\x6c\x65\x63\x74\x3e\x3c\x2f\x6c\x61\x62\x65\x6c\x3e\x0a\x20\x20\x20\x20\x20\x20\x20\x20\x20\x20\x3c\x6c\x61\x62\x65\x6c\x20\x63\x6c\x61\x73\x73\x3d\x22\x77\x69\x64\x65\x22\x3e\x41\x76\x61\x74\x61\x72\x20\x55\x52\x4c\x20\x28\x6f\x70\x74\x69\x6f\x6e\x61\x6c\x29\x3c\x69\x6e\x70\x75\x74\x20\x6e\x61\x6d\x65\x3d\x22\x61\x76\x61\x74\x61\x72\x55\x72\x6c\x22\x20\x74\x79\x70\x65\x3d\x22\x75\x72\x6c\x22\x20\x70\x6c\x61\x63\x65\x68\x6f\x6c\x64\x65\x72\x3d\x22\x4c\x65\x61\x76\x65\x20\x62\x6c\x61\x6e\x6b\x20\x74\x6f\x20\x6b\x65\x65\x70\x20\x74\x68\x65\x20\x63\x75\x72\x72\x65\x6e\x74\x20\x69\x6d\x61\x67\x65\x22\x20\x76\x61\x6c\x75\x65\x3d\x22${_0x8a94b9_0(_0x8a94b9_3)}\x22\x3e\x3c\x2f\x6c\x61\x62\x65\x6c\x3e\x0a\x20\x20\x20\x20\x20\x20\x20\x20\x20\x20\x3c\x6c\x61\x62\x65\x6c\x20\x63\x6c\x61\x73\x73\x3d\x22\x77\x69\x64\x65\x22\x3e\x42\x61\x6e\x6e\x65\x72\x20\x55\x52\x4c\x20\x28\x6f\x70\x74\x69\x6f\x6e\x61\x6c\x29\x3c\x69\x6e\x70\x75\x74\x20\x6e\x61\x6d\x65\x3d\x22\x62\x61\x6e\x6e\x65\x72\x55\x72\x6c\x22\x20\x74\x79\x70\x65\x3d\x22\x75\x72\x6c\x22\x20\x70\x6c\x61\x63\x65\x68\x6f\x6c\x64\x65\x72\x3d\x22\x4c\x65\x61\x76\x65\x20\x62\x6c\x61\x6e\x6b\x20\x74\x6f\x20\x6b\x65\x65\x70\x20\x74\x68\x65\x20\x63\x75\x72\x72\x65\x6e\x74\x20\x69\x6d\x61\x67\x65\x22\x20\x76\x61\x6c\x75\x65\x3d\x22${_0x8a94b9_0(_0x8a94b9_4)}\x22\x3e\x3c\x2f\x6c\x61\x62\x65\x6c\x3e\x0a\x20\x20\x20\x20\x20\x20\x20\x20\x3c\x2f\x64\x69\x76\x3e\x0a\x20\x20\x20\x20\x20\x20\x20\x20\x3c\x64\x69\x76\x20\x63\x6c\x61\x73\x73\x3d\x22\x6e\x79\x78\x2d\x6f\x77\x6e\x65\x72\x2d\x6d\x65\x64\x69\x61\x2d\x72\x65\x6d\x6f\x76\x61\x6c\x22\x3e\x0a\x20\x20\x20\x20\x20\x20\x20\x20\x20\x20\x3c\x6c\x61\x62\x65\x6c\x3e\x3c\x69\x6e\x70\x75\x74\x20\x6e\x61\x6d\x65\x3d\x22\x72\x65\x6d\x6f\x76\x65\x41\x76\x61\x74\x61\x72\x22\x20\x74\x79\x70\x65\x3d\x22\x63\x68\x65\x63\x6b\x62\x6f\x78\x22\x3e\x20\x52\x65\x6d\x6f\x76\x65\x20\x63\x75\x72\x72\x65\x6e\x74\x20\x61\x76\x61\x74\x61\x72\x3c\x2f\x6c\x61\x62\x65\x6c\x3e\x0a\x20\x20\x20\x20\x20\x20\x20\x20\x20\x20\x3c\x6c\x61\x62\x65\x6c\x3e\x3c\x69\x6e\x70\x75\x74\x20\x6e\x61\x6d\x65\x3d\x22\x72\x65\x6d\x6f\x76\x65\x42\x61\x6e\x6e\x65\x72\x22\x20\x74\x79\x70\x65\x3d\x22\x63\x68\x65\x63\x6b\x62\x6f\x78\x22\x3e\x20\x52\x65\x6d\x6f\x76\x65\x20\x63\x75\x72\x72\x65\x6e\x74\x20\x62\x61\x6e\x6e\x65\x72\x3c\x2f\x6c\x61\x62\x65\x6c\x3e\x0a\x20\x20\x20\x20\x20\x20\x20\x20\x3c\x2f\x64\x69\x76\x3e\x0a\x20\x20\x20\x20\x20\x20\x20\x20\x3c\x70\x3e\x46\x69\x6c\x65\x20\x75\x70\x6c\x6f\x61\x64\x73\x20\x70\x72\x65\x73\x65\x72\x76\x65\x20\x61\x6e\x69\x6d\x61\x74\x65\x64\x20\x47\x49\x46\x73\x2e\x20\x41\x20\x73\x65\x6c\x65\x63\x74\x65\x64\x20\x66\x69\x6c\x65\x20\x74\x61\x6b\x65\x73\x20\x70\x72\x69\x6f\x72\x69\x74\x79\x20\x6f\x76\x65\x72\x20\x69\x74\x73\x20\x55\x52\x4c\x20\x66\x69\x65\x6c\x64\x2c\x20\x61\x6e\x64\x20\x62\x6c\x61\x6e\x6b\x20\x66\x69\x65\x6c\x64\x73\x20\x6b\x65\x65\x70\x20\x74\x68\x65\x20\x63\x75\x72\x72\x65\x6e\x74\x20\x6d\x65\x64\x69\x61\x20\x75\x6e\x63\x68\x61\x6e\x67\x65\x64\x2e\x3c\x2f\x70\x3e\x0a\x20\x20\x20\x20\x20\x20\x20\x20\x3c\x64\x69\x76\x20\x63\x6c\x61\x73\x73\x3d\x22\x6e\x79\x78\x2d\x6f\x77\x6e\x65\x72\x2d\x64\x65\x74\x61\x69\x6c\x2d\x61\x63\x74\x69\x6f\x6e\x73\x22\x3e\x3c\x62\x75\x74\x74\x6f\x6e\x20\x74\x79\x70\x65\x3d\x22\x73\x75\x62\x6d\x69\x74\x22\x3e\x53\x61\x76\x65\x20\x70\x72\x6f\x66\x69\x6c\x65\x3c\x2f\x62\x75\x74\x74\x6f\x6e\x3e\x3c\x2f\x64\x69\x76\x3e\x0a\x20\x20\x20\x20\x20\x20\x3c\x2f\x66\x6f\x72\x6d\x3e`;
        }(_0x8a94b9_2)}\x3c\x2f\x64\x65\x74\x61\x69\x6c\x73\x3e` : ""}\x3c\x2f\x73\x65\x63\x74\x69\x6f\x6e\x3e\x0a\x20\x20\x20\x20\x20\x20\x20\x20\x20\x20\x20\x20${_0x8a94b9_18}\x0a\x20\x20\x20\x20\x20\x20\x20\x20\x20\x20\x20\x20${_0x8a94b9_d.canSetAiLimit ? function(_0x8a94b9_1) {
          return `\x3c\x73\x65\x63\x74\x69\x6f\x6e\x20\x63\x6c\x61\x73\x73\x3d\x22\x6e\x79\x78\x2d\x6f\x77\x6e\x65\x72\x2d\x64\x65\x74\x61\x69\x6c\x2d\x73\x65\x63\x74\x69\x6f\x6e\x22\x3e\x3c\x68\x33\x3e\x41\x49\x20\x6d\x6f\x64\x65\x6c\x73\x20\x61\x6e\x64\x20\x6c\x69\x6d\x69\x74\x73\x3c\x2f\x68\x33\x3e\x3c\x70\x3e\x41\x6c\x6c\x6f\x77\x20\x67\x72\x61\x6e\x74\x73\x20\x74\x68\x69\x73\x20\x6d\x6f\x64\x65\x6c\x20\x74\x6f\x20\x74\x68\x69\x73\x20\x61\x63\x63\x6f\x75\x6e\x74\x2e\x20\x42\x6c\x6f\x63\x6b\x20\x72\x65\x6d\x6f\x76\x65\x73\x20\x61\x63\x63\x65\x73\x73\x2e\x20\x44\x65\x66\x61\x75\x6c\x74\x20\x66\x6f\x6c\x6c\x6f\x77\x73\x20\x74\x68\x65\x20\x61\x63\x63\x6f\x75\x6e\x74\x20\x70\x6c\x61\x6e\x2e\x20\x42\x6c\x61\x6e\x6b\x20\x6c\x69\x6d\x69\x74\x73\x20\x61\x64\x64\x20\x6e\x6f\x20\x65\x78\x74\x72\x61\x20\x6d\x65\x73\x73\x61\x67\x65\x20\x63\x61\x70\x3b\x20\x73\x68\x61\x72\x65\x64\x20\x74\x6f\x6b\x65\x6e\x2c\x20\x73\x70\x65\x6e\x64\x69\x6e\x67\x20\x61\x6e\x64\x20\x72\x61\x74\x65\x20\x6c\x69\x6d\x69\x74\x73\x20\x73\x74\x69\x6c\x6c\x20\x61\x70\x70\x6c\x79\x2e\x3c\x2f\x70\x3e\x3c\x64\x69\x76\x20\x63\x6c\x61\x73\x73\x3d\x22\x6e\x79\x78\x2d\x6f\x77\x6e\x65\x72\x2d\x61\x69\x2d\x72\x75\x6c\x65\x73\x22\x3e${(_0x8a94b9_1.aiAssignableModels || []).map(_0x8a94b9_2 => {
            const _0x8a94b9_3 = (_0x8a94b9_1.aiModelRules || []).find(_0x8a94b9_0 => _0x8a94b9_0.model === _0x8a94b9_2) || {
              access: "\x64\x65\x66\x61\x75\x6c\x74",
              messages: null,
              periodDays: 4
            };
            return `\x3c\x64\x65\x74\x61\x69\x6c\x73\x20\x64\x61\x74\x61\x2d\x61\x69\x2d\x6d\x6f\x64\x65\x6c\x3d\x22${_0x8a94b9_0(_0x8a94b9_2)}\x22\x3e\x3c\x73\x75\x6d\x6d\x61\x72\x79\x3e${_0x8a94b9_0(_0x8a94b9_2)}\x20\x3c\x73\x6d\x61\x6c\x6c\x3e${_0x8a94b9_0(_0x8a94b9_3.access)}${null !== _0x8a94b9_3.messages ? "\x20\x2f\x20" + _0x8a94b9_3.messages + "\x20\x6d\x65\x73\x73\x61\x67\x65\x73" : ""}\x3c\x2f\x73\x6d\x61\x6c\x6c\x3e\x3c\x2f\x73\x75\x6d\x6d\x61\x72\x79\x3e\x3c\x64\x69\x76\x20\x63\x6c\x61\x73\x73\x3d\x22\x6e\x79\x78\x2d\x6f\x77\x6e\x65\x72\x2d\x61\x69\x2d\x72\x75\x6c\x65\x2d\x66\x69\x65\x6c\x64\x73\x22\x3e\x3c\x6c\x61\x62\x65\x6c\x3e\x41\x63\x63\x65\x73\x73\x3c\x73\x65\x6c\x65\x63\x74\x20\x64\x61\x74\x61\x2d\x61\x69\x2d\x72\x75\x6c\x65\x2d\x61\x63\x63\x65\x73\x73\x3e${[ "\x64\x65\x66\x61\x75\x6c\x74", "\x61\x6c\x6c\x6f\x77", "\x64\x65\x6e\x79" ].map(_0x8a94b9_0 => `\x3c\x6f\x70\x74\x69\x6f\x6e\x20\x76\x61\x6c\x75\x65\x3d\x22${_0x8a94b9_0}\x22${_0x8a94b9_33(_0x8a94b9_3.access, _0x8a94b9_0)}\x3e${"\x64\x65\x6e\x79" === _0x8a94b9_0 ? "\x42\x6c\x6f\x63\x6b" : "\x61\x6c\x6c\x6f\x77" === _0x8a94b9_0 ? "\x41\x6c\x6c\x6f\x77" : "\x44\x65\x66\x61\x75\x6c\x74"}\x3c\x2f\x6f\x70\x74\x69\x6f\x6e\x3e`).join("")}\x3c\x2f\x73\x65\x6c\x65\x63\x74\x3e\x3c\x2f\x6c\x61\x62\x65\x6c\x3e\x3c\x6c\x61\x62\x65\x6c\x3e\x4d\x65\x73\x73\x61\x67\x65\x73\x20\x70\x65\x72\x20\x70\x65\x72\x69\x6f\x64\x3c\x69\x6e\x70\x75\x74\x20\x64\x61\x74\x61\x2d\x61\x69\x2d\x72\x75\x6c\x65\x2d\x6d\x65\x73\x73\x61\x67\x65\x73\x20\x74\x79\x70\x65\x3d\x22\x6e\x75\x6d\x62\x65\x72\x22\x20\x6d\x69\x6e\x3d\x22\x30\x22\x20\x6d\x61\x78\x3d\x22\x31\x30\x30\x30\x30\x30\x22\x20\x73\x74\x65\x70\x3d\x22\x31\x22\x20\x70\x6c\x61\x63\x65\x68\x6f\x6c\x64\x65\x72\x3d\x22\x4e\x6f\x20\x65\x78\x74\x72\x61\x20\x63\x61\x70\x22\x20\x76\x61\x6c\x75\x65\x3d\x22${_0x8a94b9_3.messages ?? ""}\x22\x3e\x3c\x2f\x6c\x61\x62\x65\x6c\x3e\x3c\x6c\x61\x62\x65\x6c\x3e\x52\x65\x73\x65\x74\x20\x65\x76\x65\x72\x79\x20\x28\x64\x61\x79\x73\x29\x3c\x69\x6e\x70\x75\x74\x20\x64\x61\x74\x61\x2d\x61\x69\x2d\x72\x75\x6c\x65\x2d\x64\x61\x79\x73\x20\x74\x79\x70\x65\x3d\x22\x6e\x75\x6d\x62\x65\x72\x22\x20\x6d\x69\x6e\x3d\x22\x31\x22\x20\x6d\x61\x78\x3d\x22\x33\x30\x22\x20\x73\x74\x65\x70\x3d\x22\x31\x22\x20\x76\x61\x6c\x75\x65\x3d\x22${_0x8a94b9_3.periodDays}\x22\x3e\x3c\x2f\x6c\x61\x62\x65\x6c\x3e\x3c\x2f\x64\x69\x76\x3e\x3c\x2f\x64\x65\x74\x61\x69\x6c\x73\x3e`;
          }).join("")}\x3c\x2f\x64\x69\x76\x3e\x3c\x64\x69\x76\x20\x63\x6c\x61\x73\x73\x3d\x22\x6e\x79\x78\x2d\x6f\x77\x6e\x65\x72\x2d\x64\x65\x74\x61\x69\x6c\x2d\x61\x63\x74\x69\x6f\x6e\x73\x22\x3e\x3c\x62\x75\x74\x74\x6f\x6e\x20\x74\x79\x70\x65\x3d\x22\x62\x75\x74\x74\x6f\x6e\x22\x20\x64\x61\x74\x61\x2d\x6f\x77\x6e\x65\x72\x2d\x73\x61\x76\x65\x2d\x61\x69\x2d\x6d\x6f\x64\x65\x6c\x73\x3e\x53\x61\x76\x65\x20\x41\x49\x20\x61\x63\x63\x65\x73\x73\x3c\x2f\x62\x75\x74\x74\x6f\x6e\x3e\x3c\x62\x75\x74\x74\x6f\x6e\x20\x74\x79\x70\x65\x3d\x22\x62\x75\x74\x74\x6f\x6e\x22\x20\x64\x61\x74\x61\x2d\x6f\x77\x6e\x65\x72\x2d\x61\x69\x2d\x61\x63\x74\x69\x76\x69\x74\x79\x3e\x56\x69\x65\x77\x20\x75\x73\x61\x67\x65\x20\x61\x6e\x64\x20\x63\x68\x61\x74\x20\x68\x69\x73\x74\x6f\x72\x79\x3c\x2f\x62\x75\x74\x74\x6f\x6e\x3e\x3c\x2f\x64\x69\x76\x3e\x3c\x64\x69\x76\x20\x64\x61\x74\x61\x2d\x6f\x77\x6e\x65\x72\x2d\x61\x69\x2d\x61\x63\x74\x69\x76\x69\x74\x79\x2d\x72\x65\x73\x75\x6c\x74\x20\x61\x72\x69\x61\x2d\x6c\x69\x76\x65\x3d\x22\x70\x6f\x6c\x69\x74\x65\x22\x3e\x3c\x2f\x64\x69\x76\x3e\x3c\x2f\x73\x65\x63\x74\x69\x6f\x6e\x3e`;
        }(_0x8a94b9_2) : ""}\x0a\x20\x20\x20\x20\x20\x20\x20\x20\x20\x20\x20\x20${_0x8a94b9_1c}\x0a\x20\x20\x20\x20\x20\x20\x20\x20\x20\x20\x20\x20${_0x8a94b9_1d}\x0a\x20\x20\x20\x20\x20\x20\x20\x20\x20\x20\x3c\x2f\x64\x69\x76\x3e`;
        const _0x8a94b9_1e = _0x8a94b9_1a.querySelector("\x5b\x64\x61\x74\x61\x2d\x6f\x77\x6e\x65\x72\x2d\x64\x65\x74\x61\x69\x6c\x2d\x72\x6f\x6c\x65\x5d"), _0x8a94b9_1f = _0x8a94b9_1a.querySelector("\x5b\x64\x61\x74\x61\x2d\x6f\x77\x6e\x65\x72\x2d\x64\x65\x74\x61\x69\x6c\x2d\x73\x75\x62\x73\x63\x72\x69\x70\x74\x69\x6f\x6e\x5d"), _0x8a94b9_21 = _0x8a94b9_1a.querySelector("\x5b\x6e\x61\x6d\x65\x3d\x22\x70\x72\x6f\x66\x69\x6c\x65\x45\x66\x66\x65\x63\x74\x22\x5d");
        _0x8a94b9_21?.querySelector("\x5b\x76\x61\x6c\x75\x65\x3d\x22\x63\x75\x73\x74\x6f\x6d\x22\x5d")?.insertAdjacentHTML("\x62\x65\x66\x6f\x72\x65\x62\x65\x67\x69\x6e", "\x3c\x6f\x70\x74\x69\x6f\x6e\x20\x76\x61\x6c\x75\x65\x3d\x22\x73\x74\x61\x72\x6c\x69\x67\x68\x74\x2d\x72\x69\x62\x62\x6f\x6e\x22\x3e\x53\x74\x61\x72\x6c\x69\x67\x68\x74\x20\x72\x69\x62\x62\x6f\x6e\x3c\x2f\x6f\x70\x74\x69\x6f\x6e\x3e\x3c\x6f\x70\x74\x69\x6f\x6e\x20\x76\x61\x6c\x75\x65\x3d\x22\x63\x68\x65\x72\x72\x79\x2d\x62\x6c\x6f\x6f\x6d\x22\x3e\x43\x68\x65\x72\x72\x79\x20\x62\x6c\x6f\x6f\x6d\x3c\x2f\x6f\x70\x74\x69\x6f\x6e\x3e\x3c\x6f\x70\x74\x69\x6f\x6e\x20\x76\x61\x6c\x75\x65\x3d\x22\x6f\x63\x65\x61\x6e\x2d\x63\x61\x75\x73\x74\x69\x63\x73\x22\x3e\x4f\x63\x65\x61\x6e\x20\x63\x61\x75\x73\x74\x69\x63\x73\x3c\x2f\x6f\x70\x74\x69\x6f\x6e\x3e"), 
        _0x8a94b9_21 && (_0x8a94b9_21.value = _0x8a94b9_2.profile?.profileEffect || "\x6e\x6f\x6e\x65");
        const _0x8a94b9_22 = _0x8a94b9_1a.querySelector("\x5b\x6e\x61\x6d\x65\x3d\x22\x61\x76\x61\x74\x61\x72\x44\x65\x63\x6f\x72\x61\x74\x69\x6f\x6e\x22\x5d");
        _0x8a94b9_22?.insertAdjacentHTML("\x62\x65\x66\x6f\x72\x65\x65\x6e\x64", "\x3c\x6f\x70\x74\x69\x6f\x6e\x20\x76\x61\x6c\x75\x65\x3d\x22\x63\x72\x79\x73\x74\x61\x6c\x2d\x63\x72\x6f\x77\x6e\x22\x3e\x43\x72\x79\x73\x74\x61\x6c\x20\x63\x72\x6f\x77\x6e\x3c\x2f\x6f\x70\x74\x69\x6f\x6e\x3e\x3c\x6f\x70\x74\x69\x6f\x6e\x20\x76\x61\x6c\x75\x65\x3d\x22\x6c\x75\x6e\x61\x72\x2d\x68\x61\x6c\x6f\x22\x3e\x4c\x75\x6e\x61\x72\x20\x68\x61\x6c\x6f\x3c\x2f\x6f\x70\x74\x69\x6f\x6e\x3e\x3c\x6f\x70\x74\x69\x6f\x6e\x20\x76\x61\x6c\x75\x65\x3d\x22\x72\x6f\x73\x65\x2d\x76\x69\x6e\x65\x73\x22\x3e\x52\x6f\x73\x65\x20\x76\x69\x6e\x65\x73\x3c\x2f\x6f\x70\x74\x69\x6f\x6e\x3e"), 
        _0x8a94b9_22 && (_0x8a94b9_22.value = _0x8a94b9_2.profile?.avatarDecoration || "\x6e\x6f\x6e\x65"), 
        _0x8a94b9_1e && (_0x8a94b9_1e.value = _0x8a94b9_15), _0x8a94b9_1f && (_0x8a94b9_1f.value = _0x8a94b9_2.subscriptionStatus), 
        _0x8a94b9_8(_0x8a94b9_1a, _0x8a94b9_15), _0x8a94b9_13(_0x8a94b9_1a);
      } catch (_0x8a94b9_6) {
        _0x8a94b9_1a.innerHTML = `\x3c\x64\x69\x76\x20\x63\x6c\x61\x73\x73\x3d\x22\x6e\x79\x78\x2d\x6f\x77\x6e\x65\x72\x2d\x65\x72\x72\x6f\x72\x22\x3e\x3c\x73\x74\x72\x6f\x6e\x67\x3e\x55\x73\x65\x72\x20\x64\x65\x74\x61\x69\x6c\x73\x20\x63\x6f\x75\x6c\x64\x20\x6e\x6f\x74\x20\x6c\x6f\x61\x64\x3c\x2f\x73\x74\x72\x6f\x6e\x67\x3e\x3c\x73\x70\x61\x6e\x3e${_0x8a94b9_0(_0x8a94b9_6.message)}\x3c\x2f\x73\x70\x61\x6e\x3e\x3c\x62\x75\x74\x74\x6f\x6e\x20\x74\x79\x70\x65\x3d\x22\x62\x75\x74\x74\x6f\x6e\x22\x20\x64\x61\x74\x61\x2d\x6f\x77\x6e\x65\x72\x2d\x64\x72\x61\x77\x65\x72\x2d\x63\x6c\x6f\x73\x65\x3e\x43\x6c\x6f\x73\x65\x3c\x2f\x62\x75\x74\x74\x6f\x6e\x3e\x3c\x2f\x64\x69\x76\x3e`;
      }
    }
    let _0x8a94b9_35 = {
      domains: [],
      targetIps: []
    };
    function _0x8a94b9_36() {
      _0x8a94b9_1a.innerHTML = `\x3c\x68\x65\x61\x64\x65\x72\x20\x63\x6c\x61\x73\x73\x3d\x22\x6e\x79\x78\x2d\x6f\x77\x6e\x65\x72\x2d\x67\x6c\x6f\x62\x61\x6c\x2d\x61\x70\x70\x2d\x68\x65\x61\x64\x65\x72\x22\x3e\x3c\x64\x69\x76\x3e\x3c\x73\x70\x61\x6e\x3e${_0x8a94b9_16("\x61\x70\x70\x73")}\x3c\x2f\x73\x70\x61\x6e\x3e\x3c\x64\x69\x76\x3e\x3c\x68\x32\x3e\x53\x74\x75\x64\x79\x52\x65\x61\x64\x79\x20\x64\x6f\x6d\x61\x69\x6e\x73\x3c\x2f\x68\x32\x3e\x3c\x70\x3e\x4d\x61\x6e\x61\x67\x65\x20\x74\x68\x65\x20\x6c\x65\x61\x72\x6e\x69\x6e\x67\x20\x73\x69\x74\x65\x20\x6f\x6e\x20\x79\x6f\x75\x72\x20\x64\x6f\x6d\x61\x69\x6e\x73\x2e\x3c\x2f\x70\x3e\x3c\x2f\x64\x69\x76\x3e\x3c\x2f\x64\x69\x76\x3e\x3c\x62\x75\x74\x74\x6f\x6e\x20\x74\x79\x70\x65\x3d\x22\x62\x75\x74\x74\x6f\x6e\x22\x20\x64\x61\x74\x61\x2d\x6f\x77\x6e\x65\x72\x2d\x64\x72\x61\x77\x65\x72\x2d\x63\x6c\x6f\x73\x65\x20\x61\x72\x69\x61\x2d\x6c\x61\x62\x65\x6c\x3d\x22\x43\x6c\x6f\x73\x65\x20\x53\x74\x75\x64\x79\x52\x65\x61\x64\x79\x22\x3e${_0x8a94b9_16("\x63\x6c\x6f\x73\x65")}\x3c\x2f\x62\x75\x74\x74\x6f\x6e\x3e\x3c\x2f\x68\x65\x61\x64\x65\x72\x3e\x3c\x64\x69\x76\x20\x63\x6c\x61\x73\x73\x3d\x22\x6e\x79\x78\x2d\x6f\x77\x6e\x65\x72\x2d\x64\x72\x61\x77\x65\x72\x2d\x73\x63\x72\x6f\x6c\x6c\x20\x6e\x79\x78\x2d\x6f\x77\x6e\x65\x72\x2d\x67\x6c\x6f\x62\x61\x6c\x2d\x61\x70\x70\x2d\x64\x72\x61\x77\x65\x72\x22\x3e\x3c\x73\x65\x63\x74\x69\x6f\x6e\x20\x63\x6c\x61\x73\x73\x3d\x22\x6e\x79\x78\x2d\x6f\x77\x6e\x65\x72\x2d\x64\x65\x74\x61\x69\x6c\x2d\x73\x65\x63\x74\x69\x6f\x6e\x22\x3e\x3c\x70\x3e\x3c\x61\x20\x68\x72\x65\x66\x3d\x22\x2f\x73\x74\x75\x64\x79\x72\x65\x61\x64\x79\x22\x20\x74\x61\x72\x67\x65\x74\x3d\x22\x5f\x62\x6c\x61\x6e\x6b\x22\x20\x72\x65\x6c\x3d\x22\x6e\x6f\x6f\x70\x65\x6e\x65\x72\x22\x3e\x50\x72\x65\x76\x69\x65\x77\x20\x53\x74\x75\x64\x79\x52\x65\x61\x64\x79\x3c\x2f\x61\x3e\x20\x26\x6d\x69\x64\x64\x6f\x74\x3b\x20\x3c\x61\x20\x68\x72\x65\x66\x3d\x22\x2f\x74\x65\x78\x74\x62\x6f\x6f\x6b\x2e\x70\x64\x66\x22\x20\x74\x61\x72\x67\x65\x74\x3d\x22\x5f\x62\x6c\x61\x6e\x6b\x22\x20\x72\x65\x6c\x3d\x22\x6e\x6f\x6f\x70\x65\x6e\x65\x72\x22\x3e\x54\x65\x78\x74\x62\x6f\x6f\x6b\x20\x50\x44\x46\x3c\x2f\x61\x3e\x3c\x2f\x70\x3e\x3c\x70\x3e\x4e\x79\x78\x20\x73\x74\x61\x79\x73\x20\x61\x76\x61\x69\x6c\x61\x62\x6c\x65\x20\x61\x74\x20\x3c\x61\x20\x68\x72\x65\x66\x3d\x22\x2f\x6e\x79\x78\x22\x20\x74\x61\x72\x67\x65\x74\x3d\x22\x5f\x62\x6c\x61\x6e\x6b\x22\x20\x72\x65\x6c\x3d\x22\x6e\x6f\x6f\x70\x65\x6e\x65\x72\x22\x3e\x2f\x6e\x79\x78\x3c\x2f\x61\x3e\x2e\x20\x54\x68\x65\x73\x65\x20\x64\x6f\x6d\x61\x69\x6e\x73\x20\x73\x68\x6f\x77\x20\x74\x68\x65\x20\x73\x61\x6d\x65\x20\x6c\x65\x61\x72\x6e\x69\x6e\x67\x20\x70\x61\x67\x65\x73\x20\x74\x6f\x20\x65\x76\x65\x72\x79\x20\x76\x69\x73\x69\x74\x6f\x72\x2e\x3c\x2f\x70\x3e\x3c\x68\x33\x3e\x41\x64\x64\x20\x6f\x72\x20\x75\x70\x64\x61\x74\x65\x20\x61\x20\x64\x6f\x6d\x61\x69\x6e\x3c\x2f\x68\x33\x3e\x3c\x66\x6f\x72\x6d\x20\x63\x6c\x61\x73\x73\x3d\x22\x6e\x79\x78\x2d\x6f\x77\x6e\x65\x72\x2d\x67\x6c\x6f\x62\x61\x6c\x2d\x61\x70\x70\x2d\x66\x6f\x72\x6d\x22\x20\x64\x61\x74\x61\x2d\x6f\x77\x6e\x65\x72\x2d\x73\x74\x75\x64\x79\x72\x65\x61\x64\x79\x2d\x66\x6f\x72\x6d\x3e\x3c\x6c\x61\x62\x65\x6c\x3e\x44\x6f\x6d\x61\x69\x6e\x3c\x69\x6e\x70\x75\x74\x20\x6e\x61\x6d\x65\x3d\x22\x68\x6f\x73\x74\x6e\x61\x6d\x65\x22\x20\x72\x65\x71\x75\x69\x72\x65\x64\x20\x6d\x61\x78\x6c\x65\x6e\x67\x74\x68\x3d\x22\x32\x35\x33\x22\x20\x70\x6c\x61\x63\x65\x68\x6f\x6c\x64\x65\x72\x3d\x22\x6c\x65\x61\x72\x6e\x2e\x65\x78\x61\x6d\x70\x6c\x65\x2e\x63\x6f\x6d\x22\x3e\x3c\x2f\x6c\x61\x62\x65\x6c\x3e\x3c\x6c\x61\x62\x65\x6c\x3e\x50\x61\x67\x65\x20\x74\x69\x74\x6c\x65\x3c\x69\x6e\x70\x75\x74\x20\x6e\x61\x6d\x65\x3d\x22\x74\x69\x74\x6c\x65\x22\x20\x72\x65\x71\x75\x69\x72\x65\x64\x20\x6d\x61\x78\x6c\x65\x6e\x67\x74\x68\x3d\x22\x38\x30\x22\x20\x76\x61\x6c\x75\x65\x3d\x22\x53\x74\x75\x64\x79\x52\x65\x61\x64\x79\x22\x3e\x3c\x2f\x6c\x61\x62\x65\x6c\x3e\x3c\x62\x75\x74\x74\x6f\x6e\x20\x74\x79\x70\x65\x3d\x22\x73\x75\x62\x6d\x69\x74\x22\x3e\x53\x61\x76\x65\x20\x64\x6f\x6d\x61\x69\x6e\x3c\x2f\x62\x75\x74\x74\x6f\x6e\x3e\x3c\x2f\x66\x6f\x72\x6d\x3e\x3c\x70\x20\x63\x6c\x61\x73\x73\x3d\x22\x6e\x79\x78\x2d\x6f\x77\x6e\x65\x72\x2d\x61\x63\x74\x69\x6f\x6e\x2d\x6e\x6f\x74\x65\x22\x3e\x50\x6f\x69\x6e\x74\x20\x74\x68\x65\x20\x64\x6f\x6d\x61\x69\x6e\x27\x73\x20\x41\x20\x72\x65\x63\x6f\x72\x64\x20\x74\x6f\x20${_0x8a94b9_0(_0x8a94b9_35.targetIps.join("\x20\x6f\x72\x20") || "\x79\x6f\x75\x72\x20\x56\x50\x53\x20\x61\x64\x64\x72\x65\x73\x73")}\x2e\x20\x4e\x65\x77\x20\x64\x6f\x6d\x61\x69\x6e\x73\x20\x6e\x65\x65\x64\x20\x77\x6f\x72\x6b\x69\x6e\x67\x20\x44\x4e\x53\x20\x62\x65\x66\x6f\x72\x65\x20\x48\x54\x54\x50\x53\x20\x63\x61\x6e\x20\x62\x65\x20\x69\x73\x73\x75\x65\x64\x2e\x20\x45\x78\x69\x73\x74\x69\x6e\x67\x20\x73\x69\x74\x65\x73\x20\x61\x74\x20\x74\x68\x65\x20\x73\x61\x6d\x65\x20\x68\x6f\x73\x74\x6e\x61\x6d\x65\x20\x77\x69\x6c\x6c\x20\x75\x73\x65\x20\x53\x74\x75\x64\x79\x52\x65\x61\x64\x79\x20\x61\x73\x20\x74\x68\x65\x69\x72\x20\x68\x6f\x6d\x65\x70\x61\x67\x65\x2e\x3c\x2f\x70\x3e\x3c\x2f\x73\x65\x63\x74\x69\x6f\x6e\x3e\x3c\x73\x65\x63\x74\x69\x6f\x6e\x20\x63\x6c\x61\x73\x73\x3d\x22\x6e\x79\x78\x2d\x6f\x77\x6e\x65\x72\x2d\x64\x65\x74\x61\x69\x6c\x2d\x73\x65\x63\x74\x69\x6f\x6e\x22\x3e\x3c\x68\x33\x3e\x43\x6f\x6e\x66\x69\x67\x75\x72\x65\x64\x20\x64\x6f\x6d\x61\x69\x6e\x73\x3c\x2f\x68\x33\x3e${_0x8a94b9_35.domains.map(_0x8a94b9_1 => `\x3c\x61\x72\x74\x69\x63\x6c\x65\x20\x63\x6c\x61\x73\x73\x3d\x22\x6e\x79\x78\x2d\x6f\x77\x6e\x65\x72\x2d\x64\x65\x74\x61\x69\x6c\x2d\x73\x65\x63\x74\x69\x6f\x6e\x22\x3e\x3c\x73\x74\x72\x6f\x6e\x67\x3e${_0x8a94b9_0(_0x8a94b9_1.hostname)}\x3c\x2f\x73\x74\x72\x6f\x6e\x67\x3e\x3c\x70\x3e${_0x8a94b9_0(_0x8a94b9_1.title)}\x3c\x2f\x70\x3e\x3c\x64\x69\x76\x20\x63\x6c\x61\x73\x73\x3d\x22\x6e\x79\x78\x2d\x6f\x77\x6e\x65\x72\x2d\x64\x65\x74\x61\x69\x6c\x2d\x61\x63\x74\x69\x6f\x6e\x73\x22\x3e\x3c\x61\x20\x68\x72\x65\x66\x3d\x22\x68\x74\x74\x70\x73\x3a\x2f\x2f${_0x8a94b9_0(_0x8a94b9_1.hostname)}\x2f\x22\x20\x74\x61\x72\x67\x65\x74\x3d\x22\x5f\x62\x6c\x61\x6e\x6b\x22\x20\x72\x65\x6c\x3d\x22\x6e\x6f\x6f\x70\x65\x6e\x65\x72\x22\x3e\x4f\x70\x65\x6e\x20\x73\x69\x74\x65\x3c\x2f\x61\x3e\x3c\x62\x75\x74\x74\x6f\x6e\x20\x74\x79\x70\x65\x3d\x22\x62\x75\x74\x74\x6f\x6e\x22\x20\x64\x61\x74\x61\x2d\x73\x74\x75\x64\x79\x72\x65\x61\x64\x79\x2d\x65\x64\x69\x74\x3d\x22${_0x8a94b9_0(_0x8a94b9_1.hostname)}\x22\x3e\x45\x64\x69\x74\x20\x74\x69\x74\x6c\x65\x3c\x2f\x62\x75\x74\x74\x6f\x6e\x3e\x3c\x62\x75\x74\x74\x6f\x6e\x20\x74\x79\x70\x65\x3d\x22\x62\x75\x74\x74\x6f\x6e\x22\x20\x64\x61\x74\x61\x2d\x73\x74\x75\x64\x79\x72\x65\x61\x64\x79\x2d\x63\x68\x65\x63\x6b\x3d\x22${_0x8a94b9_0(_0x8a94b9_1.hostname)}\x22\x3e\x43\x68\x65\x63\x6b\x20\x44\x4e\x53\x3c\x2f\x62\x75\x74\x74\x6f\x6e\x3e\x3c\x62\x75\x74\x74\x6f\x6e\x20\x63\x6c\x61\x73\x73\x3d\x22\x64\x61\x6e\x67\x65\x72\x22\x20\x74\x79\x70\x65\x3d\x22\x62\x75\x74\x74\x6f\x6e\x22\x20\x64\x61\x74\x61\x2d\x73\x74\x75\x64\x79\x72\x65\x61\x64\x79\x2d\x72\x65\x6d\x6f\x76\x65\x3d\x22${_0x8a94b9_0(_0x8a94b9_1.hostname)}\x22\x3e\x52\x65\x6d\x6f\x76\x65\x3c\x2f\x62\x75\x74\x74\x6f\x6e\x3e\x3c\x2f\x64\x69\x76\x3e\x3c\x2f\x61\x72\x74\x69\x63\x6c\x65\x3e`).join("") || "\x3c\x70\x3e\x4e\x6f\x20\x64\x6f\x6d\x61\x69\x6e\x73\x20\x63\x6f\x6e\x66\x69\x67\x75\x72\x65\x64\x2e\x3c\x2f\x70\x3e"}\x3c\x70\x20\x64\x61\x74\x61\x2d\x73\x74\x75\x64\x79\x72\x65\x61\x64\x79\x2d\x73\x74\x61\x74\x75\x73\x20\x72\x6f\x6c\x65\x3d\x22\x73\x74\x61\x74\x75\x73\x22\x3e\x3c\x2f\x70\x3e\x3c\x2f\x73\x65\x63\x74\x69\x6f\x6e\x3e\x3c\x73\x65\x63\x74\x69\x6f\x6e\x20\x63\x6c\x61\x73\x73\x3d\x22\x6e\x79\x78\x2d\x6f\x77\x6e\x65\x72\x2d\x64\x65\x74\x61\x69\x6c\x2d\x73\x65\x63\x74\x69\x6f\x6e\x22\x3e\x3c\x68\x33\x3e\x43\x61\x74\x65\x67\x6f\x72\x79\x20\x72\x65\x76\x69\x65\x77\x73\x3c\x2f\x68\x33\x3e\x3c\x70\x3e\x50\x75\x62\x6c\x69\x73\x68\x69\x6e\x67\x20\x6c\x65\x73\x73\x6f\x6e\x73\x20\x64\x6f\x65\x73\x20\x6e\x6f\x74\x20\x61\x75\x74\x6f\x6d\x61\x74\x69\x63\x61\x6c\x6c\x79\x20\x63\x68\x61\x6e\x67\x65\x20\x61\x20\x66\x69\x6c\x74\x65\x72\x20\x63\x61\x74\x65\x67\x6f\x72\x79\x2e\x20\x4c\x69\x67\x68\x74\x73\x70\x65\x65\x64\x20\x72\x65\x76\x69\x65\x77\x20\x74\x6f\x6f\x6c\x73\x20\x72\x65\x71\x75\x69\x72\x65\x20\x61\x64\x6d\x69\x6e\x69\x73\x74\x72\x61\x74\x6f\x72\x20\x61\x63\x63\x65\x73\x73\x2e\x3c\x2f\x70\x3e\x3c\x61\x20\x68\x72\x65\x66\x3d\x22\x68\x74\x74\x70\x73\x3a\x2f\x2f\x68\x65\x6c\x70\x2e\x6c\x69\x67\x68\x74\x73\x70\x65\x65\x64\x73\x79\x73\x74\x65\x6d\x73\x2e\x63\x6f\x6d\x2f\x73\x2f\x61\x72\x74\x69\x63\x6c\x65\x2f\x6b\x62\x2d\x34\x30\x31\x39\x36\x35\x30\x36\x33\x36\x2d\x6c\x69\x67\x68\x74\x73\x70\x65\x65\x64\x2d\x66\x69\x6c\x74\x65\x72\x2d\x2d\x2d\x70\x6f\x6c\x69\x63\x69\x65\x73\x2d\x2d\x2d\x76\x65\x72\x69\x66\x79\x69\x6e\x67\x2d\x61\x63\x63\x65\x73\x73\x2d\x61\x6e\x64\x2d\x74\x72\x6f\x75\x62\x6c\x65\x73\x68\x6f\x6f\x74\x69\x6e\x67\x22\x20\x74\x61\x72\x67\x65\x74\x3d\x22\x5f\x62\x6c\x61\x6e\x6b\x22\x20\x72\x65\x6c\x3d\x22\x6e\x6f\x6f\x70\x65\x6e\x65\x72\x22\x3e\x41\x63\x63\x65\x73\x73\x20\x43\x68\x65\x63\x6b\x65\x72\x20\x69\x6e\x73\x74\x72\x75\x63\x74\x69\x6f\x6e\x73\x3c\x2f\x61\x3e\x3c\x2f\x73\x65\x63\x74\x69\x6f\x6e\x3e\x3c\x2f\x64\x69\x76\x3e`;
    }
    async function _0x8a94b9_37(_0x8a94b9_0, _0x8a94b9_1, _0x8a94b9_2) {
      if ("\x72\x65\x6d\x6f\x76\x65" !== _0x8a94b9_1 || confirm(`\x52\x65\x6d\x6f\x76\x65\x20\x53\x74\x75\x64\x79\x52\x65\x61\x64\x79\x20\x66\x72\x6f\x6d\x20${_0x8a94b9_2}\x3f\x20\x49\x74\x73\x20\x68\x6f\x6d\x65\x70\x61\x67\x65\x20\x77\x69\x6c\x6c\x20\x72\x65\x74\x75\x72\x6e\x20\x74\x6f\x20\x74\x68\x65\x20\x73\x69\x74\x65\x27\x73\x20\x65\x78\x69\x73\x74\x69\x6e\x67\x20\x72\x6f\x75\x74\x69\x6e\x67\x2e`)) {
        _0x8a94b9_0.disabled = !0;
        try {
          const _0x8a94b9_0 = await _0x8a94b9_20(`/gh/dubcatalt2-lab/nyx-jsdelivr-links@main/nyx-static/\x61\x70\x69\x2f\x6f\x77\x6e\x65\x72\x2d\x64\x61\x73\x68\x62\x6f\x61\x72\x64\x2f\x73\x74\x75\x64\x79\x72\x65\x61\x64\x79\x2f${encodeURIComponent(_0x8a94b9_2)}${"\x63\x68\x65\x63\x6b" === _0x8a94b9_1 ? "\x2f\x63\x68\x65\x63\x6b" : ""}`, {
            method: "\x63\x68\x65\x63\x6b" === _0x8a94b9_1 ? "\x50\x4f\x53\x54" : "\x44\x45\x4c\x45\x54\x45"
          });
          "\x63\x68\x65\x63\x6b" === _0x8a94b9_1 ? _0x8a94b9_1a.querySelector("\x5b\x64\x61\x74\x61\x2d\x73\x74\x75\x64\x79\x72\x65\x61\x64\x79\x2d\x73\x74\x61\x74\x75\x73\x5d").textContent = _0x8a94b9_0.matches ? `${_0x8a94b9_2}\x20\x72\x65\x73\x6f\x6c\x76\x65\x73\x20\x74\x6f\x20\x74\x68\x69\x73\x20\x56\x50\x53\x2e\x20\x48\x54\x54\x50\x53\x20\x69\x73\x20\x70\x72\x65\x70\x61\x72\x65\x64\x20\x6f\x6e\x20\x69\x74\x73\x20\x66\x69\x72\x73\x74\x20\x76\x69\x73\x69\x74\x2e` : `${_0x8a94b9_2}\x20\x63\x75\x72\x72\x65\x6e\x74\x6c\x79\x20\x72\x65\x73\x6f\x6c\x76\x65\x73\x20\x74\x6f\x20${_0x8a94b9_0.resolvedIps.join("\x2c\x20") || "\x6e\x6f\x20\x61\x64\x64\x72\x65\x73\x73\x65\x73"}\x2e\x20\x53\x65\x74\x20\x69\x74\x73\x20\x41\x20\x72\x65\x63\x6f\x72\x64\x20\x74\x6f\x20${_0x8a94b9_0.targetIps.join("\x20\x6f\x72\x20")}\x2e\x20\x41\x20\x43\x44\x4e\x2d\x70\x72\x6f\x78\x69\x65\x64\x20\x72\x65\x63\x6f\x72\x64\x20\x6d\x61\x79\x20\x68\x69\x64\x65\x20\x74\x68\x65\x20\x6f\x72\x69\x67\x69\x6e\x20\x49\x50\x2e` : (_0x8a94b9_35 = _0x8a94b9_0, 
          _0x8a94b9_36(), _0x8a94b9_1f("\x53\x74\x75\x64\x79\x52\x65\x61\x64\x79\x20\x64\x6f\x6d\x61\x69\x6e\x20\x72\x65\x6d\x6f\x76\x65\x64\x2e"));
        } catch (_0x8a94b9_3) {
          _0x8a94b9_1f(_0x8a94b9_3.message, "\x65\x72\x72\x6f\x72");
        } finally {
          _0x8a94b9_0.isConnected && (_0x8a94b9_0.disabled = !1);
        }
      }
    }
    function _0x8a94b9_38() {
      window.dispatchEvent(new CustomEvent("\x6e\x79\x78\x3a\x67\x6c\x6f\x62\x61\x6c\x2d\x61\x70\x70\x73\x2d\x63\x68\x61\x6e\x67\x65\x64", {
        detail: {
          apps: _0x8a94b9_10.globalApps
        }
      }));
    }
    function _0x8a94b9_39() {
      _0x8a94b9_1a.innerHTML = `\x3c\x68\x65\x61\x64\x65\x72\x20\x63\x6c\x61\x73\x73\x3d\x22\x6e\x79\x78\x2d\x6f\x77\x6e\x65\x72\x2d\x67\x6c\x6f\x62\x61\x6c\x2d\x61\x70\x70\x2d\x68\x65\x61\x64\x65\x72\x22\x3e\x3c\x64\x69\x76\x3e\x3c\x73\x70\x61\x6e\x3e${_0x8a94b9_16("\x61\x70\x70\x73")}\x3c\x2f\x73\x70\x61\x6e\x3e\x3c\x64\x69\x76\x3e\x3c\x68\x32\x3e\x41\x70\x70\x73\x20\x66\x6f\x72\x20\x65\x76\x65\x72\x79\x6f\x6e\x65\x3c\x2f\x68\x32\x3e\x3c\x70\x3e\x41\x64\x64\x20\x6f\x72\x20\x72\x65\x6d\x6f\x76\x65\x20\x61\x70\x70\x73\x20\x66\x72\x6f\x6d\x20\x65\x76\x65\x72\x79\x20\x75\x73\x65\x72\x27\x73\x20\x41\x70\x70\x73\x20\x70\x61\x67\x65\x2e\x3c\x2f\x70\x3e\x3c\x2f\x64\x69\x76\x3e\x3c\x2f\x64\x69\x76\x3e\x3c\x62\x75\x74\x74\x6f\x6e\x20\x74\x79\x70\x65\x3d\x22\x62\x75\x74\x74\x6f\x6e\x22\x20\x64\x61\x74\x61\x2d\x6f\x77\x6e\x65\x72\x2d\x64\x72\x61\x77\x65\x72\x2d\x63\x6c\x6f\x73\x65\x20\x61\x72\x69\x61\x2d\x6c\x61\x62\x65\x6c\x3d\x22\x43\x6c\x6f\x73\x65\x20\x67\x6c\x6f\x62\x61\x6c\x20\x61\x70\x70\x73\x22\x3e${_0x8a94b9_16("\x63\x6c\x6f\x73\x65")}\x3c\x2f\x62\x75\x74\x74\x6f\x6e\x3e\x3c\x2f\x68\x65\x61\x64\x65\x72\x3e\x0a\x20\x20\x20\x20\x20\x20\x20\x20\x3c\x64\x69\x76\x20\x63\x6c\x61\x73\x73\x3d\x22\x6e\x79\x78\x2d\x6f\x77\x6e\x65\x72\x2d\x64\x72\x61\x77\x65\x72\x2d\x73\x63\x72\x6f\x6c\x6c\x20\x6e\x79\x78\x2d\x6f\x77\x6e\x65\x72\x2d\x67\x6c\x6f\x62\x61\x6c\x2d\x61\x70\x70\x2d\x64\x72\x61\x77\x65\x72\x22\x3e\x0a\x20\x20\x20\x20\x20\x20\x20\x20\x20\x20\x3c\x73\x65\x63\x74\x69\x6f\x6e\x20\x63\x6c\x61\x73\x73\x3d\x22\x6e\x79\x78\x2d\x6f\x77\x6e\x65\x72\x2d\x64\x65\x74\x61\x69\x6c\x2d\x73\x65\x63\x74\x69\x6f\x6e\x22\x3e\x3c\x68\x33\x3e\x41\x64\x64\x20\x61\x6e\x20\x61\x70\x70\x3c\x2f\x68\x33\x3e\x3c\x66\x6f\x72\x6d\x20\x63\x6c\x61\x73\x73\x3d\x22\x6e\x79\x78\x2d\x6f\x77\x6e\x65\x72\x2d\x67\x6c\x6f\x62\x61\x6c\x2d\x61\x70\x70\x2d\x66\x6f\x72\x6d\x22\x20\x64\x61\x74\x61\x2d\x6f\x77\x6e\x65\x72\x2d\x67\x6c\x6f\x62\x61\x6c\x2d\x61\x70\x70\x2d\x66\x6f\x72\x6d\x3e\x3c\x6c\x61\x62\x65\x6c\x3e\x4e\x61\x6d\x65\x3c\x69\x6e\x70\x75\x74\x20\x6e\x61\x6d\x65\x3d\x22\x6e\x61\x6d\x65\x22\x20\x6d\x69\x6e\x6c\x65\x6e\x67\x74\x68\x3d\x22\x32\x22\x20\x6d\x61\x78\x6c\x65\x6e\x67\x74\x68\x3d\x22\x34\x38\x22\x20\x61\x75\x74\x6f\x63\x6f\x6d\x70\x6c\x65\x74\x65\x3d\x22\x6f\x66\x66\x22\x20\x72\x65\x71\x75\x69\x72\x65\x64\x20\x70\x6c\x61\x63\x65\x68\x6f\x6c\x64\x65\x72\x3d\x22\x45\x78\x61\x6d\x70\x6c\x65\x20\x61\x70\x70\x22\x3e\x3c\x2f\x6c\x61\x62\x65\x6c\x3e\x3c\x6c\x61\x62\x65\x6c\x3e\x55\x52\x4c\x20\x6f\x72\x20\x4e\x79\x78\x20\x70\x61\x74\x68\x3c\x69\x6e\x70\x75\x74\x20\x6e\x61\x6d\x65\x3d\x22\x75\x72\x6c\x22\x20\x6d\x61\x78\x6c\x65\x6e\x67\x74\x68\x3d\x22\x32\x30\x34\x38\x22\x20\x61\x75\x74\x6f\x63\x6f\x6d\x70\x6c\x65\x74\x65\x3d\x22\x6f\x66\x66\x22\x20\x73\x70\x65\x6c\x6c\x63\x68\x65\x63\x6b\x3d\x22\x66\x61\x6c\x73\x65\x22\x20\x72\x65\x71\x75\x69\x72\x65\x64\x20\x70\x6c\x61\x63\x65\x68\x6f\x6c\x64\x65\x72\x3d\x22\x68\x74\x74\x70\x73\x3a\x2f\x2f\x65\x78\x61\x6d\x70\x6c\x65\x2e\x63\x6f\x6d\x2f\x20\x6f\x72\x20\x2f\x61\x70\x70\x73\x2f\x65\x78\x61\x6d\x70\x6c\x65\x2f\x22\x3e\x3c\x2f\x6c\x61\x62\x65\x6c\x3e\x3c\x64\x69\x76\x20\x63\x6c\x61\x73\x73\x3d\x22\x6e\x79\x78\x2d\x6f\x77\x6e\x65\x72\x2d\x64\x65\x74\x61\x69\x6c\x2d\x61\x63\x74\x69\x6f\x6e\x73\x22\x3e\x3c\x62\x75\x74\x74\x6f\x6e\x20\x74\x79\x70\x65\x3d\x22\x73\x75\x62\x6d\x69\x74\x22\x3e${_0x8a94b9_16("\x61\x70\x70\x73")}\x3c\x73\x70\x61\x6e\x3e\x41\x64\x64\x20\x66\x6f\x72\x20\x65\x76\x65\x72\x79\x6f\x6e\x65\x3c\x2f\x73\x70\x61\x6e\x3e\x3c\x2f\x62\x75\x74\x74\x6f\x6e\x3e\x3c\x2f\x64\x69\x76\x3e\x3c\x2f\x66\x6f\x72\x6d\x3e\x3c\x2f\x73\x65\x63\x74\x69\x6f\x6e\x3e\x0a\x20\x20\x20\x20\x20\x20\x20\x20\x20\x20\x3c\x73\x65\x63\x74\x69\x6f\x6e\x20\x63\x6c\x61\x73\x73\x3d\x22\x6e\x79\x78\x2d\x6f\x77\x6e\x65\x72\x2d\x64\x65\x74\x61\x69\x6c\x2d\x73\x65\x63\x74\x69\x6f\x6e\x22\x3e\x3c\x64\x69\x76\x20\x63\x6c\x61\x73\x73\x3d\x22\x6e\x79\x78\x2d\x6f\x77\x6e\x65\x72\x2d\x67\x6c\x6f\x62\x61\x6c\x2d\x61\x70\x70\x2d\x68\x65\x61\x64\x69\x6e\x67\x22\x3e\x3c\x64\x69\x76\x3e\x3c\x68\x33\x3e\x50\x75\x62\x6c\x69\x73\x68\x65\x64\x20\x61\x70\x70\x73\x3c\x2f\x68\x33\x3e\x3c\x70\x20\x63\x6c\x61\x73\x73\x3d\x22\x6e\x79\x78\x2d\x6f\x77\x6e\x65\x72\x2d\x61\x63\x74\x69\x6f\x6e\x2d\x6e\x6f\x74\x65\x22\x3e\x43\x68\x61\x6e\x67\x65\x73\x20\x61\x70\x70\x65\x61\x72\x20\x69\x6e\x20\x6f\x70\x65\x6e\x20\x4e\x79\x78\x20\x73\x65\x73\x73\x69\x6f\x6e\x73\x20\x77\x69\x74\x68\x69\x6e\x20\x6f\x6e\x65\x20\x6d\x69\x6e\x75\x74\x65\x2e\x3c\x2f\x70\x3e\x3c\x2f\x64\x69\x76\x3e\x3c\x73\x70\x61\x6e\x3e${_0x8a94b9_10.globalApps.length}\x3c\x2f\x73\x70\x61\x6e\x3e\x3c\x2f\x64\x69\x76\x3e${_0x8a94b9_10.globalApps.length ? `\x3c\x64\x69\x76\x20\x63\x6c\x61\x73\x73\x3d\x22\x6e\x79\x78\x2d\x6f\x77\x6e\x65\x72\x2d\x67\x6c\x6f\x62\x61\x6c\x2d\x61\x70\x70\x2d\x6c\x69\x73\x74\x22\x3e${_0x8a94b9_10.globalApps.map(_0x8a94b9_1 => `\x3c\x61\x72\x74\x69\x63\x6c\x65\x3e\x3c\x73\x70\x61\x6e\x20\x63\x6c\x61\x73\x73\x3d\x22\x6e\x79\x78\x2d\x6f\x77\x6e\x65\x72\x2d\x67\x6c\x6f\x62\x61\x6c\x2d\x61\x70\x70\x2d\x69\x63\x6f\x6e\x22\x3e${_0x8a94b9_16("\x61\x70\x70\x73")}\x3c\x2f\x73\x70\x61\x6e\x3e\x3c\x64\x69\x76\x3e\x3c\x73\x74\x72\x6f\x6e\x67\x3e${_0x8a94b9_0(_0x8a94b9_1.name)}\x3c\x2f\x73\x74\x72\x6f\x6e\x67\x3e\x3c\x73\x6d\x61\x6c\x6c\x3e${_0x8a94b9_0(_0x8a94b9_1.url)}\x3c\x2f\x73\x6d\x61\x6c\x6c\x3e\x3c\x2f\x64\x69\x76\x3e\x3c\x62\x75\x74\x74\x6f\x6e\x20\x63\x6c\x61\x73\x73\x3d\x22\x64\x61\x6e\x67\x65\x72\x22\x20\x74\x79\x70\x65\x3d\x22\x62\x75\x74\x74\x6f\x6e\x22\x20\x64\x61\x74\x61\x2d\x6f\x77\x6e\x65\x72\x2d\x67\x6c\x6f\x62\x61\x6c\x2d\x61\x70\x70\x2d\x64\x65\x6c\x65\x74\x65\x3d\x22${_0x8a94b9_0(_0x8a94b9_1.id)}\x22\x20\x61\x72\x69\x61\x2d\x6c\x61\x62\x65\x6c\x3d\x22\x52\x65\x6d\x6f\x76\x65\x20${_0x8a94b9_0(_0x8a94b9_1.name)}\x22\x3e${_0x8a94b9_16("\x74\x72\x61\x73\x68")}\x52\x65\x6d\x6f\x76\x65\x3c\x2f\x62\x75\x74\x74\x6f\x6e\x3e\x3c\x2f\x61\x72\x74\x69\x63\x6c\x65\x3e`).join("")}\x3c\x2f\x64\x69\x76\x3e` : "\x3c\x70\x20\x63\x6c\x61\x73\x73\x3d\x22\x6e\x79\x78\x2d\x6f\x77\x6e\x65\x72\x2d\x61\x63\x74\x69\x6f\x6e\x2d\x6e\x6f\x74\x65\x22\x3e\x4e\x6f\x20\x61\x70\x70\x73\x20\x61\x72\x65\x20\x63\x75\x72\x72\x65\x6e\x74\x6c\x79\x20\x70\x75\x62\x6c\x69\x73\x68\x65\x64\x2e\x3c\x2f\x70\x3e"}\x3c\x2f\x73\x65\x63\x74\x69\x6f\x6e\x3e\x0a\x20\x20\x20\x20\x20\x20\x20\x20\x3c\x2f\x64\x69\x76\x3e`;
    }
    function _0x8a94b9_3a(_0x8a94b9_1 = "\x6d\x65\x6d\x62\x65\x72") {
      return (_0x8a94b9_10.customRolePlacements.length ? _0x8a94b9_10.customRolePlacements : _0x8a94b9_3.map(_0x8a94b9_0 => ({
        id: _0x8a94b9_0,
        label: _0x8a94b9_4(_0x8a94b9_0)
      }))).map(_0x8a94b9_2 => `\x3c\x6f\x70\x74\x69\x6f\x6e\x20\x76\x61\x6c\x75\x65\x3d\x22${_0x8a94b9_0(_0x8a94b9_2.id)}\x22${_0x8a94b9_2.id === _0x8a94b9_1 ? "\x20\x73\x65\x6c\x65\x63\x74\x65\x64" : ""}\x3e${_0x8a94b9_0(_0x8a94b9_2.label)}\x20\x70\x6c\x61\x63\x65\x6d\x65\x6e\x74\x3c\x2f\x6f\x70\x74\x69\x6f\x6e\x3e`).join("");
    }
    function _0x8a94b9_3b(_0x8a94b9_1 = []) {
      const _0x8a94b9_2 = new Set(_0x8a94b9_1);
      return `\x3c\x64\x65\x74\x61\x69\x6c\x73\x20\x63\x6c\x61\x73\x73\x3d\x22\x6e\x79\x78\x2d\x6f\x77\x6e\x65\x72\x2d\x63\x75\x73\x74\x6f\x6d\x2d\x72\x6f\x6c\x65\x2d\x70\x65\x72\x6d\x69\x73\x73\x69\x6f\x6e\x2d\x65\x64\x69\x74\x6f\x72\x22\x3e\x3c\x73\x75\x6d\x6d\x61\x72\x79\x3e${_0x8a94b9_2.size}\x20\x70\x65\x72\x6d\x69\x73\x73\x69\x6f\x6e${1 === _0x8a94b9_2.size ? "" : "\x73"}\x20\x73\x65\x6c\x65\x63\x74\x65\x64\x3c\x2f\x73\x75\x6d\x6d\x61\x72\x79\x3e\x3c\x66\x69\x65\x6c\x64\x73\x65\x74\x20\x63\x6c\x61\x73\x73\x3d\x22\x6e\x79\x78\x2d\x6f\x77\x6e\x65\x72\x2d\x63\x75\x73\x74\x6f\x6d\x2d\x72\x6f\x6c\x65\x2d\x70\x65\x72\x6d\x69\x73\x73\x69\x6f\x6e\x73\x22\x3e\x3c\x6c\x65\x67\x65\x6e\x64\x3e\x50\x65\x72\x6d\x69\x73\x73\x69\x6f\x6e\x73\x3c\x2f\x6c\x65\x67\x65\x6e\x64\x3e${_0x8a94b9_10.customRolePermissions.map(_0x8a94b9_1 => `\x3c\x6c\x61\x62\x65\x6c\x3e\x3c\x69\x6e\x70\x75\x74\x20\x74\x79\x70\x65\x3d\x22\x63\x68\x65\x63\x6b\x62\x6f\x78\x22\x20\x6e\x61\x6d\x65\x3d\x22\x70\x65\x72\x6d\x69\x73\x73\x69\x6f\x6e\x73\x22\x20\x76\x61\x6c\x75\x65\x3d\x22${_0x8a94b9_0(_0x8a94b9_1.id)}\x22${_0x8a94b9_2.has(_0x8a94b9_1.id) ? "\x20\x63\x68\x65\x63\x6b\x65\x64" : ""}\x3e\x3c\x73\x70\x61\x6e\x3e${_0x8a94b9_0(_0x8a94b9_1.label)}\x3c\x2f\x73\x70\x61\x6e\x3e\x3c\x73\x6d\x61\x6c\x6c\x3e${_0x8a94b9_0(_0x8a94b9_1.id)}\x3c\x2f\x73\x6d\x61\x6c\x6c\x3e\x3c\x2f\x6c\x61\x62\x65\x6c\x3e`).join("")}\x3c\x2f\x66\x69\x65\x6c\x64\x73\x65\x74\x3e\x3c\x2f\x64\x65\x74\x61\x69\x6c\x73\x3e`;
    }
    function _0x8a94b9_3c(_0x8a94b9_1 = "\x23\x38\x65\x61\x31\x66\x66") {
      const _0x8a94b9_2 = /^#[0-9a-f]{6}$/i.test(String(_0x8a94b9_1 || "")) ? String(_0x8a94b9_1).toLowerCase() : "\x23\x38\x65\x61\x31\x66\x66";
      return `\x3c\x6c\x61\x62\x65\x6c\x20\x63\x6c\x61\x73\x73\x3d\x22\x6e\x79\x78\x2d\x6f\x77\x6e\x65\x72\x2d\x63\x75\x73\x74\x6f\x6d\x2d\x72\x6f\x6c\x65\x2d\x66\x69\x65\x6c\x64\x20\x6e\x79\x78\x2d\x6f\x77\x6e\x65\x72\x2d\x63\x75\x73\x74\x6f\x6d\x2d\x72\x6f\x6c\x65\x2d\x63\x6f\x6c\x6f\x72\x2d\x66\x69\x65\x6c\x64\x22\x3e\x43\x6f\x6c\x6f\x72\x20\x2f\x20\x63\x6f\x64\x65\x3c\x73\x70\x61\x6e\x20\x63\x6c\x61\x73\x73\x3d\x22\x6e\x79\x78\x2d\x6f\x77\x6e\x65\x72\x2d\x63\x75\x73\x74\x6f\x6d\x2d\x72\x6f\x6c\x65\x2d\x63\x6f\x6c\x6f\x72\x2d\x63\x6f\x6e\x74\x72\x6f\x6c\x22\x3e\x3c\x69\x6e\x70\x75\x74\x20\x63\x6c\x61\x73\x73\x3d\x22\x6e\x79\x78\x2d\x6f\x77\x6e\x65\x72\x2d\x63\x75\x73\x74\x6f\x6d\x2d\x72\x6f\x6c\x65\x2d\x63\x6f\x6c\x6f\x72\x2d\x70\x69\x63\x6b\x65\x72\x22\x20\x64\x61\x74\x61\x2d\x6f\x77\x6e\x65\x72\x2d\x63\x75\x73\x74\x6f\x6d\x2d\x72\x6f\x6c\x65\x2d\x63\x6f\x6c\x6f\x72\x2d\x70\x69\x63\x6b\x65\x72\x20\x74\x79\x70\x65\x3d\x22\x63\x6f\x6c\x6f\x72\x22\x20\x76\x61\x6c\x75\x65\x3d\x22${_0x8a94b9_0(_0x8a94b9_2)}\x22\x20\x61\x72\x69\x61\x2d\x6c\x61\x62\x65\x6c\x3d\x22\x43\x68\x6f\x6f\x73\x65\x20\x72\x6f\x6c\x65\x20\x63\x6f\x6c\x6f\x72\x22\x3e\x3c\x69\x6e\x70\x75\x74\x20\x6e\x61\x6d\x65\x3d\x22\x63\x6f\x6c\x6f\x72\x22\x20\x74\x79\x70\x65\x3d\x22\x74\x65\x78\x74\x22\x20\x76\x61\x6c\x75\x65\x3d\x22${_0x8a94b9_0(_0x8a94b9_2)}\x22\x20\x6d\x61\x78\x6c\x65\x6e\x67\x74\x68\x3d\x22\x37\x22\x20\x70\x61\x74\x74\x65\x72\x6e\x3d\x22\x28\x3f\x3a\x23\x5b\x30\x2d\x39\x41\x2d\x46\x61\x2d\x66\x5d\x7b\x36\x7d\x7c\x26\x61\x6d\x70\x3b\x5b\x30\x2d\x39\x41\x2d\x46\x61\x2d\x66\x5d\x29\x22\x20\x74\x69\x74\x6c\x65\x3d\x22\x55\x73\x65\x20\x61\x20\x73\x69\x78\x2d\x64\x69\x67\x69\x74\x20\x68\x65\x78\x20\x63\x6f\x6c\x6f\x72\x20\x6f\x72\x20\x61\x20\x4d\x69\x6e\x65\x63\x72\x61\x66\x74\x20\x63\x6f\x64\x65\x20\x66\x72\x6f\x6d\x20\x26\x61\x6d\x70\x3b\x30\x20\x74\x68\x72\x6f\x75\x67\x68\x20\x26\x61\x6d\x70\x3b\x66\x22\x20\x70\x6c\x61\x63\x65\x68\x6f\x6c\x64\x65\x72\x3d\x22\x26\x61\x6d\x70\x3b\x64\x20\x6f\x72\x20\x23\x66\x66\x35\x35\x66\x66\x22\x20\x72\x65\x71\x75\x69\x72\x65\x64\x3e\x3c\x2f\x73\x70\x61\x6e\x3e\x3c\x73\x6d\x61\x6c\x6c\x3e\x50\x69\x63\x6b\x20\x61\x20\x63\x6f\x6c\x6f\x72\x20\x6f\x72\x20\x65\x6e\x74\x65\x72\x20\x23\x52\x52\x47\x47\x42\x42\x20\x2f\x20\x26\x61\x6d\x70\x3b\x30\u2013\x26\x61\x6d\x70\x3b\x66\x2e\x3c\x2f\x73\x6d\x61\x6c\x6c\x3e\x3c\x2f\x6c\x61\x62\x65\x6c\x3e`;
    }
    function _0x8a94b9_3d() {
      const _0x8a94b9_1 = _0x8a94b9_10.customRoleEditorId, _0x8a94b9_2 = `\x3c\x66\x6f\x72\x6d\x20\x63\x6c\x61\x73\x73\x3d\x22\x6e\x79\x78\x2d\x6f\x77\x6e\x65\x72\x2d\x63\x75\x73\x74\x6f\x6d\x2d\x72\x6f\x6c\x65\x2d\x66\x6f\x72\x6d\x20\x6e\x79\x78\x2d\x6f\x77\x6e\x65\x72\x2d\x63\x75\x73\x74\x6f\x6d\x2d\x72\x6f\x6c\x65\x2d\x65\x64\x69\x74\x6f\x72\x22\x20\x64\x61\x74\x61\x2d\x6f\x77\x6e\x65\x72\x2d\x63\x75\x73\x74\x6f\x6d\x2d\x72\x6f\x6c\x65\x2d\x63\x72\x65\x61\x74\x65\x3e\x3c\x6c\x61\x62\x65\x6c\x20\x63\x6c\x61\x73\x73\x3d\x22\x6e\x79\x78\x2d\x6f\x77\x6e\x65\x72\x2d\x63\x75\x73\x74\x6f\x6d\x2d\x72\x6f\x6c\x65\x2d\x66\x69\x65\x6c\x64\x22\x3e\x4e\x61\x6d\x65\x3c\x69\x6e\x70\x75\x74\x20\x6e\x61\x6d\x65\x3d\x22\x6c\x61\x62\x65\x6c\x22\x20\x6d\x61\x78\x6c\x65\x6e\x67\x74\x68\x3d\x22\x36\x34\x22\x20\x6d\x69\x6e\x6c\x65\x6e\x67\x74\x68\x3d\x22\x32\x22\x20\x72\x65\x71\x75\x69\x72\x65\x64\x20\x70\x6c\x61\x63\x65\x68\x6f\x6c\x64\x65\x72\x3d\x22\x4e\x69\x67\x68\x74\x20\x57\x61\x74\x63\x68\x22\x3e\x3c\x2f\x6c\x61\x62\x65\x6c\x3e\x3c\x6c\x61\x62\x65\x6c\x20\x63\x6c\x61\x73\x73\x3d\x22\x6e\x79\x78\x2d\x6f\x77\x6e\x65\x72\x2d\x63\x75\x73\x74\x6f\x6d\x2d\x72\x6f\x6c\x65\x2d\x66\x69\x65\x6c\x64\x22\x3e\x52\x6f\x6c\x65\x20\x49\x44\x3c\x69\x6e\x70\x75\x74\x20\x6e\x61\x6d\x65\x3d\x22\x69\x64\x22\x20\x6d\x61\x78\x6c\x65\x6e\x67\x74\x68\x3d\x22\x33\x32\x22\x20\x70\x61\x74\x74\x65\x72\x6e\x3d\x22\x5b\x61\x2d\x7a\x30\x2d\x39\x5d\x5b\x61\x2d\x7a\x30\x2d\x39\x2d\x5d\x7b\x31\x2c\x33\x31\x7d\x22\x20\x70\x6c\x61\x63\x65\x68\x6f\x6c\x64\x65\x72\x3d\x22\x6e\x69\x67\x68\x74\x2d\x77\x61\x74\x63\x68\x22\x3e\x3c\x2f\x6c\x61\x62\x65\x6c\x3e${_0x8a94b9_3c()}\x3c\x6c\x61\x62\x65\x6c\x20\x63\x6c\x61\x73\x73\x3d\x22\x6e\x79\x78\x2d\x6f\x77\x6e\x65\x72\x2d\x63\x75\x73\x74\x6f\x6d\x2d\x72\x6f\x6c\x65\x2d\x66\x69\x65\x6c\x64\x22\x3e\x50\x6c\x61\x63\x65\x6d\x65\x6e\x74\x3c\x73\x65\x6c\x65\x63\x74\x20\x6e\x61\x6d\x65\x3d\x22\x62\x61\x73\x65\x52\x6f\x6c\x65\x22\x3e${_0x8a94b9_3a("\x6d\x65\x6d\x62\x65\x72")}\x3c\x2f\x73\x65\x6c\x65\x63\x74\x3e\x3c\x2f\x6c\x61\x62\x65\x6c\x3e${_0x8a94b9_3b([])}\x3c\x64\x69\x76\x20\x63\x6c\x61\x73\x73\x3d\x22\x6e\x79\x78\x2d\x6f\x77\x6e\x65\x72\x2d\x63\x75\x73\x74\x6f\x6d\x2d\x72\x6f\x6c\x65\x2d\x65\x64\x69\x74\x6f\x72\x2d\x61\x63\x74\x69\x6f\x6e\x73\x22\x3e\x3c\x62\x75\x74\x74\x6f\x6e\x20\x63\x6c\x61\x73\x73\x3d\x22\x6e\x79\x78\x2d\x6f\x77\x6e\x65\x72\x2d\x63\x75\x73\x74\x6f\x6d\x2d\x72\x6f\x6c\x65\x2d\x73\x61\x76\x65\x22\x20\x74\x79\x70\x65\x3d\x22\x73\x75\x62\x6d\x69\x74\x22\x3e${_0x8a94b9_16("\x73\x61\x76\x65")}\x3c\x73\x70\x61\x6e\x3e\x43\x72\x65\x61\x74\x65\x20\x72\x6f\x6c\x65\x3c\x2f\x73\x70\x61\x6e\x3e\x3c\x2f\x62\x75\x74\x74\x6f\x6e\x3e\x3c\x62\x75\x74\x74\x6f\x6e\x20\x63\x6c\x61\x73\x73\x3d\x22\x6e\x79\x78\x2d\x6f\x77\x6e\x65\x72\x2d\x63\x75\x73\x74\x6f\x6d\x2d\x72\x6f\x6c\x65\x2d\x63\x61\x6e\x63\x65\x6c\x22\x20\x74\x79\x70\x65\x3d\x22\x62\x75\x74\x74\x6f\x6e\x22\x20\x64\x61\x74\x61\x2d\x6f\x77\x6e\x65\x72\x2d\x63\x75\x73\x74\x6f\x6d\x2d\x72\x6f\x6c\x65\x2d\x63\x61\x6e\x63\x65\x6c\x3e\x43\x61\x6e\x63\x65\x6c\x3c\x2f\x62\x75\x74\x74\x6f\x6e\x3e\x3c\x2f\x64\x69\x76\x3e\x3c\x2f\x66\x6f\x72\x6d\x3e`;
      _0x8a94b9_1a.innerHTML = `\x3c\x68\x65\x61\x64\x65\x72\x20\x63\x6c\x61\x73\x73\x3d\x22\x6e\x79\x78\x2d\x6f\x77\x6e\x65\x72\x2d\x63\x75\x73\x74\x6f\x6d\x2d\x72\x6f\x6c\x65\x2d\x68\x65\x61\x64\x65\x72\x22\x3e\x3c\x64\x69\x76\x3e\x3c\x73\x70\x61\x6e\x3e${_0x8a94b9_16("\x75\x73\x65\x72\x73")}\x3c\x2f\x73\x70\x61\x6e\x3e\x3c\x64\x69\x76\x3e\x3c\x68\x32\x3e\x43\x75\x73\x74\x6f\x6d\x20\x72\x6f\x6c\x65\x73\x3c\x2f\x68\x32\x3e\x3c\x70\x3e\x43\x6f\x6c\x6f\x72\x73\x2c\x20\x68\x69\x65\x72\x61\x72\x63\x68\x79\x2c\x20\x70\x65\x72\x6d\x69\x73\x73\x69\x6f\x6e\x73\x2c\x20\x61\x6e\x64\x20\x61\x73\x73\x69\x67\x6e\x6d\x65\x6e\x74\x73\x2e\x3c\x2f\x70\x3e\x3c\x2f\x64\x69\x76\x3e\x3c\x2f\x64\x69\x76\x3e\x3c\x62\x75\x74\x74\x6f\x6e\x20\x74\x79\x70\x65\x3d\x22\x62\x75\x74\x74\x6f\x6e\x22\x20\x64\x61\x74\x61\x2d\x6f\x77\x6e\x65\x72\x2d\x64\x72\x61\x77\x65\x72\x2d\x63\x6c\x6f\x73\x65\x20\x61\x72\x69\x61\x2d\x6c\x61\x62\x65\x6c\x3d\x22\x43\x6c\x6f\x73\x65\x20\x63\x75\x73\x74\x6f\x6d\x20\x72\x6f\x6c\x65\x73\x22\x3e${_0x8a94b9_16("\x63\x6c\x6f\x73\x65")}\x3c\x2f\x62\x75\x74\x74\x6f\x6e\x3e\x3c\x2f\x68\x65\x61\x64\x65\x72\x3e\x0a\x20\x20\x20\x20\x20\x20\x20\x20\x3c\x64\x69\x76\x20\x63\x6c\x61\x73\x73\x3d\x22\x6e\x79\x78\x2d\x6f\x77\x6e\x65\x72\x2d\x64\x72\x61\x77\x65\x72\x2d\x73\x63\x72\x6f\x6c\x6c\x20\x6e\x79\x78\x2d\x6f\x77\x6e\x65\x72\x2d\x63\x75\x73\x74\x6f\x6d\x2d\x72\x6f\x6c\x65\x2d\x64\x72\x61\x77\x65\x72\x22\x3e\x0a\x20\x20\x20\x20\x20\x20\x20\x20\x20\x20\x3c\x73\x65\x63\x74\x69\x6f\x6e\x20\x63\x6c\x61\x73\x73\x3d\x22\x6e\x79\x78\x2d\x6f\x77\x6e\x65\x72\x2d\x64\x65\x74\x61\x69\x6c\x2d\x73\x65\x63\x74\x69\x6f\x6e\x20\x6e\x79\x78\x2d\x6f\x77\x6e\x65\x72\x2d\x63\x75\x73\x74\x6f\x6d\x2d\x72\x6f\x6c\x65\x2d\x73\x65\x63\x74\x69\x6f\x6e\x22\x3e\x3c\x64\x69\x76\x20\x63\x6c\x61\x73\x73\x3d\x22\x6e\x79\x78\x2d\x6f\x77\x6e\x65\x72\x2d\x63\x75\x73\x74\x6f\x6d\x2d\x72\x6f\x6c\x65\x2d\x74\x6f\x6f\x6c\x62\x61\x72\x22\x3e\x3c\x64\x69\x76\x3e\x3c\x68\x33\x3e\x43\x6f\x6e\x66\x69\x67\x75\x72\x65\x64\x20\x72\x6f\x6c\x65\x73\x3c\x2f\x68\x33\x3e\x3c\x70\x20\x63\x6c\x61\x73\x73\x3d\x22\x6e\x79\x78\x2d\x6f\x77\x6e\x65\x72\x2d\x61\x63\x74\x69\x6f\x6e\x2d\x6e\x6f\x74\x65\x22\x3e\x50\x6c\x61\x63\x65\x6d\x65\x6e\x74\x20\x63\x6f\x6e\x74\x72\x6f\x6c\x73\x20\x68\x69\x65\x72\x61\x72\x63\x68\x79\x3b\x20\x73\x65\x6c\x65\x63\x74\x65\x64\x20\x70\x65\x72\x6d\x69\x73\x73\x69\x6f\x6e\x73\x20\x63\x6f\x6e\x74\x72\x6f\x6c\x20\x61\x63\x63\x65\x73\x73\x2e\x3c\x2f\x70\x3e\x3c\x2f\x64\x69\x76\x3e\x3c\x62\x75\x74\x74\x6f\x6e\x20\x74\x79\x70\x65\x3d\x22\x62\x75\x74\x74\x6f\x6e\x22\x20\x64\x61\x74\x61\x2d\x6f\x77\x6e\x65\x72\x2d\x63\x75\x73\x74\x6f\x6d\x2d\x72\x6f\x6c\x65\x2d\x6e\x65\x77\x3e${_0x8a94b9_16("\x75\x73\x65\x72\x73")}\x4e\x65\x77\x20\x72\x6f\x6c\x65\x3c\x2f\x62\x75\x74\x74\x6f\x6e\x3e\x3c\x2f\x64\x69\x76\x3e${"\x6e\x65\x77" === _0x8a94b9_1 ? _0x8a94b9_2 : ""}${_0x8a94b9_10.customRoles.length ? `\x3c\x64\x69\x76\x20\x63\x6c\x61\x73\x73\x3d\x22\x6e\x79\x78\x2d\x6f\x77\x6e\x65\x72\x2d\x63\x75\x73\x74\x6f\x6d\x2d\x72\x6f\x6c\x65\x2d\x6c\x69\x73\x74\x22\x3e${_0x8a94b9_10.customRoles.map(_0x8a94b9_2 => `\x3c\x61\x72\x74\x69\x63\x6c\x65\x20\x63\x6c\x61\x73\x73\x3d\x22\x6e\x79\x78\x2d\x6f\x77\x6e\x65\x72\x2d\x63\x75\x73\x74\x6f\x6d\x2d\x72\x6f\x6c\x65\x2d\x69\x74\x65\x6d${_0x8a94b9_1 === _0x8a94b9_2.id ? "\x20\x65\x64\x69\x74\x69\x6e\x67" : ""}\x22\x3e\x3c\x64\x69\x76\x20\x63\x6c\x61\x73\x73\x3d\x22\x6e\x79\x78\x2d\x6f\x77\x6e\x65\x72\x2d\x63\x75\x73\x74\x6f\x6d\x2d\x72\x6f\x6c\x65\x2d\x72\x6f\x77\x22\x3e\x3c\x73\x70\x61\x6e\x20\x63\x6c\x61\x73\x73\x3d\x22\x6e\x79\x78\x2d\x6f\x77\x6e\x65\x72\x2d\x63\x75\x73\x74\x6f\x6d\x2d\x72\x6f\x6c\x65\x2d\x64\x6f\x74\x22\x20\x73\x74\x79\x6c\x65\x3d\x22\x2d\x2d\x6f\x77\x6e\x65\x72\x2d\x63\x75\x73\x74\x6f\x6d\x2d\x72\x6f\x6c\x65\x3a${_0x8a94b9_0(_0x8a94b9_2.color)}\x22\x3e\x3c\x2f\x73\x70\x61\x6e\x3e\x3c\x73\x70\x61\x6e\x20\x63\x6c\x61\x73\x73\x3d\x22\x6e\x79\x78\x2d\x6f\x77\x6e\x65\x72\x2d\x63\x75\x73\x74\x6f\x6d\x2d\x72\x6f\x6c\x65\x2d\x63\x6f\x70\x79\x22\x3e\x3c\x73\x74\x72\x6f\x6e\x67\x20\x63\x6c\x61\x73\x73\x3d\x22\x6e\x79\x78\x2d\x6d\x69\x6e\x65\x63\x72\x61\x66\x74\x2d\x74\x65\x78\x74\x22\x3e${_0x8a94b9_0(_0x8a94b9_2.label)}\x3c\x2f\x73\x74\x72\x6f\x6e\x67\x3e\x3c\x73\x6d\x61\x6c\x6c\x3e${_0x8a94b9_0(_0x8a94b9_2.id)}\x3c\x2f\x73\x6d\x61\x6c\x6c\x3e\x3c\x2f\x73\x70\x61\x6e\x3e\x3c\x73\x70\x61\x6e\x20\x63\x6c\x61\x73\x73\x3d\x22\x6e\x79\x78\x2d\x6f\x77\x6e\x65\x72\x2d\x63\x75\x73\x74\x6f\x6d\x2d\x72\x6f\x6c\x65\x2d\x70\x6c\x61\x63\x65\x6d\x65\x6e\x74\x22\x3e${_0x8a94b9_0(_0x8a94b9_4(_0x8a94b9_2.baseRole))}\x3c\x2f\x73\x70\x61\x6e\x3e\x3c\x73\x70\x61\x6e\x20\x63\x6c\x61\x73\x73\x3d\x22\x6e\x79\x78\x2d\x6f\x77\x6e\x65\x72\x2d\x63\x75\x73\x74\x6f\x6d\x2d\x72\x6f\x6c\x65\x2d\x70\x65\x72\x6d\x69\x73\x73\x69\x6f\x6e\x2d\x63\x6f\x75\x6e\x74\x22\x3e${Number(_0x8a94b9_2.permissions?.length || 0)}\x20\x70\x65\x72\x6d\x73\x3c\x2f\x73\x70\x61\x6e\x3e\x3c\x62\x75\x74\x74\x6f\x6e\x20\x74\x79\x70\x65\x3d\x22\x62\x75\x74\x74\x6f\x6e\x22\x20\x64\x61\x74\x61\x2d\x6f\x77\x6e\x65\x72\x2d\x63\x75\x73\x74\x6f\x6d\x2d\x72\x6f\x6c\x65\x2d\x65\x64\x69\x74\x3d\x22${_0x8a94b9_0(_0x8a94b9_2.id)}\x22\x3e\x45\x64\x69\x74\x3c\x2f\x62\x75\x74\x74\x6f\x6e\x3e\x3c\x62\x75\x74\x74\x6f\x6e\x20\x63\x6c\x61\x73\x73\x3d\x22\x64\x61\x6e\x67\x65\x72\x22\x20\x74\x79\x70\x65\x3d\x22\x62\x75\x74\x74\x6f\x6e\x22\x20\x64\x61\x74\x61\x2d\x6f\x77\x6e\x65\x72\x2d\x63\x75\x73\x74\x6f\x6d\x2d\x72\x6f\x6c\x65\x2d\x64\x65\x6c\x65\x74\x65\x3d\x22${_0x8a94b9_0(_0x8a94b9_2.id)}\x22\x20\x61\x72\x69\x61\x2d\x6c\x61\x62\x65\x6c\x3d\x22\x44\x65\x6c\x65\x74\x65\x20${_0x8a94b9_0(_0x8a94b9_2.label)}\x22\x3e${_0x8a94b9_16("\x74\x72\x61\x73\x68")}\x3c\x2f\x62\x75\x74\x74\x6f\x6e\x3e\x3c\x2f\x64\x69\x76\x3e${_0x8a94b9_1 === _0x8a94b9_2.id ? (_0x8a94b9_1 => `\x3c\x66\x6f\x72\x6d\x20\x63\x6c\x61\x73\x73\x3d\x22\x6e\x79\x78\x2d\x6f\x77\x6e\x65\x72\x2d\x63\x75\x73\x74\x6f\x6d\x2d\x72\x6f\x6c\x65\x2d\x65\x64\x69\x74\x6f\x72\x22\x20\x64\x61\x74\x61\x2d\x6f\x77\x6e\x65\x72\x2d\x63\x75\x73\x74\x6f\x6d\x2d\x72\x6f\x6c\x65\x2d\x75\x70\x64\x61\x74\x65\x3d\x22${_0x8a94b9_0(_0x8a94b9_1.id)}\x22\x3e\x3c\x6c\x61\x62\x65\x6c\x20\x63\x6c\x61\x73\x73\x3d\x22\x6e\x79\x78\x2d\x6f\x77\x6e\x65\x72\x2d\x63\x75\x73\x74\x6f\x6d\x2d\x72\x6f\x6c\x65\x2d\x66\x69\x65\x6c\x64\x22\x3e\x4e\x61\x6d\x65\x3c\x69\x6e\x70\x75\x74\x20\x6e\x61\x6d\x65\x3d\x22\x6c\x61\x62\x65\x6c\x22\x20\x6d\x61\x78\x6c\x65\x6e\x67\x74\x68\x3d\x22\x36\x34\x22\x20\x6d\x69\x6e\x6c\x65\x6e\x67\x74\x68\x3d\x22\x32\x22\x20\x72\x65\x71\x75\x69\x72\x65\x64\x20\x76\x61\x6c\x75\x65\x3d\x22${_0x8a94b9_0(_0x8a94b9_1.label)}\x22\x3e\x3c\x2f\x6c\x61\x62\x65\x6c\x3e${_0x8a94b9_3c(_0x8a94b9_1.color)}\x3c\x6c\x61\x62\x65\x6c\x20\x63\x6c\x61\x73\x73\x3d\x22\x6e\x79\x78\x2d\x6f\x77\x6e\x65\x72\x2d\x63\x75\x73\x74\x6f\x6d\x2d\x72\x6f\x6c\x65\x2d\x66\x69\x65\x6c\x64\x22\x3e\x50\x6c\x61\x63\x65\x6d\x65\x6e\x74\x3c\x73\x65\x6c\x65\x63\x74\x20\x6e\x61\x6d\x65\x3d\x22\x62\x61\x73\x65\x52\x6f\x6c\x65\x22\x3e${_0x8a94b9_3a(_0x8a94b9_1.baseRole)}\x3c\x2f\x73\x65\x6c\x65\x63\x74\x3e\x3c\x2f\x6c\x61\x62\x65\x6c\x3e${_0x8a94b9_3b(_0x8a94b9_1.permissions)}\x3c\x64\x69\x76\x20\x63\x6c\x61\x73\x73\x3d\x22\x6e\x79\x78\x2d\x6f\x77\x6e\x65\x72\x2d\x63\x75\x73\x74\x6f\x6d\x2d\x72\x6f\x6c\x65\x2d\x65\x64\x69\x74\x6f\x72\x2d\x61\x63\x74\x69\x6f\x6e\x73\x22\x3e\x3c\x62\x75\x74\x74\x6f\x6e\x20\x63\x6c\x61\x73\x73\x3d\x22\x6e\x79\x78\x2d\x6f\x77\x6e\x65\x72\x2d\x63\x75\x73\x74\x6f\x6d\x2d\x72\x6f\x6c\x65\x2d\x73\x61\x76\x65\x22\x20\x74\x79\x70\x65\x3d\x22\x73\x75\x62\x6d\x69\x74\x22\x3e${_0x8a94b9_16("\x73\x61\x76\x65")}\x3c\x73\x70\x61\x6e\x3e\x53\x61\x76\x65\x20\x63\x68\x61\x6e\x67\x65\x73\x3c\x2f\x73\x70\x61\x6e\x3e\x3c\x2f\x62\x75\x74\x74\x6f\x6e\x3e\x3c\x62\x75\x74\x74\x6f\x6e\x20\x63\x6c\x61\x73\x73\x3d\x22\x6e\x79\x78\x2d\x6f\x77\x6e\x65\x72\x2d\x63\x75\x73\x74\x6f\x6d\x2d\x72\x6f\x6c\x65\x2d\x63\x61\x6e\x63\x65\x6c\x22\x20\x74\x79\x70\x65\x3d\x22\x62\x75\x74\x74\x6f\x6e\x22\x20\x64\x61\x74\x61\x2d\x6f\x77\x6e\x65\x72\x2d\x63\x75\x73\x74\x6f\x6d\x2d\x72\x6f\x6c\x65\x2d\x63\x61\x6e\x63\x65\x6c\x3e\x43\x61\x6e\x63\x65\x6c\x3c\x2f\x62\x75\x74\x74\x6f\x6e\x3e\x3c\x2f\x64\x69\x76\x3e\x3c\x2f\x66\x6f\x72\x6d\x3e`)(_0x8a94b9_2) : ""}\x3c\x2f\x61\x72\x74\x69\x63\x6c\x65\x3e`).join("")}\x3c\x2f\x64\x69\x76\x3e` : "\x3c\x70\x20\x63\x6c\x61\x73\x73\x3d\x22\x6e\x79\x78\x2d\x6f\x77\x6e\x65\x72\x2d\x61\x63\x74\x69\x6f\x6e\x2d\x6e\x6f\x74\x65\x22\x3e\x4e\x6f\x20\x63\x75\x73\x74\x6f\x6d\x20\x72\x6f\x6c\x65\x73\x20\x68\x61\x76\x65\x20\x62\x65\x65\x6e\x20\x63\x72\x65\x61\x74\x65\x64\x20\x79\x65\x74\x2e\x3c\x2f\x70\x3e"}\x3c\x2f\x73\x65\x63\x74\x69\x6f\x6e\x3e\x0a\x20\x20\x20\x20\x20\x20\x20\x20\x3c\x2f\x64\x69\x76\x3e`;
    }
    async function _0x8a94b9_3e(_0x8a94b9_1) {
      if (!_0x8a94b9_1 || _0x8a94b9_1.guest) return;
      _0x8a94b9_1a.hidden = !1, _0x8a94b9_1a.classList.remove("\x73\x68\x6f\x77"), _0x8a94b9_10.selectedUser = _0x8a94b9_1;
      const _0x8a94b9_2 = _0x8a94b9_12(_0x8a94b9_1.photoUrl, "", (_0x8a94b9_1.displayName || "\x3f").slice(0, 1).toUpperCase());
      _0x8a94b9_1a.innerHTML = `\x3c\x68\x65\x61\x64\x65\x72\x3e\x3c\x64\x69\x76\x20\x63\x6c\x61\x73\x73\x3d\x22\x6e\x79\x78\x2d\x6f\x77\x6e\x65\x72\x2d\x64\x65\x74\x61\x69\x6c\x2d\x61\x76\x61\x74\x61\x72\x22\x3e${_0x8a94b9_2}\x3c\x69\x20\x63\x6c\x61\x73\x73\x3d\x22${_0x8a94b9_1.online ? "\x6f\x6e\x6c\x69\x6e\x65" : ""}\x22\x3e\x3c\x2f\x69\x3e\x3c\x2f\x64\x69\x76\x3e\x3c\x64\x69\x76\x3e\x3c\x73\x70\x61\x6e\x3e${_0x8a94b9_16("\x73\x68\x69\x65\x6c\x64")}\x53\x65\x61\x72\x63\x68\x20\x72\x65\x76\x69\x65\x77\x3c\x2f\x73\x70\x61\x6e\x3e\x3c\x68\x32\x3e${_0x8a94b9_0(_0x8a94b9_1.displayName)}\x3c\x2f\x68\x32\x3e\x3c\x70\x20\x63\x6c\x61\x73\x73\x3d\x22\x6e\x79\x78\x2d\x6f\x77\x6e\x65\x72\x2d\x64\x72\x61\x77\x65\x72\x2d\x69\x64\x65\x6e\x74\x69\x74\x79\x22\x3e\x40${_0x8a94b9_0(_0x8a94b9_1.username)}\x3c\x2f\x70\x3e\x3c\x2f\x64\x69\x76\x3e\x3c\x62\x75\x74\x74\x6f\x6e\x20\x74\x79\x70\x65\x3d\x22\x62\x75\x74\x74\x6f\x6e\x22\x20\x64\x61\x74\x61\x2d\x6f\x77\x6e\x65\x72\x2d\x64\x72\x61\x77\x65\x72\x2d\x63\x6c\x6f\x73\x65\x20\x61\x72\x69\x61\x2d\x6c\x61\x62\x65\x6c\x3d\x22\x43\x6c\x6f\x73\x65\x20\x73\x65\x61\x72\x63\x68\x20\x68\x69\x73\x74\x6f\x72\x79\x22\x3e${_0x8a94b9_16("\x63\x6c\x6f\x73\x65")}\x3c\x2f\x62\x75\x74\x74\x6f\x6e\x3e\x3c\x2f\x68\x65\x61\x64\x65\x72\x3e\x0a\x20\x20\x20\x20\x20\x20\x20\x20\x3c\x64\x69\x76\x20\x63\x6c\x61\x73\x73\x3d\x22\x6e\x79\x78\x2d\x6f\x77\x6e\x65\x72\x2d\x64\x72\x61\x77\x65\x72\x2d\x73\x63\x72\x6f\x6c\x6c\x22\x3e\x3c\x73\x65\x63\x74\x69\x6f\x6e\x20\x63\x6c\x61\x73\x73\x3d\x22\x6e\x79\x78\x2d\x6f\x77\x6e\x65\x72\x2d\x64\x65\x74\x61\x69\x6c\x2d\x73\x65\x63\x74\x69\x6f\x6e\x20\x6e\x79\x78\x2d\x6f\x77\x6e\x65\x72\x2d\x66\x6c\x61\x67\x67\x65\x64\x2d\x73\x65\x61\x72\x63\x68\x65\x73\x22\x3e\x3c\x64\x69\x76\x20\x63\x6c\x61\x73\x73\x3d\x22\x6e\x79\x78\x2d\x6f\x77\x6e\x65\x72\x2d\x73\x65\x61\x72\x63\x68\x2d\x68\x69\x73\x74\x6f\x72\x79\x2d\x68\x65\x61\x64\x69\x6e\x67\x22\x3e\x3c\x68\x33\x3e\x53\x65\x61\x72\x63\x68\x20\x68\x69\x73\x74\x6f\x72\x79\x3c\x2f\x68\x33\x3e\x3c\x62\x75\x74\x74\x6f\x6e\x20\x74\x79\x70\x65\x3d\x22\x62\x75\x74\x74\x6f\x6e\x22\x20\x64\x61\x74\x61\x2d\x6f\x77\x6e\x65\x72\x2d\x63\x6c\x65\x61\x72\x2d\x73\x65\x61\x72\x63\x68\x2d\x68\x69\x73\x74\x6f\x72\x79\x3d\x22${_0x8a94b9_0(_0x8a94b9_1.uid)}\x22\x20\x68\x69\x64\x64\x65\x6e\x3e${_0x8a94b9_16("\x74\x72\x61\x73\x68")}\x43\x6c\x65\x61\x72\x20\x68\x69\x73\x74\x6f\x72\x79\x3c\x2f\x62\x75\x74\x74\x6f\x6e\x3e\x3c\x2f\x64\x69\x76\x3e\x3c\x70\x20\x63\x6c\x61\x73\x73\x3d\x22\x6e\x79\x78\x2d\x6f\x77\x6e\x65\x72\x2d\x61\x63\x74\x69\x6f\x6e\x2d\x6e\x6f\x74\x65\x22\x3e\x53\x65\x61\x72\x63\x68\x65\x73\x20\x6d\x61\x64\x65\x20\x74\x68\x72\x6f\x75\x67\x68\x20\x4e\x79\x78\x20\x77\x68\x69\x6c\x65\x20\x74\x68\x69\x73\x20\x61\x63\x63\x6f\x75\x6e\x74\x20\x69\x73\x20\x73\x69\x67\x6e\x65\x64\x20\x69\x6e\x20\x61\x72\x65\x20\x72\x65\x74\x61\x69\x6e\x65\x64\x20\x66\x6f\x72\x20\x33\x30\x20\x64\x61\x79\x73\x2e\x20\x50\x6f\x6c\x69\x63\x79\x2d\x63\x6c\x61\x73\x73\x69\x66\x69\x65\x64\x20\x73\x65\x61\x72\x63\x68\x65\x73\x20\x61\x72\x65\x20\x68\x69\x67\x68\x6c\x69\x67\x68\x74\x65\x64\x2c\x20\x62\x75\x74\x20\x61\x20\x6d\x61\x74\x63\x68\x20\x69\x73\x20\x61\x20\x6d\x6f\x64\x65\x72\x61\x74\x69\x6f\x6e\x20\x73\x69\x67\x6e\x61\x6c\x20\x72\x61\x74\x68\x65\x72\x20\x74\x68\x61\x6e\x20\x70\x72\x6f\x6f\x66\x2e\x3c\x2f\x70\x3e\x3c\x64\x69\x76\x20\x63\x6c\x61\x73\x73\x3d\x22\x6e\x79\x78\x2d\x6f\x77\x6e\x65\x72\x2d\x66\x6c\x61\x67\x67\x65\x64\x2d\x73\x65\x61\x72\x63\x68\x2d\x6c\x69\x73\x74\x22\x3e\x3c\x64\x69\x76\x20\x63\x6c\x61\x73\x73\x3d\x22\x6e\x79\x78\x2d\x6f\x77\x6e\x65\x72\x2d\x64\x72\x61\x77\x65\x72\x2d\x6c\x6f\x61\x64\x69\x6e\x67\x22\x3e\x3c\x69\x3e\x3c\x2f\x69\x3e\x3c\x69\x3e\x3c\x2f\x69\x3e\x3c\x69\x3e\x3c\x2f\x69\x3e\x3c\x2f\x64\x69\x76\x3e\x3c\x2f\x64\x69\x76\x3e\x3c\x2f\x73\x65\x63\x74\x69\x6f\x6e\x3e\x3c\x2f\x64\x69\x76\x3e`, 
      requestAnimationFrame(() => _0x8a94b9_1a.classList.add("\x73\x68\x6f\x77")), _0x8a94b9_13(_0x8a94b9_1a);
      const _0x8a94b9_3 = _0x8a94b9_1a.querySelector("\x2e\x6e\x79\x78\x2d\x6f\x77\x6e\x65\x72\x2d\x66\x6c\x61\x67\x67\x65\x64\x2d\x73\x65\x61\x72\x63\x68\x2d\x6c\x69\x73\x74");
      try {
        const _0x8a94b9_2 = await _0x8a94b9_20(`/gh/dubcatalt2-lab/nyx-jsdelivr-links@main/nyx-static/\x61\x70\x69\x2f\x63\x68\x61\x74\x2f\x6d\x6f\x64\x65\x72\x61\x74\x69\x6f\x6e\x2f\x73\x65\x61\x72\x63\x68\x2d\x68\x69\x73\x74\x6f\x72\x79\x3f\x75\x69\x64\x3d${encodeURIComponent(_0x8a94b9_1.uid)}`);
        if (!_0x8a94b9_3?.isConnected || _0x8a94b9_10.selectedUser?.uid !== _0x8a94b9_1.uid) return;
        const _0x8a94b9_4 = Array.isArray(_0x8a94b9_2.searches) ? _0x8a94b9_2.searches : [], _0x8a94b9_5 = _0x8a94b9_1a.querySelector("\x5b\x64\x61\x74\x61\x2d\x6f\x77\x6e\x65\x72\x2d\x63\x6c\x65\x61\x72\x2d\x73\x65\x61\x72\x63\x68\x2d\x68\x69\x73\x74\x6f\x72\x79\x5d");
        _0x8a94b9_5 && (_0x8a94b9_5.hidden = !(_0x8a94b9_2.canClear && _0x8a94b9_4.length)), 
        _0x8a94b9_3.innerHTML = _0x8a94b9_4.length ? _0x8a94b9_4.map(_0x8a94b9_1 => `\x3c\x61\x72\x74\x69\x63\x6c\x65\x20\x63\x6c\x61\x73\x73\x3d\x22${_0x8a94b9_1.flagged ? "\x70\x6f\x6c\x69\x63\x79" : ""}\x22\x3e\x3c\x68\x65\x61\x64\x65\x72\x3e\x3c\x73\x74\x72\x6f\x6e\x67\x3e${_0x8a94b9_0(_0x8a94b9_1.category || "\x53\x74\x61\x6e\x64\x61\x72\x64\x20\x73\x65\x61\x72\x63\x68")}\x3c\x2f\x73\x74\x72\x6f\x6e\x67\x3e\x3c\x74\x69\x6d\x65\x20\x64\x61\x74\x65\x74\x69\x6d\x65\x3d\x22${_0x8a94b9_0(_0x8a94b9_1.createdAt)}\x22\x20\x74\x69\x74\x6c\x65\x3d\x22${_0x8a94b9_0(_0x8a94b9_b(_0x8a94b9_1.createdAt))}\x22\x3e${_0x8a94b9_0(_0x8a94b9_c(_0x8a94b9_1.createdAt))}\x3c\x2f\x74\x69\x6d\x65\x3e\x3c\x2f\x68\x65\x61\x64\x65\x72\x3e\x3c\x70\x3e${_0x8a94b9_0(_0x8a94b9_1.query)}\x3c\x2f\x70\x3e\x3c\x2f\x61\x72\x74\x69\x63\x6c\x65\x3e`).join("") : "\x3c\x64\x69\x76\x20\x63\x6c\x61\x73\x73\x3d\x22\x6e\x79\x78\x2d\x6f\x77\x6e\x65\x72\x2d\x65\x6d\x70\x74\x79\x20\x63\x6f\x6d\x70\x61\x63\x74\x22\x3e\x3c\x73\x74\x72\x6f\x6e\x67\x3e\x4e\x6f\x20\x72\x65\x74\x61\x69\x6e\x65\x64\x20\x73\x65\x61\x72\x63\x68\x65\x73\x3c\x2f\x73\x74\x72\x6f\x6e\x67\x3e\x3c\x73\x70\x61\x6e\x3e\x54\x68\x69\x73\x20\x61\x63\x63\x6f\x75\x6e\x74\x20\x68\x61\x73\x20\x6e\x6f\x20\x4e\x79\x78\x20\x73\x65\x61\x72\x63\x68\x65\x73\x20\x66\x72\x6f\x6d\x20\x74\x68\x65\x20\x6c\x61\x73\x74\x20\x33\x30\x20\x64\x61\x79\x73\x2e\x3c\x2f\x73\x70\x61\x6e\x3e\x3c\x2f\x64\x69\x76\x3e";
      } catch (_0x8a94b9_4) {
        if (!_0x8a94b9_3?.isConnected) return;
        _0x8a94b9_3.innerHTML = `\x3c\x64\x69\x76\x20\x63\x6c\x61\x73\x73\x3d\x22\x6e\x79\x78\x2d\x6f\x77\x6e\x65\x72\x2d\x65\x72\x72\x6f\x72\x22\x3e\x3c\x73\x74\x72\x6f\x6e\x67\x3e\x53\x65\x61\x72\x63\x68\x20\x68\x69\x73\x74\x6f\x72\x79\x20\x63\x6f\x75\x6c\x64\x20\x6e\x6f\x74\x20\x6c\x6f\x61\x64\x3c\x2f\x73\x74\x72\x6f\x6e\x67\x3e\x3c\x73\x70\x61\x6e\x3e${_0x8a94b9_0(_0x8a94b9_4.message)}\x3c\x2f\x73\x70\x61\x6e\x3e\x3c\x2f\x64\x69\x76\x3e`;
      }
    }
    function _0x8a94b9_3f() {
      _0x8a94b9_1a.classList.remove("\x73\x68\x6f\x77"), setTimeout(() => {
        _0x8a94b9_1a.hidden = !0, _0x8a94b9_1a.innerHTML = "";
      }, 180), _0x8a94b9_10.selectedUser = null, _0x8a94b9_10.selectedCapabilities = null;
    }
    function _0x8a94b9_40({title: _0x8a94b9_1, message: _0x8a94b9_2, confirmLabel: _0x8a94b9_3 = "\x43\x6f\x6e\x74\x69\x6e\x75\x65", danger: _0x8a94b9_4 = !1, requireText: _0x8a94b9_5 = ""}) {
      return new Promise(_0x8a94b9_6 => {
        _0x8a94b9_1b.hidden = !1, _0x8a94b9_1b.innerHTML = `\x3c\x66\x6f\x72\x6d\x3e\x3c\x68\x32\x3e${_0x8a94b9_0(_0x8a94b9_1)}\x3c\x2f\x68\x32\x3e\x3c\x70\x3e${_0x8a94b9_0(_0x8a94b9_2)}\x3c\x2f\x70\x3e${_0x8a94b9_5 ? `\x3c\x6c\x61\x62\x65\x6c\x3e\x54\x79\x70\x65\x20\x3c\x73\x74\x72\x6f\x6e\x67\x3e${_0x8a94b9_0(_0x8a94b9_5)}\x3c\x2f\x73\x74\x72\x6f\x6e\x67\x3e\x20\x74\x6f\x20\x63\x6f\x6e\x66\x69\x72\x6d\x3c\x69\x6e\x70\x75\x74\x20\x6e\x61\x6d\x65\x3d\x22\x63\x6f\x6e\x66\x69\x72\x6d\x61\x74\x69\x6f\x6e\x22\x20\x61\x75\x74\x6f\x63\x6f\x6d\x70\x6c\x65\x74\x65\x3d\x22\x6f\x66\x66\x22\x3e\x3c\x2f\x6c\x61\x62\x65\x6c\x3e` : ""}\x3c\x64\x69\x76\x3e\x3c\x62\x75\x74\x74\x6f\x6e\x20\x74\x79\x70\x65\x3d\x22\x62\x75\x74\x74\x6f\x6e\x22\x20\x64\x61\x74\x61\x2d\x6f\x77\x6e\x65\x72\x2d\x63\x6f\x6e\x66\x69\x72\x6d\x2d\x63\x61\x6e\x63\x65\x6c\x3e\x43\x61\x6e\x63\x65\x6c\x3c\x2f\x62\x75\x74\x74\x6f\x6e\x3e\x3c\x62\x75\x74\x74\x6f\x6e\x20\x63\x6c\x61\x73\x73\x3d\x22${_0x8a94b9_4 ? "\x64\x61\x6e\x67\x65\x72" : ""}\x22\x20\x74\x79\x70\x65\x3d\x22\x73\x75\x62\x6d\x69\x74\x22\x20${_0x8a94b9_5 ? "\x64\x69\x73\x61\x62\x6c\x65\x64" : ""}\x3e${_0x8a94b9_0(_0x8a94b9_3)}\x3c\x2f\x62\x75\x74\x74\x6f\x6e\x3e\x3c\x2f\x64\x69\x76\x3e\x3c\x2f\x66\x6f\x72\x6d\x3e`;
        const _0x8a94b9_7 = _0x8a94b9_1b.querySelector("\x66\x6f\x72\x6d"), _0x8a94b9_8 = _0x8a94b9_7.elements.confirmation, _0x8a94b9_9 = _0x8a94b9_7.querySelector("\x5b\x74\x79\x70\x65\x3d\x22\x73\x75\x62\x6d\x69\x74\x22\x5d"), _0x8a94b9_a = _0x8a94b9_0 => {
          _0x8a94b9_1b.hidden = !0, _0x8a94b9_1b.innerHTML = "", _0x8a94b9_6(_0x8a94b9_0);
        };
        _0x8a94b9_8?.addEventListener("\x69\x6e\x70\x75\x74", () => {
          _0x8a94b9_9.disabled = _0x8a94b9_8.value.trim() !== _0x8a94b9_5;
        }), _0x8a94b9_7.addEventListener("\x73\x75\x62\x6d\x69\x74", _0x8a94b9_0 => {
          _0x8a94b9_0.preventDefault(), _0x8a94b9_a(!0);
        }), _0x8a94b9_7.querySelector("\x5b\x64\x61\x74\x61\x2d\x6f\x77\x6e\x65\x72\x2d\x63\x6f\x6e\x66\x69\x72\x6d\x2d\x63\x61\x6e\x63\x65\x6c\x5d").addEventListener("\x63\x6c\x69\x63\x6b", () => _0x8a94b9_a(!1)), 
        setTimeout(() => (_0x8a94b9_8 || _0x8a94b9_7.querySelector("\x62\x75\x74\x74\x6f\x6e"))?.focus(), 0);
      });
    }
    function _0x8a94b9_41({title: _0x8a94b9_1, message: _0x8a94b9_2, confirmLabel: _0x8a94b9_3, requireText: _0x8a94b9_4 = ""}) {
      return new Promise(_0x8a94b9_5 => {
        _0x8a94b9_1b.hidden = !1, _0x8a94b9_1b.innerHTML = `\x3c\x66\x6f\x72\x6d\x3e\x3c\x68\x32\x3e${_0x8a94b9_0(_0x8a94b9_1)}\x3c\x2f\x68\x32\x3e\x3c\x70\x3e${_0x8a94b9_0(_0x8a94b9_2)}\x3c\x2f\x70\x3e\x3c\x6c\x61\x62\x65\x6c\x3e\x4d\x65\x73\x73\x61\x67\x65\x20\x73\x68\x6f\x77\x6e\x20\x74\x6f\x20\x74\x68\x69\x73\x20\x6d\x65\x6d\x62\x65\x72\x3c\x74\x65\x78\x74\x61\x72\x65\x61\x20\x6e\x61\x6d\x65\x3d\x22\x6d\x65\x6d\x62\x65\x72\x4d\x65\x73\x73\x61\x67\x65\x22\x20\x6d\x61\x78\x6c\x65\x6e\x67\x74\x68\x3d\x22\x35\x30\x30\x22\x20\x72\x6f\x77\x73\x3d\x22\x34\x22\x20\x70\x6c\x61\x63\x65\x68\x6f\x6c\x64\x65\x72\x3d\x22\x45\x78\x70\x6c\x61\x69\x6e\x20\x77\x68\x61\x74\x20\x68\x61\x70\x70\x65\x6e\x65\x64\x20\x61\x6e\x64\x20\x77\x68\x61\x74\x20\x74\x68\x65\x79\x20\x73\x68\x6f\x75\x6c\x64\x20\x64\x6f\x20\x6e\x65\x78\x74\x2e\x22\x20\x72\x65\x71\x75\x69\x72\x65\x64\x3e\x3c\x2f\x74\x65\x78\x74\x61\x72\x65\x61\x3e\x3c\x73\x6d\x61\x6c\x6c\x3e\x52\x65\x71\x75\x69\x72\x65\x64\x20\xb7\x20\x35\x30\x30\x20\x63\x68\x61\x72\x61\x63\x74\x65\x72\x73\x20\x6d\x61\x78\x69\x6d\x75\x6d\x20\xb7\x20\x64\x6f\x20\x6e\x6f\x74\x20\x69\x6e\x63\x6c\x75\x64\x65\x20\x70\x72\x69\x76\x61\x74\x65\x20\x73\x74\x61\x66\x66\x20\x6e\x6f\x74\x65\x73\x3c\x2f\x73\x6d\x61\x6c\x6c\x3e\x3c\x2f\x6c\x61\x62\x65\x6c\x3e${_0x8a94b9_4 ? `\x3c\x6c\x61\x62\x65\x6c\x3e\x54\x79\x70\x65\x20\x3c\x73\x74\x72\x6f\x6e\x67\x3e${_0x8a94b9_0(_0x8a94b9_4)}\x3c\x2f\x73\x74\x72\x6f\x6e\x67\x3e\x20\x74\x6f\x20\x63\x6f\x6e\x66\x69\x72\x6d\x3c\x69\x6e\x70\x75\x74\x20\x6e\x61\x6d\x65\x3d\x22\x63\x6f\x6e\x66\x69\x72\x6d\x61\x74\x69\x6f\x6e\x22\x20\x61\x75\x74\x6f\x63\x6f\x6d\x70\x6c\x65\x74\x65\x3d\x22\x6f\x66\x66\x22\x3e\x3c\x2f\x6c\x61\x62\x65\x6c\x3e` : ""}\x3c\x64\x69\x76\x3e\x3c\x62\x75\x74\x74\x6f\x6e\x20\x74\x79\x70\x65\x3d\x22\x62\x75\x74\x74\x6f\x6e\x22\x20\x64\x61\x74\x61\x2d\x6f\x77\x6e\x65\x72\x2d\x63\x6f\x6e\x66\x69\x72\x6d\x2d\x63\x61\x6e\x63\x65\x6c\x3e\x43\x61\x6e\x63\x65\x6c\x3c\x2f\x62\x75\x74\x74\x6f\x6e\x3e\x3c\x62\x75\x74\x74\x6f\x6e\x20\x63\x6c\x61\x73\x73\x3d\x22\x64\x61\x6e\x67\x65\x72\x22\x20\x74\x79\x70\x65\x3d\x22\x73\x75\x62\x6d\x69\x74\x22\x20\x64\x69\x73\x61\x62\x6c\x65\x64\x3e${_0x8a94b9_0(_0x8a94b9_3)}\x3c\x2f\x62\x75\x74\x74\x6f\x6e\x3e\x3c\x2f\x64\x69\x76\x3e\x3c\x2f\x66\x6f\x72\x6d\x3e`;
        const _0x8a94b9_6 = _0x8a94b9_1b.querySelector("\x66\x6f\x72\x6d"), _0x8a94b9_7 = _0x8a94b9_6.elements.memberMessage, _0x8a94b9_8 = _0x8a94b9_6.elements.confirmation, _0x8a94b9_9 = _0x8a94b9_6.querySelector("\x5b\x74\x79\x70\x65\x3d\x22\x73\x75\x62\x6d\x69\x74\x22\x5d"), _0x8a94b9_a = () => {
          _0x8a94b9_9.disabled = !_0x8a94b9_7.value.trim() || Boolean(_0x8a94b9_4 && _0x8a94b9_8?.value.trim() !== _0x8a94b9_4);
        }, _0x8a94b9_b = _0x8a94b9_0 => {
          _0x8a94b9_1b.hidden = !0, _0x8a94b9_1b.innerHTML = "", _0x8a94b9_5(_0x8a94b9_0);
        };
        _0x8a94b9_7.addEventListener("\x69\x6e\x70\x75\x74", _0x8a94b9_a), _0x8a94b9_8?.addEventListener("\x69\x6e\x70\x75\x74", _0x8a94b9_a), 
        _0x8a94b9_6.addEventListener("\x73\x75\x62\x6d\x69\x74", _0x8a94b9_0 => {
          _0x8a94b9_0.preventDefault();
          const _0x8a94b9_1 = _0x8a94b9_7.value.trim();
          !_0x8a94b9_1 || _0x8a94b9_4 && _0x8a94b9_8?.value.trim() !== _0x8a94b9_4 || _0x8a94b9_b(_0x8a94b9_1);
        }), _0x8a94b9_6.querySelector("\x5b\x64\x61\x74\x61\x2d\x6f\x77\x6e\x65\x72\x2d\x63\x6f\x6e\x66\x69\x72\x6d\x2d\x63\x61\x6e\x63\x65\x6c\x5d").addEventListener("\x63\x6c\x69\x63\x6b", () => _0x8a94b9_b(null)), 
        setTimeout(() => _0x8a94b9_7.focus(), 0);
      });
    }
    async function _0x8a94b9_42(_0x8a94b9_1, _0x8a94b9_2 = {}) {
      const _0x8a94b9_3 = _0x8a94b9_10.selectedUser;
      if (!_0x8a94b9_3) return;
      const _0x8a94b9_4 = {
        enable: [ "\x52\x65\x2d\x65\x6e\x61\x62\x6c\x65\x20\x61\x63\x63\x6f\x75\x6e\x74\x3f", `${_0x8a94b9_3.email || _0x8a94b9_3.displayName}\x20\x77\x69\x6c\x6c\x20\x62\x65\x20\x61\x62\x6c\x65\x20\x74\x6f\x20\x73\x69\x67\x6e\x20\x69\x6e\x20\x61\x67\x61\x69\x6e\x2e`, "\x52\x65\x2d\x65\x6e\x61\x62\x6c\x65", !1 ],
        verify_email: [ "\x56\x65\x72\x69\x66\x79\x20\x74\x68\x69\x73\x20\x65\x6d\x61\x69\x6c\x3f", `\x4d\x61\x72\x6b\x20${_0x8a94b9_3.email}\x20\x61\x73\x20\x76\x65\x72\x69\x66\x69\x65\x64\x20\x69\x6e\x20\x46\x69\x72\x65\x62\x61\x73\x65\x20\x41\x75\x74\x68\x65\x6e\x74\x69\x63\x61\x74\x69\x6f\x6e\x2e`, "\x56\x65\x72\x69\x66\x79", !1 ],
        ai_trust: [ "\x41\x70\x70\x72\x6f\x76\x65\x20\x41\x49\x20\x61\x6c\x6c\x6f\x77\x61\x6e\x63\x65\x3f", "\x54\x68\x69\x73\x20\x61\x63\x63\x6f\x75\x6e\x74\x20\x77\x69\x6c\x6c\x20\x75\x73\x65\x20\x74\x68\x65\x20\x65\x73\x74\x61\x62\x6c\x69\x73\x68\x65\x64\x2d\x75\x73\x65\x72\x20\x61\x6c\x6c\x6f\x77\x61\x6e\x63\x65\x2e\x20\x44\x61\x69\x6c\x79\x20\x6c\x69\x6d\x69\x74\x73\x20\x73\x74\x69\x6c\x6c\x20\x61\x70\x70\x6c\x79\x2e", "\x41\x70\x70\x72\x6f\x76\x65", !1 ],
        ai_restrict: [ "\x52\x65\x73\x74\x72\x69\x63\x74\x20\x73\x68\x61\x72\x65\x64\x20\x41\x49\x3f", "\x54\x68\x69\x73\x20\x61\x63\x63\x6f\x75\x6e\x74\x20\x77\x69\x6c\x6c\x20\x6c\x6f\x73\x65\x20\x73\x68\x61\x72\x65\x64\x20\x41\x49\x20\x61\x63\x63\x65\x73\x73\x2e\x20\x4f\x74\x68\x65\x72\x20\x4e\x79\x78\x20\x66\x65\x61\x74\x75\x72\x65\x73\x20\x72\x65\x6d\x61\x69\x6e\x20\x61\x76\x61\x69\x6c\x61\x62\x6c\x65\x2e", "\x52\x65\x73\x74\x72\x69\x63\x74", !1 ],
        ai_reset: [ "\x55\x73\x65\x20\x61\x75\x74\x6f\x6d\x61\x74\x69\x63\x20\x41\x49\x20\x61\x63\x63\x65\x73\x73\x3f", "\x54\x68\x69\x73\x20\x61\x63\x63\x6f\x75\x6e\x74\x27\x73\x20\x73\x68\x61\x72\x65\x64\x20\x41\x49\x20\x61\x63\x63\x65\x73\x73\x20\x77\x69\x6c\x6c\x20\x66\x6f\x6c\x6c\x6f\x77\x20\x69\x74\x73\x20\x61\x63\x63\x6f\x75\x6e\x74\x20\x68\x69\x73\x74\x6f\x72\x79\x20\x61\x6e\x64\x20\x73\x75\x62\x73\x63\x72\x69\x70\x74\x69\x6f\x6e\x20\x61\x67\x61\x69\x6e\x2e", "\x52\x65\x73\x65\x74", !1 ],
        create_password_reset_link: [ "\x43\x72\x65\x61\x74\x65\x20\x61\x20\x70\x61\x73\x73\x77\x6f\x72\x64\x20\x72\x65\x73\x65\x74\x20\x6c\x69\x6e\x6b\x3f", "\x54\x68\x65\x20\x63\x75\x72\x72\x65\x6e\x74\x20\x70\x61\x73\x73\x77\x6f\x72\x64\x20\x77\x69\x6c\x6c\x20\x72\x65\x6d\x61\x69\x6e\x20\x70\x72\x69\x76\x61\x74\x65\x2e\x20\x47\x69\x76\x65\x20\x74\x68\x65\x20\x67\x65\x6e\x65\x72\x61\x74\x65\x64\x20\x6f\x6e\x65\x2d\x74\x69\x6d\x65\x20\x6c\x69\x6e\x6b\x20\x6f\x6e\x6c\x79\x20\x74\x6f\x20\x74\x68\x65\x20\x61\x63\x63\x6f\x75\x6e\x74\x20\x6f\x77\x6e\x65\x72\x2e", "\x43\x72\x65\x61\x74\x65\x20\x6c\x69\x6e\x6b", !1 ],
        send_password_reset: [ "\x53\x65\x6e\x64\x20\x70\x61\x73\x73\x77\x6f\x72\x64\x20\x72\x65\x73\x65\x74\x3f", `\x46\x69\x72\x65\x62\x61\x73\x65\x20\x77\x69\x6c\x6c\x20\x65\x6d\x61\x69\x6c\x20\x61\x20\x70\x61\x73\x73\x77\x6f\x72\x64\x2d\x72\x65\x73\x65\x74\x20\x6c\x69\x6e\x6b\x20\x74\x6f\x20${_0x8a94b9_3.email}\x2e`, "\x53\x65\x6e\x64\x20\x65\x6d\x61\x69\x6c", !1 ]
      };
      if ("\x73\x65\x74\x5f\x70\x61\x73\x73\x77\x6f\x72\x64" === _0x8a94b9_1) {
        const _0x8a94b9_1 = await function(_0x8a94b9_1) {
          return new Promise(_0x8a94b9_2 => {
            _0x8a94b9_1b.hidden = !1, _0x8a94b9_1b.innerHTML = `\x3c\x66\x6f\x72\x6d\x3e\x3c\x68\x32\x3e\x53\x65\x74\x20\x63\x75\x73\x74\x6f\x6d\x20\x70\x61\x73\x73\x77\x6f\x72\x64\x3c\x2f\x68\x32\x3e\x3c\x70\x3e\x53\x65\x74\x20\x61\x20\x6e\x65\x77\x20\x70\x61\x73\x73\x77\x6f\x72\x64\x20\x66\x6f\x72\x20${_0x8a94b9_0(_0x8a94b9_1.displayName || _0x8a94b9_1.handle || _0x8a94b9_1.uid)}\x2e\x20\x54\x68\x65\x69\x72\x20\x6f\x6c\x64\x20\x70\x61\x73\x73\x77\x6f\x72\x64\x20\x77\x69\x6c\x6c\x20\x73\x74\x6f\x70\x20\x77\x6f\x72\x6b\x69\x6e\x67\x2e\x20\x47\x69\x76\x65\x20\x74\x68\x65\x20\x6e\x65\x77\x20\x70\x61\x73\x73\x77\x6f\x72\x64\x20\x74\x6f\x20\x74\x68\x65\x6d\x20\x70\x72\x69\x76\x61\x74\x65\x6c\x79\x3b\x20\x6e\x6f\x20\x65\x6d\x61\x69\x6c\x20\x69\x73\x20\x72\x65\x71\x75\x69\x72\x65\x64\x2e\x3c\x2f\x70\x3e\x3c\x6c\x61\x62\x65\x6c\x3e\x4e\x65\x77\x20\x70\x61\x73\x73\x77\x6f\x72\x64\x3c\x69\x6e\x70\x75\x74\x20\x6e\x61\x6d\x65\x3d\x22\x6e\x65\x77\x50\x61\x73\x73\x77\x6f\x72\x64\x22\x20\x74\x79\x70\x65\x3d\x22\x70\x61\x73\x73\x77\x6f\x72\x64\x22\x20\x61\x75\x74\x6f\x63\x6f\x6d\x70\x6c\x65\x74\x65\x3d\x22\x6e\x65\x77\x2d\x70\x61\x73\x73\x77\x6f\x72\x64\x22\x20\x6d\x69\x6e\x6c\x65\x6e\x67\x74\x68\x3d\x22\x38\x22\x20\x6d\x61\x78\x6c\x65\x6e\x67\x74\x68\x3d\x22\x32\x35\x36\x22\x20\x72\x65\x71\x75\x69\x72\x65\x64\x3e\x3c\x2f\x6c\x61\x62\x65\x6c\x3e\x3c\x6c\x61\x62\x65\x6c\x3e\x43\x6f\x6e\x66\x69\x72\x6d\x20\x70\x61\x73\x73\x77\x6f\x72\x64\x3c\x69\x6e\x70\x75\x74\x20\x6e\x61\x6d\x65\x3d\x22\x63\x6f\x6e\x66\x69\x72\x6d\x50\x61\x73\x73\x77\x6f\x72\x64\x22\x20\x74\x79\x70\x65\x3d\x22\x70\x61\x73\x73\x77\x6f\x72\x64\x22\x20\x61\x75\x74\x6f\x63\x6f\x6d\x70\x6c\x65\x74\x65\x3d\x22\x6e\x65\x77\x2d\x70\x61\x73\x73\x77\x6f\x72\x64\x22\x20\x6d\x69\x6e\x6c\x65\x6e\x67\x74\x68\x3d\x22\x38\x22\x20\x6d\x61\x78\x6c\x65\x6e\x67\x74\x68\x3d\x22\x32\x35\x36\x22\x20\x72\x65\x71\x75\x69\x72\x65\x64\x3e\x3c\x2f\x6c\x61\x62\x65\x6c\x3e\x3c\x73\x6d\x61\x6c\x6c\x20\x64\x61\x74\x61\x2d\x70\x61\x73\x73\x77\x6f\x72\x64\x2d\x65\x72\x72\x6f\x72\x20\x72\x6f\x6c\x65\x3d\x22\x61\x6c\x65\x72\x74\x22\x3e\x3c\x2f\x73\x6d\x61\x6c\x6c\x3e\x3c\x64\x69\x76\x3e\x3c\x62\x75\x74\x74\x6f\x6e\x20\x74\x79\x70\x65\x3d\x22\x62\x75\x74\x74\x6f\x6e\x22\x20\x64\x61\x74\x61\x2d\x6f\x77\x6e\x65\x72\x2d\x63\x6f\x6e\x66\x69\x72\x6d\x2d\x63\x61\x6e\x63\x65\x6c\x3e\x43\x61\x6e\x63\x65\x6c\x3c\x2f\x62\x75\x74\x74\x6f\x6e\x3e\x3c\x62\x75\x74\x74\x6f\x6e\x20\x74\x79\x70\x65\x3d\x22\x73\x75\x62\x6d\x69\x74\x22\x3e\x53\x65\x74\x20\x70\x61\x73\x73\x77\x6f\x72\x64\x3c\x2f\x62\x75\x74\x74\x6f\x6e\x3e\x3c\x2f\x64\x69\x76\x3e\x3c\x2f\x66\x6f\x72\x6d\x3e`;
            const _0x8a94b9_3 = _0x8a94b9_1b.querySelector("\x66\x6f\x72\x6d"), _0x8a94b9_4 = _0x8a94b9_3.elements.newPassword, _0x8a94b9_5 = _0x8a94b9_3.elements.confirmPassword, _0x8a94b9_6 = _0x8a94b9_0 => {
              _0x8a94b9_4.value = "", _0x8a94b9_5.value = "", _0x8a94b9_1b.hidden = !0, _0x8a94b9_1b.innerHTML = "", 
              _0x8a94b9_2(_0x8a94b9_0);
            };
            _0x8a94b9_3.addEventListener("\x73\x75\x62\x6d\x69\x74", _0x8a94b9_0 => {
              _0x8a94b9_0.preventDefault(), _0x8a94b9_3.reportValidity() && (_0x8a94b9_4.value === _0x8a94b9_5.value ? _0x8a94b9_6(_0x8a94b9_4.value) : _0x8a94b9_3.querySelector("\x5b\x64\x61\x74\x61\x2d\x70\x61\x73\x73\x77\x6f\x72\x64\x2d\x65\x72\x72\x6f\x72\x5d").textContent = "\x50\x61\x73\x73\x77\x6f\x72\x64\x73\x20\x6d\x75\x73\x74\x20\x6d\x61\x74\x63\x68\x2e");
            }), _0x8a94b9_3.querySelector("\x5b\x64\x61\x74\x61\x2d\x6f\x77\x6e\x65\x72\x2d\x63\x6f\x6e\x66\x69\x72\x6d\x2d\x63\x61\x6e\x63\x65\x6c\x5d").addEventListener("\x63\x6c\x69\x63\x6b", () => _0x8a94b9_6(null)), 
            _0x8a94b9_4.focus();
          });
        }(_0x8a94b9_3);
        if (null === _0x8a94b9_1) return;
        _0x8a94b9_2 = {
          password: _0x8a94b9_1
        };
      } else if ("\x64\x65\x6c\x65\x74\x65" === _0x8a94b9_1) {
        const _0x8a94b9_0 = _0x8a94b9_3.email || _0x8a94b9_3.uid, _0x8a94b9_1 = await _0x8a94b9_41({
          title: "\x50\x65\x72\x6d\x61\x6e\x65\x6e\x74\x6c\x79\x20\x64\x65\x6c\x65\x74\x65\x20\x61\x63\x63\x6f\x75\x6e\x74\x3f",
          message: "\x54\x68\x69\x73\x20\x72\x65\x6d\x6f\x76\x65\x73\x20\x74\x68\x65\x20\x46\x69\x72\x65\x62\x61\x73\x65\x20\x41\x75\x74\x68\x65\x6e\x74\x69\x63\x61\x74\x69\x6f\x6e\x20\x61\x63\x63\x6f\x75\x6e\x74\x20\x61\x6e\x64\x20\x69\x74\x73\x20\x4e\x79\x78\x20\x70\x72\x6f\x66\x69\x6c\x65\x20\x64\x61\x74\x61\x2e\x20\x41\x75\x64\x69\x74\x20\x68\x69\x73\x74\x6f\x72\x79\x20\x69\x73\x20\x72\x65\x74\x61\x69\x6e\x65\x64\x2c\x20\x61\x6e\x64\x20\x74\x68\x65\x20\x6d\x65\x6d\x62\x65\x72\x20\x77\x69\x6c\x6c\x20\x73\x65\x65\x20\x79\x6f\x75\x72\x20\x6d\x65\x73\x73\x61\x67\x65\x20\x69\x66\x20\x74\x68\x65\x79\x20\x74\x72\x79\x20\x74\x6f\x20\x75\x73\x65\x20\x74\x68\x69\x73\x20\x61\x63\x63\x6f\x75\x6e\x74\x20\x61\x67\x61\x69\x6e\x2e",
          confirmLabel: "\x44\x65\x6c\x65\x74\x65\x20\x70\x65\x72\x6d\x61\x6e\x65\x6e\x74\x6c\x79",
          requireText: _0x8a94b9_0
        });
        if (null === _0x8a94b9_1) return;
        _0x8a94b9_2 = {
          ..._0x8a94b9_2,
          reason: _0x8a94b9_1
        };
      } else if ("\x64\x69\x73\x61\x62\x6c\x65" === _0x8a94b9_1 || "\x62\x61\x6e" === _0x8a94b9_1 || "\x64\x69\x73\x61\x62\x6c\x65\x5f\x77\x69\x74\x68\x5f\x69\x70\x5f\x62\x61\x6e" === _0x8a94b9_1) {
        const _0x8a94b9_0 = await _0x8a94b9_41({
          title: "\x64\x69\x73\x61\x62\x6c\x65" === _0x8a94b9_1 ? "\x44\x69\x73\x61\x62\x6c\x65\x20\x61\x63\x63\x6f\x75\x6e\x74\x3f" : "\x62\x61\x6e" === _0x8a94b9_1 ? "\x42\x61\x6e\x20\x61\x63\x63\x6f\x75\x6e\x74\x3f" : "\x44\x69\x73\x61\x62\x6c\x65\x20\x61\x63\x63\x6f\x75\x6e\x74\x20\x61\x6e\x64\x20\x62\x6c\x6f\x63\x6b\x20\x69\x74\x73\x20\x49\x50\x3f",
          message: "\x64\x69\x73\x61\x62\x6c\x65" === _0x8a94b9_1 ? `${_0x8a94b9_3.email || _0x8a94b9_3.displayName}\x20\x77\x69\x6c\x6c\x20\x69\x6d\x6d\x65\x64\x69\x61\x74\x65\x6c\x79\x20\x6c\x6f\x73\x65\x20\x61\x63\x63\x65\x73\x73\x20\x75\x6e\x74\x69\x6c\x20\x72\x65\x2d\x65\x6e\x61\x62\x6c\x65\x64\x2e` : "\x62\x61\x6e" === _0x8a94b9_1 ? `${_0x8a94b9_3.email || _0x8a94b9_3.displayName}\x20\x77\x69\x6c\x6c\x20\x69\x6d\x6d\x65\x64\x69\x61\x74\x65\x6c\x79\x20\x6c\x6f\x73\x65\x20\x61\x63\x63\x65\x73\x73\x20\x61\x6e\x64\x20\x73\x65\x65\x20\x74\x68\x69\x73\x20\x61\x73\x20\x61\x6e\x20\x61\x63\x63\x6f\x75\x6e\x74\x20\x62\x61\x6e\x20\x75\x6e\x74\x69\x6c\x20\x72\x65\x2d\x65\x6e\x61\x62\x6c\x65\x64\x2e` : `${_0x8a94b9_3.email || _0x8a94b9_3.displayName}\x20\x77\x69\x6c\x6c\x20\x6c\x6f\x73\x65\x20\x61\x63\x63\x65\x73\x73\x2c\x20\x61\x6e\x64\x20${_0x8a94b9_3.lastSeenIp}\x20\x77\x69\x6c\x6c\x20\x62\x65\x20\x62\x6c\x6f\x63\x6b\x65\x64\x20\x66\x72\x6f\x6d\x20\x4e\x79\x78\x20\x73\x65\x72\x76\x65\x72\x20\x72\x65\x71\x75\x65\x73\x74\x73\x2e\x20\x53\x68\x61\x72\x65\x64\x20\x6f\x72\x20\x63\x68\x61\x6e\x67\x69\x6e\x67\x20\x49\x50\x73\x20\x63\x61\x6e\x20\x61\x66\x66\x65\x63\x74\x20\x6f\x74\x68\x65\x72\x20\x70\x65\x6f\x70\x6c\x65\x2e`,
          confirmLabel: "\x64\x69\x73\x61\x62\x6c\x65" === _0x8a94b9_1 ? "\x44\x69\x73\x61\x62\x6c\x65" : "\x62\x61\x6e" === _0x8a94b9_1 ? "\x42\x61\x6e\x20\x61\x63\x63\x6f\x75\x6e\x74" : "\x44\x69\x73\x61\x62\x6c\x65\x20\x61\x6e\x64\x20\x62\x6c\x6f\x63\x6b"
        });
        if (null === _0x8a94b9_0) return;
        _0x8a94b9_2 = {
          ..._0x8a94b9_2,
          reason: _0x8a94b9_0
        };
      } else if (_0x8a94b9_4[_0x8a94b9_1]) {
        const [_0x8a94b9_0, _0x8a94b9_2, _0x8a94b9_3, _0x8a94b9_5] = _0x8a94b9_4[_0x8a94b9_1];
        if (!await _0x8a94b9_40({
          title: _0x8a94b9_0,
          message: _0x8a94b9_2,
          confirmLabel: _0x8a94b9_3,
          danger: _0x8a94b9_5
        })) return;
      }
      try {
        const _0x8a94b9_4 = await _0x8a94b9_20(`/gh/dubcatalt2-lab/nyx-jsdelivr-links@main/nyx-static/\x61\x70\x69\x2f\x6f\x77\x6e\x65\x72\x2d\x64\x61\x73\x68\x62\x6f\x61\x72\x64\x2f\x75\x73\x65\x72\x73\x2f${encodeURIComponent(_0x8a94b9_3.uid)}`, {
          method: "\x50\x41\x54\x43\x48",
          body: JSON.stringify({
            action: _0x8a94b9_1,
            ..._0x8a94b9_2
          })
        });
        _0x8a94b9_4.deleted ? (_0x8a94b9_1f("\x41\x63\x63\x6f\x75\x6e\x74\x20\x64\x65\x6c\x65\x74\x65\x64\x2e"), _0x8a94b9_3f()) : _0x8a94b9_4.resetLink ? (function(_0x8a94b9_1) {
          _0x8a94b9_1b.hidden = !1, _0x8a94b9_1b.innerHTML = `\x3c\x66\x6f\x72\x6d\x3e\x3c\x68\x32\x3e\x50\x61\x73\x73\x77\x6f\x72\x64\x20\x72\x65\x73\x65\x74\x20\x6c\x69\x6e\x6b\x3c\x2f\x68\x32\x3e\x3c\x70\x3e\x47\x69\x76\x65\x20\x74\x68\x69\x73\x20\x6f\x6e\x65\x2d\x74\x69\x6d\x65\x20\x46\x69\x72\x65\x62\x61\x73\x65\x20\x6c\x69\x6e\x6b\x20\x64\x69\x72\x65\x63\x74\x6c\x79\x20\x74\x6f\x20\x74\x68\x65\x20\x61\x63\x63\x6f\x75\x6e\x74\x20\x6f\x77\x6e\x65\x72\x2e\x20\x4e\x79\x78\x20\x6e\x65\x76\x65\x72\x20\x72\x65\x76\x65\x61\x6c\x73\x20\x6f\x72\x20\x73\x74\x6f\x72\x65\x73\x20\x74\x68\x65\x69\x72\x20\x70\x61\x73\x73\x77\x6f\x72\x64\x2e\x3c\x2f\x70\x3e\x3c\x6c\x61\x62\x65\x6c\x3e\x52\x65\x73\x65\x74\x20\x6c\x69\x6e\x6b\x3c\x69\x6e\x70\x75\x74\x20\x6e\x61\x6d\x65\x3d\x22\x72\x65\x73\x65\x74\x4c\x69\x6e\x6b\x22\x20\x76\x61\x6c\x75\x65\x3d\x22${_0x8a94b9_0(_0x8a94b9_1)}\x22\x20\x72\x65\x61\x64\x6f\x6e\x6c\x79\x3e\x3c\x2f\x6c\x61\x62\x65\x6c\x3e\x3c\x64\x69\x76\x3e\x3c\x62\x75\x74\x74\x6f\x6e\x20\x74\x79\x70\x65\x3d\x22\x62\x75\x74\x74\x6f\x6e\x22\x20\x64\x61\x74\x61\x2d\x6f\x77\x6e\x65\x72\x2d\x72\x65\x73\x65\x74\x2d\x63\x6c\x6f\x73\x65\x3e\x43\x6c\x6f\x73\x65\x3c\x2f\x62\x75\x74\x74\x6f\x6e\x3e\x3c\x62\x75\x74\x74\x6f\x6e\x20\x74\x79\x70\x65\x3d\x22\x62\x75\x74\x74\x6f\x6e\x22\x20\x64\x61\x74\x61\x2d\x6f\x77\x6e\x65\x72\x2d\x72\x65\x73\x65\x74\x2d\x63\x6f\x70\x79\x3e\x43\x6f\x70\x79\x20\x6c\x69\x6e\x6b\x3c\x2f\x62\x75\x74\x74\x6f\x6e\x3e\x3c\x2f\x64\x69\x76\x3e\x3c\x2f\x66\x6f\x72\x6d\x3e`;
          const _0x8a94b9_2 = _0x8a94b9_1b.querySelector("\x5b\x6e\x61\x6d\x65\x3d\x22\x72\x65\x73\x65\x74\x4c\x69\x6e\x6b\x22\x5d");
          _0x8a94b9_1b.querySelector("\x5b\x64\x61\x74\x61\x2d\x6f\x77\x6e\x65\x72\x2d\x72\x65\x73\x65\x74\x2d\x63\x6c\x6f\x73\x65\x5d").addEventListener("\x63\x6c\x69\x63\x6b", () => {
            _0x8a94b9_1b.hidden = !0, _0x8a94b9_1b.innerHTML = "";
          }), _0x8a94b9_1b.querySelector("\x5b\x64\x61\x74\x61\x2d\x6f\x77\x6e\x65\x72\x2d\x72\x65\x73\x65\x74\x2d\x63\x6f\x70\x79\x5d").addEventListener("\x63\x6c\x69\x63\x6b", async () => {
            try {
              await navigator.clipboard.writeText(_0x8a94b9_1), _0x8a94b9_1f("\x50\x61\x73\x73\x77\x6f\x72\x64\x20\x72\x65\x73\x65\x74\x20\x6c\x69\x6e\x6b\x20\x63\x6f\x70\x69\x65\x64\x2e");
            } catch {
              _0x8a94b9_2.focus(), _0x8a94b9_2.select(), _0x8a94b9_1f("\x53\x65\x6c\x65\x63\x74\x20\x61\x6e\x64\x20\x63\x6f\x70\x79\x20\x74\x68\x65\x20\x72\x65\x73\x65\x74\x20\x6c\x69\x6e\x6b\x2e", "\x65\x72\x72\x6f\x72");
            }
          }), setTimeout(() => {
            _0x8a94b9_2.focus(), _0x8a94b9_2.select();
          }, 0);
        }(_0x8a94b9_4.resetLink), _0x8a94b9_1f("\x53\x65\x63\x75\x72\x65\x20\x70\x61\x73\x73\x77\x6f\x72\x64\x20\x72\x65\x73\x65\x74\x20\x6c\x69\x6e\x6b\x20\x63\x72\x65\x61\x74\x65\x64\x2e")) : (_0x8a94b9_10.selectedUser = _0x8a94b9_4.user, 
        _0x8a94b9_10.selectedCapabilities = _0x8a94b9_4.capabilities || _0x8a94b9_10.selectedCapabilities, 
        _0x8a94b9_10.access = _0x8a94b9_4.access || _0x8a94b9_10.access, _0x8a94b9_1f("\x73\x65\x74\x5f\x70\x61\x73\x73\x77\x6f\x72\x64" === _0x8a94b9_1 ? "\x50\x61\x73\x73\x77\x6f\x72\x64\x20\x75\x70\x64\x61\x74\x65\x64\x2e\x20\x53\x68\x61\x72\x65\x20\x69\x74\x20\x70\x72\x69\x76\x61\x74\x65\x6c\x79\x20\x77\x69\x74\x68\x20\x74\x68\x65\x20\x61\x63\x63\x6f\x75\x6e\x74\x20\x6f\x77\x6e\x65\x72\x2e" : "\x73\x65\x6e\x64\x5f\x70\x61\x73\x73\x77\x6f\x72\x64\x5f\x72\x65\x73\x65\x74" === _0x8a94b9_1 ? "\x50\x61\x73\x73\x77\x6f\x72\x64\x20\x72\x65\x73\x65\x74\x20\x65\x6d\x61\x69\x6c\x20\x73\x65\x6e\x74\x2e" : "\x41\x63\x63\x6f\x75\x6e\x74\x20\x75\x70\x64\x61\x74\x65\x64\x2e"), 
        await _0x8a94b9_34(_0x8a94b9_3.uid)), await _0x8a94b9_30({
          preserveLoading: !0
        });
      } catch (_0x8a94b9_5) {
        _0x8a94b9_1f(_0x8a94b9_5.message || "\x54\x68\x65\x20\x61\x63\x63\x6f\x75\x6e\x74\x20\x61\x63\x74\x69\x6f\x6e\x20\x66\x61\x69\x6c\x65\x64\x2e", "\x65\x72\x72\x6f\x72");
      } finally {
        delete _0x8a94b9_2.password;
      }
    }
    function _0x8a94b9_43(_0x8a94b9_0) {
      "\x45\x73\x63\x61\x70\x65" === _0x8a94b9_0.key && (_0x8a94b9_1b.hidden ? _0x8a94b9_1a.hidden ? _0x8a94b9_44() : _0x8a94b9_3f() : (_0x8a94b9_1b.querySelector("\x5b\x64\x61\x74\x61\x2d\x6f\x77\x6e\x65\x72\x2d\x63\x6f\x6e\x66\x69\x72\x6d\x2d\x63\x61\x6e\x63\x65\x6c\x5d") || _0x8a94b9_1b.querySelector("\x5b\x64\x61\x74\x61\x2d\x6f\x77\x6e\x65\x72\x2d\x72\x65\x73\x65\x74\x2d\x63\x6c\x6f\x73\x65\x5d"))?.click());
    }
    function _0x8a94b9_44() {
      _0x8a94b9_1c.destroy(), clearInterval(_0x8a94b9_2b), clearInterval(_0x8a94b9_25), 
      _0x8a94b9_10.controller?.abort(), clearTimeout(_0x8a94b9_10.searchTimer), _0x8a94b9_11.classList.remove("\x73\x68\x6f\x77"), 
      document.removeEventListener("\x6b\x65\x79\x64\x6f\x77\x6e", _0x8a94b9_43), window.removeEventListener("\x6e\x79\x78\x3a\x70\x72\x65\x73\x65\x6e\x63\x65", _0x8a94b9_45), 
      setTimeout(() => _0x8a94b9_11.remove(), 180), _0x8a94b9_14?.overlay === _0x8a94b9_11 && (_0x8a94b9_14 = null);
    }
    function _0x8a94b9_45(_0x8a94b9_0) {
      const _0x8a94b9_1 = _0x8a94b9_0.detail?.online;
      if (!Number.isSafeInteger(_0x8a94b9_1) || _0x8a94b9_1 < 0 || !_0x8a94b9_10.data?.metrics) return;
      _0x8a94b9_10.data.metrics.onlineUsers = _0x8a94b9_1;
      const _0x8a94b9_2 = _0x8a94b9_11.querySelector("\x5b\x64\x61\x74\x61\x2d\x6f\x77\x6e\x65\x72\x2d\x73\x65\x67\x6d\x65\x6e\x74\x3d\x22\x6f\x6e\x6c\x69\x6e\x65\x22\x5d\x20\x73\x74\x72\x6f\x6e\x67");
      _0x8a94b9_2 && (_0x8a94b9_2.textContent = _0x8a94b9_1.toLocaleString());
    }
    return _0x8a94b9_11.addEventListener("\x63\x6c\x69\x63\x6b", function(_0x8a94b9_1) {
      const _0x8a94b9_3 = _0x8a94b9_1.target.closest("\x5b\x64\x61\x74\x61\x2d\x6f\x77\x6e\x65\x72\x2d\x73\x65\x63\x74\x69\x6f\x6e\x5d");
      if (_0x8a94b9_3) return _0x8a94b9_1e(_0x8a94b9_3.dataset.ownerSection);
      if (_0x8a94b9_1.target.closest("\x5b\x64\x61\x74\x61\x2d\x6f\x77\x6e\x65\x72\x2d\x61\x64\x2d\x66\x72\x65\x65\x5d")) return void (_0x8a94b9_10.access?.founder && import("\x2e\x2f\x40\x72\x61\x35\x64\x37\x61\x35\x33\x61\x35\x65\x61\x64\x38\x34\x33\x65\x38\x35\x37\x32\x32\x34\x30\x35\x21\x2e\x6a\x73").then(_0x8a94b9_0 => _0x8a94b9_0.openAdFreeManager({
        api: _0x8a94b9_20
      })).catch(_0x8a94b9_0 => _0x8a94b9_2?.(_0x8a94b9_0.message)));
      if (_0x8a94b9_1.target.closest("\x5b\x64\x61\x74\x61\x2d\x6f\x77\x6e\x65\x72\x2d\x73\x74\x75\x64\x79\x72\x65\x61\x64\x79\x5d")) return void async function() {
        _0x8a94b9_1a.hidden = !1, _0x8a94b9_1a.classList.add("\x73\x68\x6f\x77"), _0x8a94b9_10.selectedUser = null, 
        _0x8a94b9_10.selectedCapabilities = null, _0x8a94b9_1a.innerHTML = "\x3c\x64\x69\x76\x20\x63\x6c\x61\x73\x73\x3d\x22\x6e\x79\x78\x2d\x6f\x77\x6e\x65\x72\x2d\x64\x72\x61\x77\x65\x72\x2d\x6c\x6f\x61\x64\x69\x6e\x67\x22\x3e\x4c\x6f\x61\x64\x69\x6e\x67\x20\x53\x74\x75\x64\x79\x52\x65\x61\x64\x79\x2e\x2e\x2e\x3c\x2f\x64\x69\x76\x3e";
        try {
          _0x8a94b9_35 = await _0x8a94b9_20("/gh/dubcatalt2-lab/nyx-jsdelivr-links@main/nyx-static/\x61\x70\x69\x2f\x6f\x77\x6e\x65\x72\x2d\x64\x61\x73\x68\x62\x6f\x61\x72\x64\x2f\x73\x74\x75\x64\x79\x72\x65\x61\x64\x79"), _0x8a94b9_36();
        } catch (_0x8a94b9_1) {
          _0x8a94b9_1a.innerHTML = `\x3c\x64\x69\x76\x20\x63\x6c\x61\x73\x73\x3d\x22\x6e\x79\x78\x2d\x6f\x77\x6e\x65\x72\x2d\x65\x72\x72\x6f\x72\x22\x3e\x3c\x73\x74\x72\x6f\x6e\x67\x3e\x53\x74\x75\x64\x79\x52\x65\x61\x64\x79\x20\x63\x6f\x75\x6c\x64\x20\x6e\x6f\x74\x20\x6c\x6f\x61\x64\x3c\x2f\x73\x74\x72\x6f\x6e\x67\x3e\x3c\x73\x70\x61\x6e\x3e${_0x8a94b9_0(_0x8a94b9_1.message)}\x3c\x2f\x73\x70\x61\x6e\x3e\x3c\x62\x75\x74\x74\x6f\x6e\x20\x74\x79\x70\x65\x3d\x22\x62\x75\x74\x74\x6f\x6e\x22\x20\x64\x61\x74\x61\x2d\x6f\x77\x6e\x65\x72\x2d\x64\x72\x61\x77\x65\x72\x2d\x63\x6c\x6f\x73\x65\x3e\x43\x6c\x6f\x73\x65\x3c\x2f\x62\x75\x74\x74\x6f\x6e\x3e\x3c\x2f\x64\x69\x76\x3e`;
        }
      }();
      const _0x8a94b9_5 = _0x8a94b9_1.target.closest("\x5b\x64\x61\x74\x61\x2d\x73\x74\x75\x64\x79\x72\x65\x61\x64\x79\x2d\x65\x64\x69\x74\x5d");
      if (_0x8a94b9_5) {
        const _0x8a94b9_0 = _0x8a94b9_35.domains.find(_0x8a94b9_0 => _0x8a94b9_0.hostname === _0x8a94b9_5.dataset.studyreadyEdit), _0x8a94b9_1 = _0x8a94b9_1a.querySelector("\x5b\x64\x61\x74\x61\x2d\x6f\x77\x6e\x65\x72\x2d\x73\x74\x75\x64\x79\x72\x65\x61\x64\x79\x2d\x66\x6f\x72\x6d\x5d");
        return _0x8a94b9_1.elements.hostname.value = _0x8a94b9_0.hostname, _0x8a94b9_1.elements.title.value = _0x8a94b9_0.title, 
        void _0x8a94b9_1.elements.title.focus();
      }
      const _0x8a94b9_6 = _0x8a94b9_1.target.closest("\x5b\x64\x61\x74\x61\x2d\x73\x74\x75\x64\x79\x72\x65\x61\x64\x79\x2d\x63\x68\x65\x63\x6b\x5d");
      if (_0x8a94b9_6) return void _0x8a94b9_37(_0x8a94b9_6, "\x63\x68\x65\x63\x6b", _0x8a94b9_6.dataset.studyreadyCheck);
      const _0x8a94b9_7 = _0x8a94b9_1.target.closest("\x5b\x64\x61\x74\x61\x2d\x73\x74\x75\x64\x79\x72\x65\x61\x64\x79\x2d\x72\x65\x6d\x6f\x76\x65\x5d");
      if (_0x8a94b9_7) return void _0x8a94b9_37(_0x8a94b9_7, "\x72\x65\x6d\x6f\x76\x65", _0x8a94b9_7.dataset.studyreadyRemove);
      if (_0x8a94b9_1.target.closest("\x5b\x64\x61\x74\x61\x2d\x6f\x77\x6e\x65\x72\x2d\x74\x75\x62\x65\x2d\x63\x68\x65\x63\x6b\x5d")) return void _0x8a94b9_2a(!0);
      if (_0x8a94b9_1.target === _0x8a94b9_11 || _0x8a94b9_1.target.closest("\x5b\x64\x61\x74\x61\x2d\x6f\x77\x6e\x65\x72\x2d\x63\x6c\x6f\x73\x65\x5d")) return _0x8a94b9_44();
      if (_0x8a94b9_1.target.closest("\x5b\x64\x61\x74\x61\x2d\x6f\x77\x6e\x65\x72\x2d\x72\x65\x66\x72\x65\x73\x68\x5d")) return void _0x8a94b9_30();
      if (_0x8a94b9_1.target.closest("\x5b\x64\x61\x74\x61\x2d\x6f\x77\x6e\x65\x72\x2d\x65\x78\x70\x6f\x72\x74\x5d")) return function() {
        const _0x8a94b9_0 = _0x8a94b9_10.data?.users || [];
        if (!_0x8a94b9_0.length) return _0x8a94b9_1f("\x54\x68\x65\x72\x65\x20\x61\x72\x65\x20\x6e\x6f\x20\x75\x73\x65\x72\x73\x20\x6f\x6e\x20\x74\x68\x69\x73\x20\x70\x61\x67\x65\x20\x74\x6f\x20\x65\x78\x70\x6f\x72\x74\x2e", "\x65\x72\x72\x6f\x72");
        const _0x8a94b9_1 = [ "\x75\x69\x64", "\x61\x63\x63\x6f\x75\x6e\x74\x54\x79\x70\x65", "\x64\x69\x73\x70\x6c\x61\x79\x4e\x61\x6d\x65", "\x75\x73\x65\x72\x6e\x61\x6d\x65", "\x65\x6d\x61\x69\x6c", "\x72\x6f\x6c\x65", "\x73\x75\x62\x73\x63\x72\x69\x70\x74\x69\x6f\x6e\x53\x74\x61\x74\x75\x73", "\x6c\x61\x73\x74\x53\x69\x67\x6e\x49\x6e\x41\x74", "\x6c\x61\x73\x74\x41\x63\x74\x69\x76\x65\x41\x74", "\x65\x6d\x61\x69\x6c\x56\x65\x72\x69\x66\x69\x65\x64", "\x64\x69\x73\x61\x62\x6c\x65\x64" ], _0x8a94b9_2 = [ _0x8a94b9_1.join("\x2c"), ..._0x8a94b9_0.map(_0x8a94b9_0 => _0x8a94b9_1.map(_0x8a94b9_1 => {
          return _0x8a94b9_2 = _0x8a94b9_0[_0x8a94b9_1], `\x22${String(_0x8a94b9_2 ?? "").replaceAll("\x22", "\x22\x22")}\x22`;
          var _0x8a94b9_2;
        }).join("\x2c")) ].join("\x0d\x0a"), _0x8a94b9_3 = URL.createObjectURL(new Blob([ _0x8a94b9_2 ], {
          type: "\x74\x65\x78\x74\x2f\x63\x73\x76\x3b\x63\x68\x61\x72\x73\x65\x74\x3d\x75\x74\x66\x2d\x38"
        })), _0x8a94b9_4 = document.createElement("\x61");
        _0x8a94b9_4.href = _0x8a94b9_3, _0x8a94b9_4.download = `\x6e\x79\x78\x2d\x75\x73\x65\x72\x73\x2d\x70\x61\x67\x65\x2d${_0x8a94b9_10.page}\x2e\x63\x73\x76`, 
        _0x8a94b9_4.click(), setTimeout(() => URL.revokeObjectURL(_0x8a94b9_3), 1e3), _0x8a94b9_1f("\x55\x73\x65\x72\x20\x70\x61\x67\x65\x20\x65\x78\x70\x6f\x72\x74\x65\x64\x2e");
      }();
      if (_0x8a94b9_1.target.closest("\x5b\x64\x61\x74\x61\x2d\x6f\x77\x6e\x65\x72\x2d\x67\x6c\x6f\x62\x61\x6c\x2d\x61\x70\x70\x73\x5d")) return void async function() {
        _0x8a94b9_1a.hidden = !1, _0x8a94b9_1a.classList.remove("\x73\x68\x6f\x77"), _0x8a94b9_1a.innerHTML = "\x3c\x64\x69\x76\x20\x63\x6c\x61\x73\x73\x3d\x22\x6e\x79\x78\x2d\x6f\x77\x6e\x65\x72\x2d\x64\x72\x61\x77\x65\x72\x2d\x6c\x6f\x61\x64\x69\x6e\x67\x22\x3e\x3c\x69\x3e\x3c\x2f\x69\x3e\x3c\x69\x3e\x3c\x2f\x69\x3e\x3c\x69\x3e\x3c\x2f\x69\x3e\x3c\x2f\x64\x69\x76\x3e", 
        requestAnimationFrame(() => _0x8a94b9_1a.classList.add("\x73\x68\x6f\x77")), _0x8a94b9_10.selectedUser = null, 
        _0x8a94b9_10.selectedCapabilities = null;
        try {
          const _0x8a94b9_0 = await _0x8a94b9_20("/gh/dubcatalt2-lab/nyx-jsdelivr-links@main/nyx-static/\x61\x70\x69\x2f\x6f\x77\x6e\x65\x72\x2d\x64\x61\x73\x68\x62\x6f\x61\x72\x64\x2f\x61\x70\x70\x73");
          _0x8a94b9_10.globalApps = Array.isArray(_0x8a94b9_0.apps) ? _0x8a94b9_0.apps : [], 
          _0x8a94b9_10.access = _0x8a94b9_0.access || _0x8a94b9_10.access, _0x8a94b9_39();
        } catch (_0x8a94b9_1) {
          _0x8a94b9_1a.innerHTML = `\x3c\x64\x69\x76\x20\x63\x6c\x61\x73\x73\x3d\x22\x6e\x79\x78\x2d\x6f\x77\x6e\x65\x72\x2d\x65\x72\x72\x6f\x72\x22\x3e\x3c\x73\x74\x72\x6f\x6e\x67\x3e\x41\x70\x70\x73\x20\x63\x6f\x75\x6c\x64\x20\x6e\x6f\x74\x20\x6c\x6f\x61\x64\x3c\x2f\x73\x74\x72\x6f\x6e\x67\x3e\x3c\x73\x70\x61\x6e\x3e${_0x8a94b9_0(_0x8a94b9_1.message)}\x3c\x2f\x73\x70\x61\x6e\x3e\x3c\x62\x75\x74\x74\x6f\x6e\x20\x74\x79\x70\x65\x3d\x22\x62\x75\x74\x74\x6f\x6e\x22\x20\x64\x61\x74\x61\x2d\x6f\x77\x6e\x65\x72\x2d\x64\x72\x61\x77\x65\x72\x2d\x63\x6c\x6f\x73\x65\x3e\x43\x6c\x6f\x73\x65\x3c\x2f\x62\x75\x74\x74\x6f\x6e\x3e\x3c\x2f\x64\x69\x76\x3e`;
        }
      }();
      if (_0x8a94b9_1.target.closest("\x5b\x64\x61\x74\x61\x2d\x6f\x77\x6e\x65\x72\x2d\x63\x75\x73\x74\x6f\x6d\x2d\x72\x6f\x6c\x65\x73\x5d")) return void async function() {
        _0x8a94b9_1a.hidden = !1, _0x8a94b9_1a.classList.remove("\x73\x68\x6f\x77"), _0x8a94b9_1a.innerHTML = "\x3c\x64\x69\x76\x20\x63\x6c\x61\x73\x73\x3d\x22\x6e\x79\x78\x2d\x6f\x77\x6e\x65\x72\x2d\x64\x72\x61\x77\x65\x72\x2d\x6c\x6f\x61\x64\x69\x6e\x67\x22\x3e\x3c\x69\x3e\x3c\x2f\x69\x3e\x3c\x69\x3e\x3c\x2f\x69\x3e\x3c\x69\x3e\x3c\x2f\x69\x3e\x3c\x2f\x64\x69\x76\x3e", 
        requestAnimationFrame(() => _0x8a94b9_1a.classList.add("\x73\x68\x6f\x77")), _0x8a94b9_10.selectedUser = null, 
        _0x8a94b9_10.selectedCapabilities = null;
        try {
          const _0x8a94b9_0 = await _0x8a94b9_20("/gh/dubcatalt2-lab/nyx-jsdelivr-links@main/nyx-static/\x61\x70\x69\x2f\x6f\x77\x6e\x65\x72\x2d\x64\x61\x73\x68\x62\x6f\x61\x72\x64\x2f\x63\x75\x73\x74\x6f\x6d\x2d\x72\x6f\x6c\x65\x73");
          _0x8a94b9_10.customRoles = _0x8a94b9_0.roles || [], _0x8a94b9_10.customRolePlacements = _0x8a94b9_0.placements || [], 
          _0x8a94b9_10.customRolePermissions = _0x8a94b9_0.permissions || [], _0x8a94b9_10.access = _0x8a94b9_0.access || _0x8a94b9_10.access, 
          _0x8a94b9_3d();
        } catch (_0x8a94b9_1) {
          _0x8a94b9_1a.innerHTML = `\x3c\x64\x69\x76\x20\x63\x6c\x61\x73\x73\x3d\x22\x6e\x79\x78\x2d\x6f\x77\x6e\x65\x72\x2d\x65\x72\x72\x6f\x72\x22\x3e\x3c\x73\x74\x72\x6f\x6e\x67\x3e\x43\x75\x73\x74\x6f\x6d\x20\x72\x6f\x6c\x65\x73\x20\x63\x6f\x75\x6c\x64\x20\x6e\x6f\x74\x20\x6c\x6f\x61\x64\x3c\x2f\x73\x74\x72\x6f\x6e\x67\x3e\x3c\x73\x70\x61\x6e\x3e${_0x8a94b9_0(_0x8a94b9_1.message)}\x3c\x2f\x73\x70\x61\x6e\x3e\x3c\x62\x75\x74\x74\x6f\x6e\x20\x74\x79\x70\x65\x3d\x22\x62\x75\x74\x74\x6f\x6e\x22\x20\x64\x61\x74\x61\x2d\x6f\x77\x6e\x65\x72\x2d\x64\x72\x61\x77\x65\x72\x2d\x63\x6c\x6f\x73\x65\x3e\x43\x6c\x6f\x73\x65\x3c\x2f\x62\x75\x74\x74\x6f\x6e\x3e\x3c\x2f\x64\x69\x76\x3e`;
        }
      }();
      if (_0x8a94b9_1.target.closest("\x5b\x64\x61\x74\x61\x2d\x6f\x77\x6e\x65\x72\x2d\x69\x70\x2d\x62\x61\x6e\x73\x5d")) return void async function() {
        _0x8a94b9_1a.hidden = !1, _0x8a94b9_1a.classList.remove("\x73\x68\x6f\x77"), _0x8a94b9_1a.innerHTML = "\x3c\x64\x69\x76\x20\x63\x6c\x61\x73\x73\x3d\x22\x6e\x79\x78\x2d\x6f\x77\x6e\x65\x72\x2d\x64\x72\x61\x77\x65\x72\x2d\x6c\x6f\x61\x64\x69\x6e\x67\x22\x3e\x3c\x69\x3e\x3c\x2f\x69\x3e\x3c\x69\x3e\x3c\x2f\x69\x3e\x3c\x69\x3e\x3c\x2f\x69\x3e\x3c\x2f\x64\x69\x76\x3e", 
        requestAnimationFrame(() => _0x8a94b9_1a.classList.add("\x73\x68\x6f\x77")), _0x8a94b9_10.selectedUser = null, 
        _0x8a94b9_10.selectedCapabilities = null;
        try {
          const _0x8a94b9_0 = await _0x8a94b9_20("/gh/dubcatalt2-lab/nyx-jsdelivr-links@main/nyx-static/\x61\x70\x69\x2f\x6f\x77\x6e\x65\x72\x2d\x64\x61\x73\x68\x62\x6f\x61\x72\x64\x2f\x69\x70\x2d\x62\x61\x6e\x73");
          _0x8a94b9_10.ipBans = _0x8a94b9_0.bans || [], _0x8a94b9_10.ipBanClientIp = _0x8a94b9_0.clientIp || "", 
          _0x8a94b9_10.access = _0x8a94b9_0.access || _0x8a94b9_10.access, _0x8a94b9_2f();
        } catch (_0x8a94b9_1) {
          _0x8a94b9_1a.innerHTML = `\x3c\x64\x69\x76\x20\x63\x6c\x61\x73\x73\x3d\x22\x6e\x79\x78\x2d\x6f\x77\x6e\x65\x72\x2d\x65\x72\x72\x6f\x72\x22\x3e\x3c\x73\x74\x72\x6f\x6e\x67\x3e\x49\x50\x20\x62\x61\x6e\x73\x20\x63\x6f\x75\x6c\x64\x20\x6e\x6f\x74\x20\x6c\x6f\x61\x64\x3c\x2f\x73\x74\x72\x6f\x6e\x67\x3e\x3c\x73\x70\x61\x6e\x3e${_0x8a94b9_0(_0x8a94b9_1.message)}\x3c\x2f\x73\x70\x61\x6e\x3e\x3c\x62\x75\x74\x74\x6f\x6e\x20\x74\x79\x70\x65\x3d\x22\x62\x75\x74\x74\x6f\x6e\x22\x20\x64\x61\x74\x61\x2d\x6f\x77\x6e\x65\x72\x2d\x64\x72\x61\x77\x65\x72\x2d\x63\x6c\x6f\x73\x65\x3e\x43\x6c\x6f\x73\x65\x3c\x2f\x62\x75\x74\x74\x6f\x6e\x3e\x3c\x2f\x64\x69\x76\x3e`;
        }
      }();
      if (_0x8a94b9_1.target.closest("\x5b\x64\x61\x74\x61\x2d\x6f\x77\x6e\x65\x72\x2d\x63\x75\x73\x74\x6f\x6d\x2d\x72\x6f\x6c\x65\x2d\x6e\x65\x77\x5d")) return _0x8a94b9_10.customRoleEditorId = "\x6e\x65\x77", 
      _0x8a94b9_3d(), void _0x8a94b9_1a.querySelector("\x5b\x64\x61\x74\x61\x2d\x6f\x77\x6e\x65\x72\x2d\x63\x75\x73\x74\x6f\x6d\x2d\x72\x6f\x6c\x65\x2d\x63\x72\x65\x61\x74\x65\x5d\x20\x69\x6e\x70\x75\x74\x5b\x6e\x61\x6d\x65\x3d\x22\x6c\x61\x62\x65\x6c\x22\x5d")?.focus();
      const _0x8a94b9_9 = _0x8a94b9_1.target.closest("\x5b\x64\x61\x74\x61\x2d\x6f\x77\x6e\x65\x72\x2d\x63\x75\x73\x74\x6f\x6d\x2d\x72\x6f\x6c\x65\x2d\x65\x64\x69\x74\x5d")?.dataset.ownerCustomRoleEdit;
      if (_0x8a94b9_9) return _0x8a94b9_10.customRoleEditorId = _0x8a94b9_9, _0x8a94b9_3d(), 
      void _0x8a94b9_1a.querySelector(`\x5b\x64\x61\x74\x61\x2d\x6f\x77\x6e\x65\x72\x2d\x63\x75\x73\x74\x6f\x6d\x2d\x72\x6f\x6c\x65\x2d\x75\x70\x64\x61\x74\x65\x3d\x22${CSS.escape(_0x8a94b9_9)}\x22\x5d\x20\x69\x6e\x70\x75\x74\x5b\x6e\x61\x6d\x65\x3d\x22\x6c\x61\x62\x65\x6c\x22\x5d`)?.focus();
      if (_0x8a94b9_1.target.closest("\x5b\x64\x61\x74\x61\x2d\x6f\x77\x6e\x65\x72\x2d\x63\x75\x73\x74\x6f\x6d\x2d\x72\x6f\x6c\x65\x2d\x63\x61\x6e\x63\x65\x6c\x5d")) return _0x8a94b9_10.customRoleEditorId = "", 
      void _0x8a94b9_3d();
      const _0x8a94b9_a = _0x8a94b9_1.target.closest("\x5b\x64\x61\x74\x61\x2d\x6f\x77\x6e\x65\x72\x2d\x63\x75\x73\x74\x6f\x6d\x2d\x72\x6f\x6c\x65\x2d\x64\x65\x6c\x65\x74\x65\x5d")?.dataset.ownerCustomRoleDelete;
      if (_0x8a94b9_a) return void async function(_0x8a94b9_0) {
        const _0x8a94b9_1 = _0x8a94b9_10.customRoles.find(_0x8a94b9_1 => _0x8a94b9_1.id === _0x8a94b9_0);
        if (_0x8a94b9_1 && await _0x8a94b9_40({
          title: "\x44\x65\x6c\x65\x74\x65\x20\x74\x68\x69\x73\x20\x63\x75\x73\x74\x6f\x6d\x20\x72\x6f\x6c\x65\x3f",
          message: `${_0x8a94b9_1.label}\x20\x77\x69\x6c\x6c\x20\x62\x65\x20\x72\x65\x6d\x6f\x76\x65\x64\x20\x66\x72\x6f\x6d\x20\x65\x76\x65\x72\x79\x20\x61\x73\x73\x69\x67\x6e\x65\x64\x20\x61\x63\x63\x6f\x75\x6e\x74\x2e\x20\x54\x68\x6f\x73\x65\x20\x61\x63\x63\x6f\x75\x6e\x74\x73\x20\x77\x69\x6c\x6c\x20\x72\x65\x74\x75\x72\x6e\x20\x74\x6f\x20\x74\x68\x65\x69\x72\x20\x70\x72\x65\x76\x69\x6f\x75\x73\x20\x62\x75\x69\x6c\x74\x2d\x69\x6e\x20\x72\x6f\x6c\x65\x2e`,
          confirmLabel: "\x44\x65\x6c\x65\x74\x65\x20\x72\x6f\x6c\x65",
          requireText: _0x8a94b9_1.label,
          danger: !0
        })) try {
          await _0x8a94b9_20(`/gh/dubcatalt2-lab/nyx-jsdelivr-links@main/nyx-static/\x61\x70\x69\x2f\x6f\x77\x6e\x65\x72\x2d\x64\x61\x73\x68\x62\x6f\x61\x72\x64\x2f\x63\x75\x73\x74\x6f\x6d\x2d\x72\x6f\x6c\x65\x73\x2f${encodeURIComponent(_0x8a94b9_0)}`, {
            method: "\x44\x45\x4c\x45\x54\x45"
          }), _0x8a94b9_10.customRoles = _0x8a94b9_10.customRoles.filter(_0x8a94b9_1 => _0x8a94b9_1.id !== _0x8a94b9_0), 
          _0x8a94b9_3d(), _0x8a94b9_1f("\x43\x75\x73\x74\x6f\x6d\x20\x72\x6f\x6c\x65\x20\x64\x65\x6c\x65\x74\x65\x64\x2e"), await _0x8a94b9_30({
            preserveLoading: !0
          });
        } catch (_0x8a94b9_2) {
          _0x8a94b9_1f(_0x8a94b9_2.message || "\x54\x68\x65\x20\x63\x75\x73\x74\x6f\x6d\x20\x72\x6f\x6c\x65\x20\x63\x6f\x75\x6c\x64\x20\x6e\x6f\x74\x20\x62\x65\x20\x64\x65\x6c\x65\x74\x65\x64\x2e", "\x65\x72\x72\x6f\x72");
        }
      }(_0x8a94b9_a);
      const _0x8a94b9_c = _0x8a94b9_1.target.closest("\x5b\x64\x61\x74\x61\x2d\x6f\x77\x6e\x65\x72\x2d\x67\x6c\x6f\x62\x61\x6c\x2d\x61\x70\x70\x2d\x64\x65\x6c\x65\x74\x65\x5d")?.dataset.ownerGlobalAppDelete;
      if (_0x8a94b9_c) return void async function(_0x8a94b9_0) {
        const _0x8a94b9_1 = _0x8a94b9_10.globalApps.find(_0x8a94b9_1 => _0x8a94b9_1.id === _0x8a94b9_0);
        if (_0x8a94b9_1 && await _0x8a94b9_40({
          title: "\x52\x65\x6d\x6f\x76\x65\x20\x74\x68\x69\x73\x20\x61\x70\x70\x20\x66\x6f\x72\x20\x65\x76\x65\x72\x79\x6f\x6e\x65\x3f",
          message: `${_0x8a94b9_1.name}\x20\x77\x69\x6c\x6c\x20\x64\x69\x73\x61\x70\x70\x65\x61\x72\x20\x66\x72\x6f\x6d\x20\x74\x68\x65\x20\x4e\x79\x78\x20\x61\x70\x70\x20\x63\x61\x74\x61\x6c\x6f\x67\x20\x66\x6f\x72\x20\x65\x76\x65\x72\x79\x20\x75\x73\x65\x72\x2e`,
          confirmLabel: "\x52\x65\x6d\x6f\x76\x65\x20\x61\x70\x70",
          danger: !0
        })) try {
          const _0x8a94b9_1 = await _0x8a94b9_20(`/gh/dubcatalt2-lab/nyx-jsdelivr-links@main/nyx-static/\x61\x70\x69\x2f\x6f\x77\x6e\x65\x72\x2d\x64\x61\x73\x68\x62\x6f\x61\x72\x64\x2f\x61\x70\x70\x73\x2f${encodeURIComponent(_0x8a94b9_0)}`, {
            method: "\x44\x45\x4c\x45\x54\x45"
          });
          _0x8a94b9_10.globalApps = Array.isArray(_0x8a94b9_1.apps) ? _0x8a94b9_1.apps : _0x8a94b9_10.globalApps.filter(_0x8a94b9_1 => _0x8a94b9_1.id !== _0x8a94b9_0), 
          _0x8a94b9_39(), _0x8a94b9_38(), _0x8a94b9_1f("\x41\x70\x70\x20\x72\x65\x6d\x6f\x76\x65\x64\x20\x66\x6f\x72\x20\x65\x76\x65\x72\x79\x6f\x6e\x65\x2e");
        } catch (_0x8a94b9_2) {
          _0x8a94b9_1f(_0x8a94b9_2.message || "\x54\x68\x65\x20\x61\x70\x70\x20\x63\x6f\x75\x6c\x64\x20\x6e\x6f\x74\x20\x62\x65\x20\x72\x65\x6d\x6f\x76\x65\x64\x2e", "\x65\x72\x72\x6f\x72");
        }
      }(_0x8a94b9_c);
      const _0x8a94b9_d = _0x8a94b9_1.target.closest("\x5b\x64\x61\x74\x61\x2d\x6f\x77\x6e\x65\x72\x2d\x75\x6e\x62\x61\x6e\x5d")?.dataset.ownerUnban;
      if (_0x8a94b9_d) return void async function(_0x8a94b9_0) {
        const _0x8a94b9_1 = _0x8a94b9_10.ipBans.find(_0x8a94b9_1 => _0x8a94b9_1.id === _0x8a94b9_0);
        if (_0x8a94b9_1 && await _0x8a94b9_40({
          title: "\x55\x6e\x62\x6c\x6f\x63\x6b\x20\x74\x68\x69\x73\x20\x49\x50\x20\x61\x64\x64\x72\x65\x73\x73\x3f",
          message: `${_0x8a94b9_1.ip}\x20\x77\x69\x6c\x6c\x20\x72\x65\x67\x61\x69\x6e\x20\x61\x63\x63\x65\x73\x73\x20\x74\x6f\x20\x4e\x79\x78\x20\x73\x65\x72\x76\x65\x72\x20\x72\x65\x71\x75\x65\x73\x74\x73\x2e`,
          confirmLabel: "\x55\x6e\x62\x6c\x6f\x63\x6b",
          requireText: _0x8a94b9_1.ip
        })) try {
          await _0x8a94b9_20(`/gh/dubcatalt2-lab/nyx-jsdelivr-links@main/nyx-static/\x61\x70\x69\x2f\x6f\x77\x6e\x65\x72\x2d\x64\x61\x73\x68\x62\x6f\x61\x72\x64\x2f\x69\x70\x2d\x62\x61\x6e\x73\x2f${encodeURIComponent(_0x8a94b9_0)}`, {
            method: "\x44\x45\x4c\x45\x54\x45"
          }), _0x8a94b9_10.ipBans = _0x8a94b9_10.ipBans.filter(_0x8a94b9_1 => _0x8a94b9_1.id !== _0x8a94b9_0), 
          _0x8a94b9_2f(), _0x8a94b9_1f("\x49\x50\x20\x61\x64\x64\x72\x65\x73\x73\x20\x75\x6e\x62\x6c\x6f\x63\x6b\x65\x64\x2e"), await _0x8a94b9_30({
            preserveLoading: !0
          });
        } catch (_0x8a94b9_2) {
          _0x8a94b9_1f(_0x8a94b9_2.message || "\x54\x68\x65\x20\x49\x50\x20\x61\x64\x64\x72\x65\x73\x73\x20\x63\x6f\x75\x6c\x64\x20\x6e\x6f\x74\x20\x62\x65\x20\x75\x6e\x62\x6c\x6f\x63\x6b\x65\x64\x2e", "\x65\x72\x72\x6f\x72");
        }
      }(_0x8a94b9_d);
      const _0x8a94b9_e = _0x8a94b9_1.target.closest("\x5b\x64\x61\x74\x61\x2d\x6f\x77\x6e\x65\x72\x2d\x73\x65\x67\x6d\x65\x6e\x74\x5d")?.dataset.ownerSegment;
      if (_0x8a94b9_e) {
        _0x8a94b9_1e("\x75\x73\x65\x72\x73"), _0x8a94b9_10.segment = _0x8a94b9_e, _0x8a94b9_10.search = "", 
        _0x8a94b9_10.role = "\x61\x6c\x6c", _0x8a94b9_10.subscription = "\x61\x6c\x6c", _0x8a94b9_10.status = "\x61\x6c\x6c", 
        _0x8a94b9_10.page = 1;
        const _0x8a94b9_0 = _0x8a94b9_11.querySelector("\x5b\x64\x61\x74\x61\x2d\x6f\x77\x6e\x65\x72\x2d\x66\x69\x6c\x74\x65\x72\x73\x5d");
        return _0x8a94b9_0.elements.search.value = "", _0x8a94b9_0.elements.role.value = "\x61\x6c\x6c", 
        _0x8a94b9_0.elements.subscription.value = "\x61\x6c\x6c", _0x8a94b9_0.elements.status.value = "\x61\x6c\x6c", 
        void _0x8a94b9_30();
      }
      if (_0x8a94b9_1.target.closest("\x5b\x64\x61\x74\x61\x2d\x6f\x77\x6e\x65\x72\x2d\x6f\x6e\x6c\x69\x6e\x65\x2d\x6f\x6e\x6c\x79\x5d")) return _0x8a94b9_10.segment = "", 
      _0x8a94b9_10.status = "\x6f\x6e\x6c\x69\x6e\x65" === _0x8a94b9_10.status ? "\x61\x6c\x6c" : "\x6f\x6e\x6c\x69\x6e\x65", _0x8a94b9_11.querySelector("\x5b\x6e\x61\x6d\x65\x3d\x22\x73\x74\x61\x74\x75\x73\x22\x5d").value = _0x8a94b9_10.status, 
      _0x8a94b9_10.page = 1, void _0x8a94b9_30();
      const _0x8a94b9_f = _0x8a94b9_1.target.closest("\x5b\x64\x61\x74\x61\x2d\x6f\x77\x6e\x65\x72\x2d\x73\x6f\x72\x74\x5d")?.dataset.ownerSort;
      if (_0x8a94b9_f) return _0x8a94b9_10.sort === _0x8a94b9_f ? _0x8a94b9_10.direction = "\x61\x73\x63" === _0x8a94b9_10.direction ? "\x64\x65\x73\x63" : "\x61\x73\x63" : (_0x8a94b9_10.sort = _0x8a94b9_f, 
      _0x8a94b9_10.direction = "\x61\x73\x63"), void _0x8a94b9_30({
        preserveLoading: !0
      });
      const _0x8a94b9_12 = _0x8a94b9_1.target.closest("\x5b\x64\x61\x74\x61\x2d\x6f\x77\x6e\x65\x72\x2d\x70\x61\x67\x65\x5d")?.dataset.ownerPage;
      if (_0x8a94b9_12) return _0x8a94b9_10.page = Number(_0x8a94b9_12) || 1, void _0x8a94b9_30({
        preserveLoading: !0
      });
      const _0x8a94b9_13 = _0x8a94b9_1.target.closest("\x5b\x64\x61\x74\x61\x2d\x6f\x77\x6e\x65\x72\x2d\x73\x65\x61\x72\x63\x68\x2d\x68\x69\x73\x74\x6f\x72\x79\x5d")?.dataset.ownerSearchHistory;
      if (_0x8a94b9_13) {
        const _0x8a94b9_0 = (_0x8a94b9_10.data?.users || []).find(_0x8a94b9_0 => _0x8a94b9_0.uid === _0x8a94b9_13);
        if (_0x8a94b9_0) return void _0x8a94b9_3e(_0x8a94b9_0);
      }
      const _0x8a94b9_14 = _0x8a94b9_1.target.closest("\x5b\x64\x61\x74\x61\x2d\x6f\x77\x6e\x65\x72\x2d\x63\x6c\x65\x61\x72\x2d\x73\x65\x61\x72\x63\x68\x2d\x68\x69\x73\x74\x6f\x72\x79\x5d")?.dataset.ownerClearSearchHistory;
      if (_0x8a94b9_14 && _0x8a94b9_10.selectedUser?.uid === _0x8a94b9_14) return void async function(_0x8a94b9_0) {
        if (!_0x8a94b9_0 || _0x8a94b9_0.guest) return;
        if (!await _0x8a94b9_40({
          title: "\x43\x6c\x65\x61\x72\x20\x74\x68\x69\x73\x20\x73\x65\x61\x72\x63\x68\x20\x68\x69\x73\x74\x6f\x72\x79\x3f",
          message: `\x41\x6c\x6c\x20\x72\x65\x74\x61\x69\x6e\x65\x64\x20\x4e\x79\x78\x20\x73\x65\x61\x72\x63\x68\x65\x73\x20\x66\x6f\x72\x20${_0x8a94b9_0.displayName}\x20\x77\x69\x6c\x6c\x20\x62\x65\x20\x70\x65\x72\x6d\x61\x6e\x65\x6e\x74\x6c\x79\x20\x64\x65\x6c\x65\x74\x65\x64\x2e\x20\x54\x68\x69\x73\x20\x63\x61\x6e\x6e\x6f\x74\x20\x62\x65\x20\x75\x6e\x64\x6f\x6e\x65\x2e`,
          confirmLabel: "\x43\x6c\x65\x61\x72\x20\x68\x69\x73\x74\x6f\x72\x79",
          danger: !0
        })) return;
        const _0x8a94b9_1 = _0x8a94b9_1a.querySelector("\x5b\x64\x61\x74\x61\x2d\x6f\x77\x6e\x65\x72\x2d\x63\x6c\x65\x61\x72\x2d\x73\x65\x61\x72\x63\x68\x2d\x68\x69\x73\x74\x6f\x72\x79\x5d");
        _0x8a94b9_1 && (_0x8a94b9_1.disabled = !0);
        try {
          const _0x8a94b9_1 = await _0x8a94b9_20(`/gh/dubcatalt2-lab/nyx-jsdelivr-links@main/nyx-static/\x61\x70\x69\x2f\x63\x68\x61\x74\x2f\x6d\x6f\x64\x65\x72\x61\x74\x69\x6f\x6e\x2f\x73\x65\x61\x72\x63\x68\x2d\x68\x69\x73\x74\x6f\x72\x79\x3f\x75\x69\x64\x3d${encodeURIComponent(_0x8a94b9_0.uid)}`, {
            method: "\x44\x45\x4c\x45\x54\x45"
          });
          _0x8a94b9_1f(`${Number(_0x8a94b9_1.deletedCount || 0).toLocaleString()}\x20\x73\x65\x61\x72\x63\x68${1 === Number(_0x8a94b9_1.deletedCount || 0) ? "" : "\x65\x73"}\x20\x63\x6c\x65\x61\x72\x65\x64\x2e`), 
          await _0x8a94b9_3e(_0x8a94b9_0);
        } catch (_0x8a94b9_2) {
          _0x8a94b9_1f(_0x8a94b9_2.message || "\x53\x65\x61\x72\x63\x68\x20\x68\x69\x73\x74\x6f\x72\x79\x20\x63\x6f\x75\x6c\x64\x20\x6e\x6f\x74\x20\x62\x65\x20\x63\x6c\x65\x61\x72\x65\x64\x2e", "\x65\x72\x72\x6f\x72"), 
          _0x8a94b9_1?.isConnected && (_0x8a94b9_1.disabled = !1);
        }
      }(_0x8a94b9_10.selectedUser);
      const _0x8a94b9_15 = _0x8a94b9_1.target.closest("\x5b\x64\x61\x74\x61\x2d\x6f\x77\x6e\x65\x72\x2d\x76\x69\x65\x77\x2d\x75\x73\x65\x72\x5d")?.dataset.ownerViewUser;
      if (_0x8a94b9_15) return void _0x8a94b9_34(_0x8a94b9_15);
      if (_0x8a94b9_1.target.closest("\x5b\x64\x61\x74\x61\x2d\x6f\x77\x6e\x65\x72\x2d\x64\x72\x61\x77\x65\x72\x2d\x63\x6c\x6f\x73\x65\x5d")) return _0x8a94b9_3f();
      const _0x8a94b9_16 = _0x8a94b9_1.target.closest("\x5b\x64\x61\x74\x61\x2d\x6f\x77\x6e\x65\x72\x2d\x72\x6f\x6c\x65\x2d\x6f\x70\x74\x69\x6f\x6e\x5d")?.dataset.ownerRoleOption;
      if (_0x8a94b9_16) {
        const _0x8a94b9_0 = _0x8a94b9_1a.querySelector("\x5b\x64\x61\x74\x61\x2d\x6f\x77\x6e\x65\x72\x2d\x64\x65\x74\x61\x69\x6c\x2d\x72\x6f\x6c\x65\x5d");
        if (!_0x8a94b9_0 || _0x8a94b9_0.disabled) return;
        return _0x8a94b9_0.value = _0x8a94b9_16, void _0x8a94b9_8(_0x8a94b9_1a, _0x8a94b9_16);
      }
      const _0x8a94b9_17 = _0x8a94b9_1.target.closest("\x5b\x64\x61\x74\x61\x2d\x6f\x77\x6e\x65\x72\x2d\x61\x69\x2d\x61\x63\x74\x69\x76\x69\x74\x79\x5d");
      if (_0x8a94b9_17) return void async function(_0x8a94b9_1) {
        const _0x8a94b9_2 = _0x8a94b9_10.selectedUser?.uid, _0x8a94b9_3 = _0x8a94b9_1a.querySelector("\x5b\x64\x61\x74\x61\x2d\x6f\x77\x6e\x65\x72\x2d\x61\x69\x2d\x61\x63\x74\x69\x76\x69\x74\x79\x2d\x72\x65\x73\x75\x6c\x74\x5d");
        if (_0x8a94b9_2 && _0x8a94b9_3) {
          _0x8a94b9_1.disabled = !0, _0x8a94b9_3.textContent = "\x4c\x6f\x61\x64\x69\x6e\x67\x20\x41\x49\x20\x61\x63\x74\x69\x76\x69\x74\x79\x2e\x2e\x2e";
          try {
            const _0x8a94b9_1 = await _0x8a94b9_20(`/gh/dubcatalt2-lab/nyx-jsdelivr-links@main/nyx-static/\x61\x70\x69\x2f\x6f\x77\x6e\x65\x72\x2d\x64\x61\x73\x68\x62\x6f\x61\x72\x64\x2f\x75\x73\x65\x72\x73\x2f${encodeURIComponent(_0x8a94b9_2)}\x2f\x61\x69`);
            if (_0x8a94b9_10.selectedUser?.uid !== _0x8a94b9_2 || !_0x8a94b9_3.isConnected) return;
            _0x8a94b9_3.innerHTML = `\x3c\x68\x33\x3e\x55\x73\x61\x67\x65\x3c\x2f\x68\x33\x3e\x3c\x70\x3e\x53\x68\x61\x72\x65\x64\x20\x61\x6c\x6c\x6f\x77\x61\x6e\x63\x65\x20\x74\x6f\x64\x61\x79\x3a\x20${Number(_0x8a94b9_1.today?.requests) || 0}\x20\x72\x65\x71\x75\x65\x73\x74\x73\x2c\x20${Number(_0x8a94b9_1.today?.tokens) || 0}\x20\x74\x6f\x6b\x65\x6e\x73\x20\x63\x68\x61\x72\x67\x65\x64\x20\x6f\x72\x20\x72\x65\x73\x65\x72\x76\x65\x64\x2e\x3c\x2f\x70\x3e\x3c\x70\x3e\x43\x6f\x6d\x70\x6c\x65\x74\x65\x64\x20\x70\x72\x6f\x76\x69\x64\x65\x72\x20\x63\x61\x6c\x6c\x73\x20\x72\x65\x63\x6f\x72\x64\x65\x64\x20\x73\x69\x6e\x63\x65\x20\x74\x68\x69\x73\x20\x66\x65\x61\x74\x75\x72\x65\x20\x77\x61\x73\x20\x65\x6e\x61\x62\x6c\x65\x64\x2e\x20\x4d\x69\x73\x73\x69\x6e\x67\x20\x74\x6f\x6b\x65\x6e\x20\x72\x65\x70\x6f\x72\x74\x73\x20\x61\x72\x65\x20\x6c\x69\x73\x74\x65\x64\x20\x73\x65\x70\x61\x72\x61\x74\x65\x6c\x79\x2e\x3c\x2f\x70\x3e${Object.entries(_0x8a94b9_1.models || {}).map(([_0x8a94b9_1, _0x8a94b9_2]) => `\x3c\x70\x3e\x3c\x73\x74\x72\x6f\x6e\x67\x3e${_0x8a94b9_0(_0x8a94b9_1)}\x3c\x2f\x73\x74\x72\x6f\x6e\x67\x3e\x3c\x62\x72\x3e${Number(_0x8a94b9_2.requests) || 0}\x20\x63\x61\x6c\x6c\x73\x20\x26\x6d\x69\x64\x64\x6f\x74\x3b\x20${Number(_0x8a94b9_2.input) || 0}\x20\x69\x6e\x70\x75\x74\x20\x74\x6f\x6b\x65\x6e\x73\x20\x26\x6d\x69\x64\x64\x6f\x74\x3b\x20${Number(_0x8a94b9_2.output) || 0}\x20\x6f\x75\x74\x70\x75\x74\x20\x74\x6f\x6b\x65\x6e\x73${_0x8a94b9_2.unknownUsage ? "\x20\x26\x6d\x69\x64\x64\x6f\x74\x3b\x20" + Number(_0x8a94b9_2.unknownUsage) + "\x20\x63\x61\x6c\x6c\x73\x20\x77\x69\x74\x68\x6f\x75\x74\x20\x74\x6f\x6b\x65\x6e\x20\x72\x65\x70\x6f\x72\x74\x73" : ""}\x3c\x2f\x70\x3e`).join("") || "\x3c\x70\x3e\x4e\x6f\x20\x72\x65\x63\x6f\x72\x64\x65\x64\x20\x75\x73\x61\x67\x65\x20\x79\x65\x74\x2e\x3c\x2f\x70\x3e"}${_0x8a94b9_1.pool ? `\x3c\x70\x3e\x53\x68\x61\x72\x65\x64\x20\x70\x6f\x6f\x6c\x3a\x20${Number(_0x8a94b9_1.pool.used) || 0}\x20\x74\x6f\x6b\x65\x6e\x73\x20\x75\x73\x65\x64\x20\x26\x6d\x69\x64\x64\x6f\x74\x3b\x20\x72\x65\x73\x65\x74\x73\x20${_0x8a94b9_0(_0x8a94b9_b(_0x8a94b9_1.pool.resetAt))}\x3c\x2f\x70\x3e` : ""}${(_0x8a94b9_1.limits || []).map(_0x8a94b9_1 => `\x3c\x70\x3e${_0x8a94b9_0(_0x8a94b9_1.model)}\x3a\x20${_0x8a94b9_1.used}\x20\x2f\x20${_0x8a94b9_1.messages ?? "\x6e\x6f\x20\x65\x78\x74\x72\x61\x20\x63\x61\x70"}\x20\x6d\x65\x73\x73\x61\x67\x65\x73\x20\x26\x6d\x69\x64\x64\x6f\x74\x3b\x20${_0x8a94b9_1.resetAt ? "\x72\x65\x73\x65\x74\x73\x20" + _0x8a94b9_0(_0x8a94b9_b(_0x8a94b9_1.resetAt)) : "\x70\x65\x72\x69\x6f\x64\x20\x73\x74\x61\x72\x74\x73\x20\x6f\x6e\x20\x66\x69\x72\x73\x74\x20\x75\x73\x65"}\x3c\x2f\x70\x3e`).join("")}\x3c\x68\x33\x3e\x52\x65\x63\x65\x6e\x74\x20\x63\x68\x61\x74\x20\x68\x69\x73\x74\x6f\x72\x79\x3c\x2f\x68\x33\x3e\x3c\x70\x3e\x55\x70\x20\x74\x6f\x20\x35\x30\x20\x72\x65\x63\x65\x6e\x74\x20\x74\x65\x78\x74\x20\x65\x78\x63\x68\x61\x6e\x67\x65\x73\x2e\x20\x4f\x6c\x64\x65\x72\x20\x64\x65\x76\x69\x63\x65\x2d\x6f\x6e\x6c\x79\x20\x63\x68\x61\x74\x73\x2c\x20\x74\x65\x6d\x70\x6f\x72\x61\x72\x79\x20\x63\x68\x61\x74\x73\x2c\x20\x69\x6d\x61\x67\x65\x73\x20\x61\x6e\x64\x20\x61\x74\x74\x61\x63\x68\x6d\x65\x6e\x74\x73\x20\x61\x72\x65\x20\x6e\x6f\x74\x20\x61\x76\x61\x69\x6c\x61\x62\x6c\x65\x20\x68\x65\x72\x65\x2e\x20\x4c\x6f\x6e\x67\x20\x6d\x65\x73\x73\x61\x67\x65\x73\x20\x6d\x61\x79\x20\x62\x65\x20\x73\x68\x6f\x72\x74\x65\x6e\x65\x64\x2e\x3c\x2f\x70\x3e${(_0x8a94b9_1.entries || []).map(_0x8a94b9_1 => `\x3c\x64\x65\x74\x61\x69\x6c\x73\x20\x63\x6c\x61\x73\x73\x3d\x22\x6e\x79\x78\x2d\x6f\x77\x6e\x65\x72\x2d\x61\x69\x2d\x65\x78\x63\x68\x61\x6e\x67\x65\x22\x3e\x3c\x73\x75\x6d\x6d\x61\x72\x79\x3e${_0x8a94b9_0(_0x8a94b9_b(_0x8a94b9_1.at))}\x20\x26\x6d\x69\x64\x64\x6f\x74\x3b\x20${_0x8a94b9_0(_0x8a94b9_1.model)}\x3c\x2f\x73\x75\x6d\x6d\x61\x72\x79\x3e\x3c\x68\x34\x3e\x55\x73\x65\x72\x3c\x2f\x68\x34\x3e\x3c\x70\x72\x65\x3e${_0x8a94b9_0(_0x8a94b9_1.prompt)}\x3c\x2f\x70\x72\x65\x3e\x3c\x68\x34\x3e\x41\x73\x73\x69\x73\x74\x61\x6e\x74\x3c\x2f\x68\x34\x3e\x3c\x70\x72\x65\x3e${_0x8a94b9_0(_0x8a94b9_1.answer || "\x28\x4e\x6f\x20\x74\x65\x78\x74\x20\x72\x65\x70\x6c\x79\x29")}\x3c\x2f\x70\x72\x65\x3e${_0x8a94b9_1.truncated ? "\x3c\x70\x3e\x4c\x6f\x6e\x67\x20\x74\x65\x78\x74\x20\x73\x68\x6f\x72\x74\x65\x6e\x65\x64\x2e\x3c\x2f\x70\x3e" : ""}\x3c\x2f\x64\x65\x74\x61\x69\x6c\x73\x3e`).join("") || "\x3c\x70\x3e\x4e\x6f\x20\x73\x61\x76\x65\x64\x20\x65\x78\x63\x68\x61\x6e\x67\x65\x73\x20\x79\x65\x74\x2e\x3c\x2f\x70\x3e"}`;
          } catch (_0x8a94b9_4) {
            _0x8a94b9_3.textContent = _0x8a94b9_4.message;
          } finally {
            _0x8a94b9_1.isConnected && (_0x8a94b9_1.disabled = !1);
          }
        }
      }(_0x8a94b9_17);
      if (_0x8a94b9_1.target.closest("\x5b\x64\x61\x74\x61\x2d\x6f\x77\x6e\x65\x72\x2d\x73\x61\x76\x65\x2d\x61\x69\x2d\x6d\x6f\x64\x65\x6c\x73\x5d")) {
        const _0x8a94b9_0 = [ ..._0x8a94b9_1a.querySelectorAll("\x5b\x64\x61\x74\x61\x2d\x61\x69\x2d\x6d\x6f\x64\x65\x6c\x5d") ].map(_0x8a94b9_0 => ({
          model: _0x8a94b9_0.dataset.aiModel,
          access: _0x8a94b9_0.querySelector("\x5b\x64\x61\x74\x61\x2d\x61\x69\x2d\x72\x75\x6c\x65\x2d\x61\x63\x63\x65\x73\x73\x5d").value,
          messages: "" === _0x8a94b9_0.querySelector("\x5b\x64\x61\x74\x61\x2d\x61\x69\x2d\x72\x75\x6c\x65\x2d\x6d\x65\x73\x73\x61\x67\x65\x73\x5d").value.trim() ? null : Number(_0x8a94b9_0.querySelector("\x5b\x64\x61\x74\x61\x2d\x61\x69\x2d\x72\x75\x6c\x65\x2d\x6d\x65\x73\x73\x61\x67\x65\x73\x5d").value),
          periodDays: Number(_0x8a94b9_0.querySelector("\x5b\x64\x61\x74\x61\x2d\x61\x69\x2d\x72\x75\x6c\x65\x2d\x64\x61\x79\x73\x5d").value)
        })).filter(_0x8a94b9_0 => "\x64\x65\x66\x61\x75\x6c\x74" !== _0x8a94b9_0.access || null !== _0x8a94b9_0.messages);
        return _0x8a94b9_0.some(_0x8a94b9_0 => null !== _0x8a94b9_0.messages && (!Number.isSafeInteger(_0x8a94b9_0.messages) || _0x8a94b9_0.messages < 0 || _0x8a94b9_0.messages > 1e5) || !Number.isInteger(_0x8a94b9_0.periodDays) || _0x8a94b9_0.periodDays < 1 || _0x8a94b9_0.periodDays > 30) ? _0x8a94b9_1f("\x55\x73\x65\x20\x77\x68\x6f\x6c\x65\x20\x6e\x75\x6d\x62\x65\x72\x73\x3a\x20\x30\x2d\x31\x30\x30\x30\x30\x30\x20\x6d\x65\x73\x73\x61\x67\x65\x73\x20\x61\x6e\x64\x20\x31\x2d\x33\x30\x20\x72\x65\x73\x65\x74\x20\x64\x61\x79\x73\x2e", "\x65\x72\x72\x6f\x72") : void _0x8a94b9_42("\x73\x65\x74\x5f\x61\x69\x5f\x6d\x6f\x64\x65\x6c\x73", {
          modelRules: _0x8a94b9_0
        });
      }
      if (_0x8a94b9_1.target.closest("\x5b\x64\x61\x74\x61\x2d\x6f\x77\x6e\x65\x72\x2d\x73\x61\x76\x65\x2d\x61\x69\x2d\x6c\x69\x6d\x69\x74\x5d")) {
        const _0x8a94b9_0 = Object.fromEntries([ "\x6c\x75\x6e\x61", "\x67\x65\x6d\x69\x6e\x69" ].map(_0x8a94b9_0 => [ _0x8a94b9_0, Number(_0x8a94b9_1a.querySelector(`\x5b\x64\x61\x74\x61\x2d\x6f\x77\x6e\x65\x72\x2d\x61\x69\x2d\x6c\x69\x6d\x69\x74\x3d\x22${_0x8a94b9_0}\x22\x5d`).value) ]));
        return Object.values(_0x8a94b9_0).some(_0x8a94b9_0 => !Number.isSafeInteger(_0x8a94b9_0) || _0x8a94b9_0 < 0 || _0x8a94b9_0 > 1e7) ? _0x8a94b9_1f("\x45\x6e\x74\x65\x72\x20\x76\x61\x6c\x69\x64\x20\x74\x6f\x6b\x65\x6e\x20\x6c\x69\x6d\x69\x74\x73\x2e", "\x65\x72\x72\x6f\x72") : void _0x8a94b9_42("\x73\x65\x74\x5f\x61\x69\x5f\x6c\x69\x6d\x69\x74", {
          monthlyModelLimits: _0x8a94b9_0
        });
      }
      const _0x8a94b9_18 = _0x8a94b9_1.target.closest("\x5b\x64\x61\x74\x61\x2d\x6f\x77\x6e\x65\x72\x2d\x75\x73\x65\x72\x2d\x61\x63\x74\x69\x6f\x6e\x5d")?.dataset.ownerUserAction;
      if (_0x8a94b9_18) _0x8a94b9_42(_0x8a94b9_18); else if (_0x8a94b9_1.target.closest("\x5b\x64\x61\x74\x61\x2d\x6f\x77\x6e\x65\x72\x2d\x73\x61\x76\x65\x2d\x61\x63\x63\x65\x73\x73\x5d")) {
        const _0x8a94b9_0 = _0x8a94b9_1a.querySelector("\x5b\x64\x61\x74\x61\x2d\x6f\x77\x6e\x65\x72\x2d\x64\x65\x74\x61\x69\x6c\x2d\x72\x6f\x6c\x65\x5d"), _0x8a94b9_1 = _0x8a94b9_1a.querySelector("\x5b\x64\x61\x74\x61\x2d\x6f\x77\x6e\x65\x72\x2d\x64\x65\x74\x61\x69\x6c\x2d\x73\x75\x62\x73\x63\x72\x69\x70\x74\x69\x6f\x6e\x5d"), _0x8a94b9_2 = _0x8a94b9_1a.querySelector("\x5b\x64\x61\x74\x61\x2d\x6f\x77\x6e\x65\x72\x2d\x64\x65\x74\x61\x69\x6c\x2d\x72\x65\x76\x65\x6e\x75\x65\x5d"), _0x8a94b9_3 = _0x8a94b9_0?.value || (_0x8a94b9_10.selectedUser?.customRole ? `\x63\x75\x73\x74\x6f\x6d\x3a${_0x8a94b9_10.selectedUser.customRole.id}` : _0x8a94b9_10.selectedUser?.role), _0x8a94b9_5 = _0x8a94b9_1?.value || _0x8a94b9_10.selectedUser?.subscriptionStatus, _0x8a94b9_6 = _0x8a94b9_2 ? Math.round(100 * (Number(_0x8a94b9_2.value) || 0)) : _0x8a94b9_10.selectedUser?.monthlyRevenueCents, _0x8a94b9_7 = _0x8a94b9_10.selectedUser?.customRole ? `\x63\x75\x73\x74\x6f\x6d\x3a${_0x8a94b9_10.selectedUser.customRole.id}` : _0x8a94b9_10.selectedUser?.role, _0x8a94b9_8 = Boolean(_0x8a94b9_0 && _0x8a94b9_3 !== _0x8a94b9_7), _0x8a94b9_9 = Boolean(_0x8a94b9_1 && (_0x8a94b9_5 !== _0x8a94b9_10.selectedUser?.subscriptionStatus || _0x8a94b9_6 !== _0x8a94b9_10.selectedUser?.monthlyRevenueCents));
        return void (async () => {
          if (_0x8a94b9_8) {
            const _0x8a94b9_0 = _0x8a94b9_3.startsWith("\x63\x75\x73\x74\x6f\x6d\x3a") ? _0x8a94b9_10.customRoles.find(_0x8a94b9_0 => _0x8a94b9_0.id === _0x8a94b9_3.slice(7)) : null, _0x8a94b9_1 = _0x8a94b9_0?.label || _0x8a94b9_4(_0x8a94b9_3);
            if (!await _0x8a94b9_40({
              title: "\x43\x68\x61\x6e\x67\x65\x20\x61\x63\x63\x6f\x75\x6e\x74\x20\x72\x6f\x6c\x65\x3f",
              message: `${_0x8a94b9_10.selectedUser.email || _0x8a94b9_10.selectedUser.displayName}\x20\x77\x69\x6c\x6c\x20\x62\x65\x63\x6f\x6d\x65\x20${_0x8a94b9_1}\x2e`,
              confirmLabel: "\x43\x68\x61\x6e\x67\x65\x20\x72\x6f\x6c\x65"
            })) return;
            _0x8a94b9_0 ? (await _0x8a94b9_20(`/gh/dubcatalt2-lab/nyx-jsdelivr-links@main/nyx-static/\x61\x70\x69\x2f\x6f\x77\x6e\x65\x72\x2d\x64\x61\x73\x68\x62\x6f\x61\x72\x64\x2f\x63\x75\x73\x74\x6f\x6d\x2d\x72\x6f\x6c\x65\x73\x2f${encodeURIComponent(_0x8a94b9_0.id)}\x2f\x61\x73\x73\x69\x67\x6e`, {
              method: "\x50\x4f\x53\x54",
              body: JSON.stringify({
                uid: _0x8a94b9_10.selectedUser.uid
              })
            }), _0x8a94b9_1f(`${_0x8a94b9_0.label}\x20\x61\x73\x73\x69\x67\x6e\x65\x64\x2e`), await _0x8a94b9_34(_0x8a94b9_10.selectedUser.uid), 
            await _0x8a94b9_30({
              preserveLoading: !0
            })) : await _0x8a94b9_42("\x73\x65\x74\x5f\x72\x6f\x6c\x65", {
              role: _0x8a94b9_3
            });
          }
          _0x8a94b9_9 && await _0x8a94b9_42("\x73\x65\x74\x5f\x73\x75\x62\x73\x63\x72\x69\x70\x74\x69\x6f\x6e", {
            subscriptionStatus: _0x8a94b9_5,
            monthlyRevenueCents: _0x8a94b9_6
          }), _0x8a94b9_8 || _0x8a94b9_9 || _0x8a94b9_1f("\x4e\x6f\x20\x61\x63\x63\x65\x73\x73\x20\x63\x68\x61\x6e\x67\x65\x73\x20\x74\x6f\x20\x73\x61\x76\x65\x2e", "\x65\x72\x72\x6f\x72");
        })();
      }
    }), _0x8a94b9_11.addEventListener("\x63\x68\x61\x6e\x67\x65", function(_0x8a94b9_0) {
      if (_0x8a94b9_0.target.matches("\x2e\x6e\x79\x78\x2d\x6f\x77\x6e\x65\x72\x2d\x6d\x65\x64\x69\x61\x2d\x69\x6e\x70\x75\x74")) {
        const _0x8a94b9_1 = _0x8a94b9_0.target, _0x8a94b9_2 = _0x8a94b9_1.closest("\x5b\x64\x61\x74\x61\x2d\x6f\x77\x6e\x65\x72\x2d\x70\x72\x6f\x66\x69\x6c\x65\x2d\x66\x6f\x72\x6d\x5d"), _0x8a94b9_3 = "\x61\x76\x61\x74\x61\x72\x46\x69\x6c\x65" === _0x8a94b9_1.name ? "\x61\x76\x61\x74\x61\x72" : "\x62\x61\x6e\x6e\x65\x72", _0x8a94b9_4 = _0x8a94b9_1.files?.[0], _0x8a94b9_5 = _0x8a94b9_2?.querySelector(`\x5b\x64\x61\x74\x61\x2d\x6f\x77\x6e\x65\x72\x2d\x6d\x65\x64\x69\x61\x2d\x6e\x61\x6d\x65\x3d\x22${_0x8a94b9_3}\x22\x5d`), _0x8a94b9_6 = _0x8a94b9_2?.querySelector(`\x5b\x64\x61\x74\x61\x2d\x6f\x77\x6e\x65\x72\x2d\x6d\x65\x64\x69\x61\x2d\x70\x72\x65\x76\x69\x65\x77\x3d\x22${_0x8a94b9_3}\x22\x5d`), _0x8a94b9_7 = _0x8a94b9_2?.querySelector("\x5b\x64\x61\x74\x61\x2d\x6f\x77\x6e\x65\x72\x2d\x6d\x65\x64\x69\x61\x2d\x65\x72\x72\x6f\x72\x5d");
        if (_0x8a94b9_1._nyxOwnerDataUrl = "", _0x8a94b9_1._nyxOwnerMediaError = null, !_0x8a94b9_4) return;
        _0x8a94b9_5 && (_0x8a94b9_5.textContent = `\x50\x72\x65\x70\x61\x72\x69\x6e\x67\x20${_0x8a94b9_4.name}\x2e\x2e\x2e`), _0x8a94b9_7 && (_0x8a94b9_7.textContent = "");
        const _0x8a94b9_8 = _0x8a94b9_2?.querySelector(`\x5b\x6e\x61\x6d\x65\x3d\x22\x72\x65\x6d\x6f\x76\x65${_0x8a94b9_3[0].toUpperCase()}${_0x8a94b9_3.slice(1)}\x22\x5d`);
        _0x8a94b9_8 && (_0x8a94b9_8.checked = !1);
        const _0x8a94b9_9 = async function(_0x8a94b9_0, _0x8a94b9_1, _0x8a94b9_2) {
          if (!_0x8a94b9_0 || !/^image\/(?:png|jpe?g|webp|gif)$/i.test(String(_0x8a94b9_0.type || ""))) throw new Error("\x43\x68\x6f\x6f\x73\x65\x20\x61\x20\x50\x4e\x47\x2c\x20\x4a\x50\x47\x2c\x20\x57\x65\x62\x50\x2c\x20\x6f\x72\x20\x47\x49\x46\x20\x69\x6d\x61\x67\x65\x2e");
          if (_0x8a94b9_0.size > 8388608) throw new Error("\x43\x68\x6f\x6f\x73\x65\x20\x61\x6e\x20\x69\x6d\x61\x67\x65\x20\x73\x6d\x61\x6c\x6c\x65\x72\x20\x74\x68\x61\x6e\x20\x38\x20\x4d\x42\x2e");
          if (/^image\/gif$/i.test(String(_0x8a94b9_0.type || ""))) {
            const _0x8a94b9_1 = await _0x8a94b9_0.slice(0, 6).text();
            if (!/^GIF8[79]a$/.test(_0x8a94b9_1)) throw new Error("\x54\x68\x61\x74\x20\x66\x69\x6c\x65\x20\x69\x73\x20\x6e\x6f\x74\x20\x61\x20\x76\x61\x6c\x69\x64\x20\x47\x49\x46\x2e");
            const _0x8a94b9_2 = await function(_0x8a94b9_0) {
              return new Promise((_0x8a94b9_1, _0x8a94b9_2) => {
                const _0x8a94b9_3 = new FileReader;
                _0x8a94b9_3.onload = () => _0x8a94b9_1(String(_0x8a94b9_3.result || "")), _0x8a94b9_3.onerror = () => _0x8a94b9_2(new Error("\x54\x68\x61\x74\x20\x47\x49\x46\x20\x63\x6f\x75\x6c\x64\x20\x6e\x6f\x74\x20\x62\x65\x20\x6f\x70\x65\x6e\x65\x64\x2e")), 
                _0x8a94b9_3.readAsDataURL(_0x8a94b9_0);
              });
            }(_0x8a94b9_0);
            if (!/^data:image\/gif;base64,/i.test(_0x8a94b9_2) || _0x8a94b9_2.length > _0x8a94b9_e) throw new Error("\x43\x68\x6f\x6f\x73\x65\x20\x61\x20\x76\x61\x6c\x69\x64\x20\x47\x49\x46\x20\x73\x6d\x61\x6c\x6c\x65\x72\x20\x74\x68\x61\x6e\x20\x38\x20\x4d\x42\x2e");
            return _0x8a94b9_2;
          }
          const _0x8a94b9_3 = URL.createObjectURL(_0x8a94b9_0);
          try {
            const _0x8a94b9_0 = await new Promise((_0x8a94b9_0, _0x8a94b9_1) => {
              const _0x8a94b9_2 = new Image;
              _0x8a94b9_2.onload = () => _0x8a94b9_0(_0x8a94b9_2), _0x8a94b9_2.onerror = () => _0x8a94b9_1(new Error("\x54\x68\x61\x74\x20\x69\x6d\x61\x67\x65\x20\x63\x6f\x75\x6c\x64\x20\x6e\x6f\x74\x20\x62\x65\x20\x6f\x70\x65\x6e\x65\x64\x2e")), 
              _0x8a94b9_2.src = _0x8a94b9_3;
            });
            let _0x8a94b9_4 = Math.min(1, _0x8a94b9_1 / Math.max(1, _0x8a94b9_0.naturalWidth), _0x8a94b9_2 / Math.max(1, _0x8a94b9_0.naturalHeight));
            for (let _0x8a94b9_1 = 0; _0x8a94b9_1 < 4; _0x8a94b9_1 += 1) {
              const _0x8a94b9_2 = document.createElement("\x63\x61\x6e\x76\x61\x73");
              _0x8a94b9_2.width = Math.max(1, Math.round(_0x8a94b9_0.naturalWidth * _0x8a94b9_4)), 
              _0x8a94b9_2.height = Math.max(1, Math.round(_0x8a94b9_0.naturalHeight * _0x8a94b9_4)), 
              _0x8a94b9_2.getContext("\x32\x64").drawImage(_0x8a94b9_0, 0, 0, _0x8a94b9_2.width, _0x8a94b9_2.height);
              const _0x8a94b9_3 = _0x8a94b9_2.toDataURL("\x69\x6d\x61\x67\x65\x2f\x77\x65\x62\x70", Math.max(.52, .86 - .1 * _0x8a94b9_1));
              if (_0x8a94b9_3.length <= 85e4) return _0x8a94b9_3;
              _0x8a94b9_4 *= .72;
            }
            throw new Error("\x54\x68\x61\x74\x20\x69\x6d\x61\x67\x65\x20\x69\x73\x20\x74\x6f\x6f\x20\x64\x65\x74\x61\x69\x6c\x65\x64\x20\x74\x6f\x20\x73\x61\x76\x65\x2e\x20\x54\x72\x79\x20\x61\x20\x73\x6d\x61\x6c\x6c\x65\x72\x20\x69\x6d\x61\x67\x65\x2e");
          } finally {
            URL.revokeObjectURL(_0x8a94b9_3);
          }
        }(_0x8a94b9_4, "\x61\x76\x61\x74\x61\x72" === _0x8a94b9_3 ? 512 : 1200, "\x61\x76\x61\x74\x61\x72" === _0x8a94b9_3 ? 512 : 480);
        return _0x8a94b9_1._nyxOwnerPreparation = _0x8a94b9_9, void _0x8a94b9_9.then(_0x8a94b9_0 => {
          _0x8a94b9_1._nyxOwnerPreparation === _0x8a94b9_9 && (_0x8a94b9_1._nyxOwnerDataUrl = _0x8a94b9_0, 
          _0x8a94b9_5 && (_0x8a94b9_5.textContent = _0x8a94b9_4.name), _0x8a94b9_6 && (_0x8a94b9_6.innerHTML = `\x3c\x69\x6d\x67\x20\x73\x72\x63\x3d\x22${_0x8a94b9_0}\x22\x20\x61\x6c\x74\x3d\x22\x53\x65\x6c\x65\x63\x74\x65\x64\x20${_0x8a94b9_3}\x22\x3e`));
        }).catch(_0x8a94b9_0 => {
          _0x8a94b9_1._nyxOwnerPreparation === _0x8a94b9_9 && (_0x8a94b9_1._nyxOwnerMediaError = _0x8a94b9_0, 
          _0x8a94b9_1.value = "", _0x8a94b9_5 && (_0x8a94b9_5.textContent = "\x43\x68\x6f\x6f\x73\x65\x20\x61\x20\x64\x69\x66\x66\x65\x72\x65\x6e\x74\x20\x69\x6d\x61\x67\x65"), 
          _0x8a94b9_7 && (_0x8a94b9_7.textContent = _0x8a94b9_0.message || "\x54\x68\x61\x74\x20\x69\x6d\x61\x67\x65\x20\x63\x6f\x75\x6c\x64\x20\x6e\x6f\x74\x20\x62\x65\x20\x75\x73\x65\x64\x2e"));
        }).finally(() => {
          _0x8a94b9_1._nyxOwnerPreparation === _0x8a94b9_9 && (_0x8a94b9_1._nyxOwnerPreparation = null);
        });
      }
      if (_0x8a94b9_0.target.matches("\x5b\x64\x61\x74\x61\x2d\x6f\x77\x6e\x65\x72\x2d\x70\x61\x67\x65\x2d\x73\x69\x7a\x65\x5d")) return _0x8a94b9_10.pageSize = Number(_0x8a94b9_0.target.value) || 25, 
      _0x8a94b9_10.page = 1, void _0x8a94b9_30();
      _0x8a94b9_0.target.closest("\x5b\x64\x61\x74\x61\x2d\x6f\x77\x6e\x65\x72\x2d\x66\x69\x6c\x74\x65\x72\x73\x5d") && ("\x72\x6f\x6c\x65" === _0x8a94b9_0.target.name && (_0x8a94b9_10.role = _0x8a94b9_0.target.value), 
      "\x73\x75\x62\x73\x63\x72\x69\x70\x74\x69\x6f\x6e" === _0x8a94b9_0.target.name && (_0x8a94b9_10.subscription = _0x8a94b9_0.target.value), 
      "\x73\x74\x61\x74\x75\x73" === _0x8a94b9_0.target.name && (_0x8a94b9_10.status = _0x8a94b9_0.target.value), 
      "\x73\x65\x61\x72\x63\x68" !== _0x8a94b9_0.target.name && (_0x8a94b9_10.segment = "", _0x8a94b9_10.page = 1, 
      _0x8a94b9_30()));
    }), _0x8a94b9_11.addEventListener("\x69\x6e\x70\x75\x74", function(_0x8a94b9_0) {
      !function(_0x8a94b9_0) {
        const _0x8a94b9_1 = _0x8a94b9_0.target.closest("\x5b\x6e\x61\x6d\x65\x3d\x22\x63\x6f\x6c\x6f\x72\x22\x5d\x2c\x20\x5b\x64\x61\x74\x61\x2d\x6f\x77\x6e\x65\x72\x2d\x63\x75\x73\x74\x6f\x6d\x2d\x72\x6f\x6c\x65\x2d\x63\x6f\x6c\x6f\x72\x2d\x70\x69\x63\x6b\x65\x72\x5d"), _0x8a94b9_2 = _0x8a94b9_1?.closest("\x2e\x6e\x79\x78\x2d\x6f\x77\x6e\x65\x72\x2d\x63\x75\x73\x74\x6f\x6d\x2d\x72\x6f\x6c\x65\x2d\x63\x6f\x6c\x6f\x72\x2d\x63\x6f\x6e\x74\x72\x6f\x6c");
        if (_0x8a94b9_2) {
          const _0x8a94b9_0 = {
            0: "\x23\x30\x30\x30\x30\x30\x30",
            1: "\x23\x30\x30\x30\x30\x61\x61",
            2: "\x23\x30\x30\x61\x61\x30\x30",
            3: "\x23\x30\x30\x61\x61\x61\x61",
            4: "\x23\x61\x61\x30\x30\x30\x30",
            5: "\x23\x61\x61\x30\x30\x61\x61",
            6: "\x23\x66\x66\x61\x61\x30\x30",
            7: "\x23\x61\x61\x61\x61\x61\x61",
            8: "\x23\x35\x35\x35\x35\x35\x35",
            9: "\x23\x35\x35\x35\x35\x66\x66",
            a: "\x23\x35\x35\x66\x66\x35\x35",
            b: "\x23\x35\x35\x66\x66\x66\x66",
            c: "\x23\x66\x66\x35\x35\x35\x35",
            d: "\x23\x66\x66\x35\x35\x66\x66",
            e: "\x23\x66\x66\x66\x66\x35\x35",
            f: "\x23\x66\x66\x66\x66\x66\x66"
          }, _0x8a94b9_3 = _0x8a94b9_2.querySelector("\x5b\x6e\x61\x6d\x65\x3d\x22\x63\x6f\x6c\x6f\x72\x22\x5d"), _0x8a94b9_4 = _0x8a94b9_2.querySelector("\x5b\x64\x61\x74\x61\x2d\x6f\x77\x6e\x65\x72\x2d\x63\x75\x73\x74\x6f\x6d\x2d\x72\x6f\x6c\x65\x2d\x63\x6f\x6c\x6f\x72\x2d\x70\x69\x63\x6b\x65\x72\x5d");
          _0x8a94b9_1 === _0x8a94b9_4 && _0x8a94b9_3 && (_0x8a94b9_3.value = _0x8a94b9_4.value);
          const _0x8a94b9_5 = String(_0x8a94b9_3?.value || "").trim().toLowerCase(), _0x8a94b9_6 = /^#[0-9a-f]{6}$/.test(_0x8a94b9_5) ? _0x8a94b9_5 : _0x8a94b9_0[_0x8a94b9_5.match(/^&([0-9a-f])$/)?.[1]];
          _0x8a94b9_6 && _0x8a94b9_4 && _0x8a94b9_4.value !== _0x8a94b9_6 && (_0x8a94b9_4.value = _0x8a94b9_6);
        }
      }(_0x8a94b9_0), "\x73\x65\x61\x72\x63\x68" === _0x8a94b9_0.target.name && _0x8a94b9_0.target.closest("\x5b\x64\x61\x74\x61\x2d\x6f\x77\x6e\x65\x72\x2d\x66\x69\x6c\x74\x65\x72\x73\x5d") && (clearTimeout(_0x8a94b9_10.searchTimer), 
      _0x8a94b9_10.searchTimer = setTimeout(() => {
        _0x8a94b9_10.segment = "", _0x8a94b9_10.search = _0x8a94b9_0.target.value.trim(), 
        _0x8a94b9_10.page = 1, _0x8a94b9_30();
      }, 280));
    }), _0x8a94b9_11.addEventListener("\x73\x75\x62\x6d\x69\x74", function(_0x8a94b9_0) {
      const _0x8a94b9_1 = _0x8a94b9_0.target.closest("\x5b\x64\x61\x74\x61\x2d\x6f\x77\x6e\x65\x72\x2d\x73\x74\x75\x64\x79\x72\x65\x61\x64\x79\x2d\x66\x6f\x72\x6d\x5d");
      if (_0x8a94b9_1) {
        if (_0x8a94b9_0.preventDefault(), !_0x8a94b9_1.reportValidity()) return;
        const _0x8a94b9_2 = _0x8a94b9_1.querySelector("\x5b\x74\x79\x70\x65\x3d\x73\x75\x62\x6d\x69\x74\x5d");
        _0x8a94b9_2.disabled = !0;
        const _0x8a94b9_3 = new FormData(_0x8a94b9_1);
        return void _0x8a94b9_20("/gh/dubcatalt2-lab/nyx-jsdelivr-links@main/nyx-static/\x61\x70\x69\x2f\x6f\x77\x6e\x65\x72\x2d\x64\x61\x73\x68\x62\x6f\x61\x72\x64\x2f\x73\x74\x75\x64\x79\x72\x65\x61\x64\x79", {
          method: "\x50\x4f\x53\x54",
          body: JSON.stringify({
            hostname: _0x8a94b9_3.get("\x68\x6f\x73\x74\x6e\x61\x6d\x65"),
            title: _0x8a94b9_3.get("\x74\x69\x74\x6c\x65")
          })
        }).then(_0x8a94b9_0 => {
          _0x8a94b9_35 = _0x8a94b9_0, _0x8a94b9_36(), _0x8a94b9_1f("\x53\x74\x75\x64\x79\x52\x65\x61\x64\x79\x20\x64\x6f\x6d\x61\x69\x6e\x20\x73\x61\x76\x65\x64\x2e");
        }).catch(_0x8a94b9_0 => _0x8a94b9_1f(_0x8a94b9_0.message, "\x65\x72\x72\x6f\x72")).finally(() => {
          _0x8a94b9_2.isConnected && (_0x8a94b9_2.disabled = !1);
        });
      }
      const _0x8a94b9_2 = _0x8a94b9_0.target.closest("\x5b\x64\x61\x74\x61\x2d\x6f\x77\x6e\x65\x72\x2d\x67\x6c\x6f\x62\x61\x6c\x2d\x61\x70\x70\x2d\x66\x6f\x72\x6d\x5d");
      if (_0x8a94b9_2) {
        if (_0x8a94b9_0.preventDefault(), !_0x8a94b9_2.reportValidity()) return;
        const _0x8a94b9_1 = _0x8a94b9_2.querySelector("\x5b\x74\x79\x70\x65\x3d\x22\x73\x75\x62\x6d\x69\x74\x22\x5d");
        return _0x8a94b9_1.disabled = !0, void (async () => {
          try {
            const _0x8a94b9_0 = new FormData(_0x8a94b9_2), _0x8a94b9_1 = await _0x8a94b9_20("/gh/dubcatalt2-lab/nyx-jsdelivr-links@main/nyx-static/\x61\x70\x69\x2f\x6f\x77\x6e\x65\x72\x2d\x64\x61\x73\x68\x62\x6f\x61\x72\x64\x2f\x61\x70\x70\x73", {
              method: "\x50\x4f\x53\x54",
              body: JSON.stringify({
                name: _0x8a94b9_0.get("\x6e\x61\x6d\x65"),
                url: _0x8a94b9_0.get("\x75\x72\x6c")
              })
            });
            _0x8a94b9_10.globalApps = Array.isArray(_0x8a94b9_1.apps) ? _0x8a94b9_1.apps : [ ..._0x8a94b9_10.globalApps, _0x8a94b9_1.app ], 
            _0x8a94b9_39(), _0x8a94b9_38(), _0x8a94b9_1f("\x41\x70\x70\x20\x61\x64\x64\x65\x64\x20\x66\x6f\x72\x20\x65\x76\x65\x72\x79\x6f\x6e\x65\x2e");
          } catch (_0x8a94b9_0) {
            _0x8a94b9_1f(_0x8a94b9_0.message || "\x54\x68\x65\x20\x61\x70\x70\x20\x63\x6f\x75\x6c\x64\x20\x6e\x6f\x74\x20\x62\x65\x20\x61\x64\x64\x65\x64\x2e", "\x65\x72\x72\x6f\x72");
          }
        })().finally(() => {
          _0x8a94b9_1.isConnected && (_0x8a94b9_1.disabled = !1);
        });
      }
      const _0x8a94b9_3 = _0x8a94b9_0.target.closest("\x5b\x64\x61\x74\x61\x2d\x6f\x77\x6e\x65\x72\x2d\x63\x75\x73\x74\x6f\x6d\x2d\x72\x6f\x6c\x65\x2d\x63\x72\x65\x61\x74\x65\x5d\x2c\x20\x5b\x64\x61\x74\x61\x2d\x6f\x77\x6e\x65\x72\x2d\x63\x75\x73\x74\x6f\x6d\x2d\x72\x6f\x6c\x65\x2d\x75\x70\x64\x61\x74\x65\x5d");
      if (_0x8a94b9_3) {
        if (_0x8a94b9_0.preventDefault(), !_0x8a94b9_3.reportValidity()) return;
        const _0x8a94b9_1 = new FormData(_0x8a94b9_3), _0x8a94b9_2 = _0x8a94b9_3.dataset.ownerCustomRoleUpdate || "", _0x8a94b9_4 = {
          label: _0x8a94b9_1.get("\x6c\x61\x62\x65\x6c"),
          color: _0x8a94b9_1.get("\x63\x6f\x6c\x6f\x72"),
          baseRole: _0x8a94b9_1.get("\x62\x61\x73\x65\x52\x6f\x6c\x65"),
          permissions: _0x8a94b9_1.getAll("\x70\x65\x72\x6d\x69\x73\x73\x69\x6f\x6e\x73")
        };
        _0x8a94b9_2 || (_0x8a94b9_4.id = _0x8a94b9_1.get("\x69\x64"));
        const _0x8a94b9_5 = _0x8a94b9_3.querySelector("\x5b\x74\x79\x70\x65\x3d\x22\x73\x75\x62\x6d\x69\x74\x22\x5d");
        return _0x8a94b9_5.disabled = !0, void (async () => {
          try {
            const _0x8a94b9_0 = await _0x8a94b9_20(_0x8a94b9_2 ? `/gh/dubcatalt2-lab/nyx-jsdelivr-links@main/nyx-static/\x61\x70\x69\x2f\x6f\x77\x6e\x65\x72\x2d\x64\x61\x73\x68\x62\x6f\x61\x72\x64\x2f\x63\x75\x73\x74\x6f\x6d\x2d\x72\x6f\x6c\x65\x73\x2f${encodeURIComponent(_0x8a94b9_2)}` : "/gh/dubcatalt2-lab/nyx-jsdelivr-links@main/nyx-static/\x61\x70\x69\x2f\x6f\x77\x6e\x65\x72\x2d\x64\x61\x73\x68\x62\x6f\x61\x72\x64\x2f\x63\x75\x73\x74\x6f\x6d\x2d\x72\x6f\x6c\x65\x73", {
              method: _0x8a94b9_2 ? "\x50\x41\x54\x43\x48" : "\x50\x4f\x53\x54",
              body: JSON.stringify(_0x8a94b9_4)
            });
            _0x8a94b9_10.customRoles = _0x8a94b9_2 ? _0x8a94b9_10.customRoles.map(_0x8a94b9_1 => _0x8a94b9_1.id === _0x8a94b9_2 ? _0x8a94b9_0.role : _0x8a94b9_1) : [ ..._0x8a94b9_10.customRoles, _0x8a94b9_0.role ], 
            _0x8a94b9_10.customRoles.sort((_0x8a94b9_0, _0x8a94b9_1) => Number(_0x8a94b9_1.rank || 0) - Number(_0x8a94b9_0.rank || 0) || _0x8a94b9_0.label.localeCompare(_0x8a94b9_1.label)), 
            _0x8a94b9_10.customRoleEditorId = "", _0x8a94b9_3d(), _0x8a94b9_1f(_0x8a94b9_2 ? "\x43\x75\x73\x74\x6f\x6d\x20\x72\x6f\x6c\x65\x20\x75\x70\x64\x61\x74\x65\x64\x2e" : "\x43\x75\x73\x74\x6f\x6d\x20\x72\x6f\x6c\x65\x20\x63\x72\x65\x61\x74\x65\x64\x2e"), 
            await _0x8a94b9_30({
              preserveLoading: !0
            });
          } catch (_0x8a94b9_0) {
            _0x8a94b9_1f(_0x8a94b9_0.message || "\x54\x68\x65\x20\x63\x75\x73\x74\x6f\x6d\x20\x72\x6f\x6c\x65\x20\x63\x6f\x75\x6c\x64\x20\x6e\x6f\x74\x20\x62\x65\x20\x73\x61\x76\x65\x64\x2e", "\x65\x72\x72\x6f\x72");
          }
        })().finally(() => {
          _0x8a94b9_5.isConnected && (_0x8a94b9_5.disabled = !1);
        });
      }
      const _0x8a94b9_4 = _0x8a94b9_0.target.closest("\x5b\x64\x61\x74\x61\x2d\x6f\x77\x6e\x65\x72\x2d\x69\x70\x2d\x62\x61\x6e\x2d\x66\x6f\x72\x6d\x5d");
      if (_0x8a94b9_4) {
        if (_0x8a94b9_0.preventDefault(), !_0x8a94b9_4.reportValidity()) return;
        const _0x8a94b9_1 = _0x8a94b9_4.querySelector("\x5b\x74\x79\x70\x65\x3d\x22\x73\x75\x62\x6d\x69\x74\x22\x5d");
        return _0x8a94b9_1.disabled = !0, void (async () => {
          try {
            const _0x8a94b9_0 = new FormData(_0x8a94b9_4), _0x8a94b9_1 = await _0x8a94b9_20("/gh/dubcatalt2-lab/nyx-jsdelivr-links@main/nyx-static/\x61\x70\x69\x2f\x6f\x77\x6e\x65\x72\x2d\x64\x61\x73\x68\x62\x6f\x61\x72\x64\x2f\x69\x70\x2d\x62\x61\x6e\x73", {
              method: "\x50\x4f\x53\x54",
              body: JSON.stringify({
                ip: _0x8a94b9_0.get("\x69\x70"),
                reason: _0x8a94b9_0.get("\x72\x65\x61\x73\x6f\x6e")
              })
            });
            _0x8a94b9_10.ipBans = [ _0x8a94b9_1.ban, ..._0x8a94b9_10.ipBans.filter(_0x8a94b9_0 => _0x8a94b9_0.id !== _0x8a94b9_1.ban.id) ], 
            _0x8a94b9_2f(), _0x8a94b9_1f("\x49\x50\x20\x61\x64\x64\x72\x65\x73\x73\x20\x62\x6c\x6f\x63\x6b\x65\x64\x2e"), await _0x8a94b9_30({
              preserveLoading: !0
            });
          } catch (_0x8a94b9_0) {
            _0x8a94b9_1f(_0x8a94b9_0.message || "\x54\x68\x65\x20\x49\x50\x20\x61\x64\x64\x72\x65\x73\x73\x20\x63\x6f\x75\x6c\x64\x20\x6e\x6f\x74\x20\x62\x65\x20\x62\x6c\x6f\x63\x6b\x65\x64\x2e", "\x65\x72\x72\x6f\x72");
          }
        })().finally(() => {
          _0x8a94b9_1.isConnected && (_0x8a94b9_1.disabled = !1);
        });
      }
      const _0x8a94b9_5 = _0x8a94b9_0.target.closest("\x5b\x64\x61\x74\x61\x2d\x6f\x77\x6e\x65\x72\x2d\x70\x72\x6f\x66\x69\x6c\x65\x2d\x66\x6f\x72\x6d\x5d");
      if (!_0x8a94b9_5) return;
      if (_0x8a94b9_0.preventDefault(), !_0x8a94b9_5.reportValidity()) return;
      const _0x8a94b9_6 = _0x8a94b9_5.querySelector("\x5b\x74\x79\x70\x65\x3d\x22\x73\x75\x62\x6d\x69\x74\x22\x5d");
      _0x8a94b9_6.disabled = !0;
      const _0x8a94b9_7 = _0x8a94b9_6.textContent;
      (async () => {
        try {
          const _0x8a94b9_0 = [ ..._0x8a94b9_5.querySelectorAll("\x2e\x6e\x79\x78\x2d\x6f\x77\x6e\x65\x72\x2d\x6d\x65\x64\x69\x61\x2d\x69\x6e\x70\x75\x74") ], _0x8a94b9_1 = _0x8a94b9_0.map(_0x8a94b9_0 => _0x8a94b9_0._nyxOwnerPreparation).filter(Boolean);
          _0x8a94b9_1.length && (_0x8a94b9_6.textContent = "\x50\x72\x65\x70\x61\x72\x69\x6e\x67\x20\x6d\x65\x64\x69\x61\u2026", await Promise.all(_0x8a94b9_1));
          const _0x8a94b9_2 = _0x8a94b9_0.find(_0x8a94b9_0 => _0x8a94b9_0._nyxOwnerMediaError)?._nyxOwnerMediaError;
          if (_0x8a94b9_2) throw _0x8a94b9_2;
          const _0x8a94b9_3 = new FormData(_0x8a94b9_5), _0x8a94b9_4 = {
            displayName: _0x8a94b9_3.get("\x64\x69\x73\x70\x6c\x61\x79\x4e\x61\x6d\x65"),
            handle: _0x8a94b9_3.get("\x68\x61\x6e\x64\x6c\x65"),
            bio: _0x8a94b9_3.get("\x62\x69\x6f"),
            customStatus: _0x8a94b9_3.get("\x63\x75\x73\x74\x6f\x6d\x53\x74\x61\x74\x75\x73"),
            status: _0x8a94b9_3.get("\x73\x74\x61\x74\x75\x73"),
            accentPrimary: _0x8a94b9_3.get("\x61\x63\x63\x65\x6e\x74\x50\x72\x69\x6d\x61\x72\x79"),
            accentSecondary: _0x8a94b9_3.get("\x61\x63\x63\x65\x6e\x74\x53\x65\x63\x6f\x6e\x64\x61\x72\x79"),
            bannerColor: _0x8a94b9_3.get("\x62\x61\x6e\x6e\x65\x72\x43\x6f\x6c\x6f\x72"),
            displayNameFont: _0x8a94b9_3.get("\x64\x69\x73\x70\x6c\x61\x79\x4e\x61\x6d\x65\x46\x6f\x6e\x74"),
            displayNameEffect: _0x8a94b9_3.get("\x64\x69\x73\x70\x6c\x61\x79\x4e\x61\x6d\x65\x45\x66\x66\x65\x63\x74"),
            profileEffect: _0x8a94b9_3.get("\x70\x72\x6f\x66\x69\x6c\x65\x45\x66\x66\x65\x63\x74"),
            avatarDecoration: _0x8a94b9_3.get("\x61\x76\x61\x74\x61\x72\x44\x65\x63\x6f\x72\x61\x74\x69\x6f\x6e")
          }, _0x8a94b9_7 = {
            avatar: "\x6f\x6e" === _0x8a94b9_3.get("\x72\x65\x6d\x6f\x76\x65\x41\x76\x61\x74\x61\x72"),
            banner: "\x6f\x6e" === _0x8a94b9_3.get("\x72\x65\x6d\x6f\x76\x65\x42\x61\x6e\x6e\x65\x72")
          };
          for (const _0x8a94b9_8 of [ "\x61\x76\x61\x74\x61\x72", "\x62\x61\x6e\x6e\x65\x72" ]) {
            const _0x8a94b9_0 = _0x8a94b9_5.querySelector(`\x5b\x6e\x61\x6d\x65\x3d\x22${_0x8a94b9_8}\x46\x69\x6c\x65\x22\x5d`), _0x8a94b9_1 = String(_0x8a94b9_3.get(`${_0x8a94b9_8}\x55\x72\x6c`) || "").trim();
            if (_0x8a94b9_0?.files?.[0]) {
              if (!_0x8a94b9_0._nyxOwnerDataUrl) throw new Error(`\x54\x68\x65\x20\x73\x65\x6c\x65\x63\x74\x65\x64\x20${_0x8a94b9_8}\x20\x69\x73\x20\x6e\x6f\x74\x20\x72\x65\x61\x64\x79\x2e\x20\x43\x68\x6f\x6f\x73\x65\x20\x69\x74\x20\x61\x67\x61\x69\x6e\x2e`);
              _0x8a94b9_7[_0x8a94b9_8] = !1, _0x8a94b9_6.textContent = `\x55\x70\x6c\x6f\x61\x64\x69\x6e\x67\x20${_0x8a94b9_8}\u2026`, 
              _0x8a94b9_4[`${_0x8a94b9_8}\x55\x72\x6c`] = await _0x8a94b9_2c(_0x8a94b9_10.selectedUser.uid, _0x8a94b9_8, _0x8a94b9_0._nyxOwnerDataUrl, _0x8a94b9_0 => {
                _0x8a94b9_6.textContent = `\x55\x70\x6c\x6f\x61\x64\x69\x6e\x67\x20${_0x8a94b9_8}\x20${_0x8a94b9_0}\x25`;
              });
            } else _0x8a94b9_1 && (_0x8a94b9_4[`${_0x8a94b9_8}\x55\x72\x6c`] = _0x8a94b9_1);
          }
          _0x8a94b9_6.textContent = "\x53\x61\x76\x69\x6e\x67\u2026", await _0x8a94b9_42("\x73\x65\x74\x5f\x70\x72\x6f\x66\x69\x6c\x65", {
            profile: _0x8a94b9_4,
            removeAvatar: _0x8a94b9_7.avatar,
            removeBanner: _0x8a94b9_7.banner
          });
        } catch (_0x8a94b9_0) {
          const _0x8a94b9_1 = _0x8a94b9_5.querySelector("\x5b\x64\x61\x74\x61\x2d\x6f\x77\x6e\x65\x72\x2d\x6d\x65\x64\x69\x61\x2d\x65\x72\x72\x6f\x72\x5d");
          _0x8a94b9_1 && (_0x8a94b9_1.textContent = _0x8a94b9_0.message || "\x50\x72\x6f\x66\x69\x6c\x65\x20\x6d\x65\x64\x69\x61\x20\x63\x6f\x75\x6c\x64\x20\x6e\x6f\x74\x20\x62\x65\x20\x73\x61\x76\x65\x64\x2e"), 
          _0x8a94b9_1f(_0x8a94b9_0.message || "\x50\x72\x6f\x66\x69\x6c\x65\x20\x6d\x65\x64\x69\x61\x20\x63\x6f\x75\x6c\x64\x20\x6e\x6f\x74\x20\x62\x65\x20\x73\x61\x76\x65\x64\x2e", "\x65\x72\x72\x6f\x72");
        }
      })().finally(() => {
        _0x8a94b9_6.isConnected && (_0x8a94b9_6.disabled = !1, _0x8a94b9_6.textContent = _0x8a94b9_7);
      });
    }), window.addEventListener("\x6e\x79\x78\x3a\x70\x72\x65\x73\x65\x6e\x63\x65", _0x8a94b9_45), document.addEventListener("\x6b\x65\x79\x64\x6f\x77\x6e", _0x8a94b9_43), 
    _0x8a94b9_2d(), _0x8a94b9_30(), {
      overlay: _0x8a94b9_11,
      destroy: _0x8a94b9_44,
      refresh: _0x8a94b9_30
    };
  }
  globalThis.NyxOwnerDashboard = Object.freeze({
    open: _0x8a94b9_0 => (_0x8a94b9_15(), _0x8a94b9_14 = _0x8a94b9_17(_0x8a94b9_0), 
    _0x8a94b9_14),
    close: _0x8a94b9_15
  });
})();
