(() => {
  "use strict";
  const _0x9bc55b_0 = "\x6e\x79\x78\x2e\x63\x6f\x64\x65\x53\x74\x75\x64\x69\x6f\x2e\x76\x31", _0x9bc55b_1 = 24e3, _0x9bc55b_2 = {
    html: {
      file: "\x69\x6e\x64\x65\x78\x2e\x68\x74\x6d\x6c",
      help: "\x42\x75\x69\x6c\x64\x20\x61\x20\x73\x6d\x61\x6c\x6c\x20\x70\x61\x67\x65\x20\x61\x6e\x64\x20\x73\x65\x65\x20\x69\x74\x20\x73\x61\x66\x65\x6c\x79\x20\x69\x6e\x20\x74\x68\x65\x20\x70\x72\x65\x76\x69\x65\x77\x2e",
      starter: "\x3c\x21\x64\x6f\x63\x74\x79\x70\x65\x20\x68\x74\x6d\x6c\x3e\x0a\x3c\x68\x74\x6d\x6c\x3e\x0a\x20\x20\x3c\x68\x65\x61\x64\x3e\x0a\x20\x20\x20\x20\x3c\x73\x74\x79\x6c\x65\x3e\x0a\x20\x20\x20\x20\x20\x20\x62\x6f\x64\x79\x20\x7b\x20\x66\x6f\x6e\x74\x2d\x66\x61\x6d\x69\x6c\x79\x3a\x20\x73\x79\x73\x74\x65\x6d\x2d\x75\x69\x3b\x20\x70\x61\x64\x64\x69\x6e\x67\x3a\x20\x32\x72\x65\x6d\x3b\x20\x63\x6f\x6c\x6f\x72\x3a\x20\x23\x31\x37\x32\x30\x33\x33\x3b\x20\x7d\x0a\x20\x20\x20\x20\x20\x20\x62\x75\x74\x74\x6f\x6e\x20\x7b\x20\x70\x61\x64\x64\x69\x6e\x67\x3a\x20\x2e\x37\x72\x65\x6d\x20\x31\x72\x65\x6d\x3b\x20\x62\x6f\x72\x64\x65\x72\x3a\x20\x30\x3b\x20\x62\x6f\x72\x64\x65\x72\x2d\x72\x61\x64\x69\x75\x73\x3a\x20\x2e\x36\x72\x65\x6d\x3b\x20\x62\x61\x63\x6b\x67\x72\x6f\x75\x6e\x64\x3a\x20\x23\x34\x66\x36\x65\x65\x38\x3b\x20\x63\x6f\x6c\x6f\x72\x3a\x20\x77\x68\x69\x74\x65\x3b\x20\x7d\x0a\x20\x20\x20\x20\x3c\x2f\x73\x74\x79\x6c\x65\x3e\x0a\x20\x20\x3c\x2f\x68\x65\x61\x64\x3e\x0a\x20\x20\x3c\x62\x6f\x64\x79\x3e\x0a\x20\x20\x20\x20\x3c\x68\x31\x3e\x48\x65\x6c\x6c\x6f\x2c\x20\x4e\x79\x78\x3c\x2f\x68\x31\x3e\x0a\x20\x20\x20\x20\x3c\x70\x3e\x4d\x61\x6b\x65\x20\x74\x68\x69\x73\x20\x70\x61\x67\x65\x20\x79\x6f\x75\x72\x20\x6f\x77\x6e\x2e\x3c\x2f\x70\x3e\x0a\x20\x20\x20\x20\x3c\x62\x75\x74\x74\x6f\x6e\x20\x6f\x6e\x63\x6c\x69\x63\x6b\x3d\x22\x74\x68\x69\x73\x2e\x74\x65\x78\x74\x43\x6f\x6e\x74\x65\x6e\x74\x20\x3d\x20\x27\x4e\x69\x63\x65\x20\x77\x6f\x72\x6b\x21\x27\x22\x3e\x54\x72\x79\x20\x69\x74\x3c\x2f\x62\x75\x74\x74\x6f\x6e\x3e\x0a\x20\x20\x3c\x2f\x62\x6f\x64\x79\x3e\x0a\x3c\x2f\x68\x74\x6d\x6c\x3e",
      run: !0
    },
    css: {
      file: "\x73\x74\x79\x6c\x65\x73\x2e\x63\x73\x73",
      help: "\x57\x72\x69\x74\x65\x20\x73\x74\x79\x6c\x65\x73\x20\x61\x6e\x64\x20\x70\x72\x65\x76\x69\x65\x77\x20\x74\x68\x65\x6d\x20\x6f\x6e\x20\x61\x20\x73\x6d\x61\x6c\x6c\x20\x73\x61\x6d\x70\x6c\x65\x20\x63\x61\x72\x64\x2e",
      starter: "\x62\x6f\x64\x79\x20\x7b\x0a\x20\x20\x6d\x61\x72\x67\x69\x6e\x3a\x20\x30\x3b\x0a\x20\x20\x6d\x69\x6e\x2d\x68\x65\x69\x67\x68\x74\x3a\x20\x31\x30\x30\x76\x68\x3b\x0a\x20\x20\x64\x69\x73\x70\x6c\x61\x79\x3a\x20\x67\x72\x69\x64\x3b\x0a\x20\x20\x70\x6c\x61\x63\x65\x2d\x69\x74\x65\x6d\x73\x3a\x20\x63\x65\x6e\x74\x65\x72\x3b\x0a\x20\x20\x62\x61\x63\x6b\x67\x72\x6f\x75\x6e\x64\x3a\x20\x23\x65\x38\x65\x65\x66\x63\x3b\x0a\x20\x20\x66\x6f\x6e\x74\x2d\x66\x61\x6d\x69\x6c\x79\x3a\x20\x73\x79\x73\x74\x65\x6d\x2d\x75\x69\x3b\x0a\x7d\x0a\x0a\x2e\x63\x61\x72\x64\x20\x7b\x0a\x20\x20\x6d\x61\x78\x2d\x77\x69\x64\x74\x68\x3a\x20\x32\x30\x72\x65\x6d\x3b\x0a\x20\x20\x70\x61\x64\x64\x69\x6e\x67\x3a\x20\x32\x72\x65\x6d\x3b\x0a\x20\x20\x62\x6f\x72\x64\x65\x72\x2d\x72\x61\x64\x69\x75\x73\x3a\x20\x31\x2e\x32\x35\x72\x65\x6d\x3b\x0a\x20\x20\x62\x61\x63\x6b\x67\x72\x6f\x75\x6e\x64\x3a\x20\x77\x68\x69\x74\x65\x3b\x0a\x20\x20\x62\x6f\x78\x2d\x73\x68\x61\x64\x6f\x77\x3a\x20\x30\x20\x31\x38\x70\x78\x20\x34\x35\x70\x78\x20\x72\x67\x62\x61\x28\x34\x36\x2c\x20\x36\x37\x2c\x20\x31\x32\x32\x2c\x20\x2e\x31\x38\x29\x3b\x0a\x7d",
      run: !0
    },
    javascript: {
      file: "\x61\x70\x70\x2e\x6a\x73",
      help: "\x52\x75\x6e\x20\x4a\x61\x76\x61\x53\x63\x72\x69\x70\x74\x20\x69\x6e\x20\x61\x6e\x20\x69\x73\x6f\x6c\x61\x74\x65\x64\x20\x77\x6f\x72\x6b\x73\x70\x61\x63\x65\x20\x70\x72\x65\x76\x69\x65\x77\x2e",
      starter: "\x63\x6f\x6e\x73\x74\x20\x6d\x65\x73\x73\x61\x67\x65\x20\x3d\x20\x64\x6f\x63\x75\x6d\x65\x6e\x74\x2e\x71\x75\x65\x72\x79\x53\x65\x6c\x65\x63\x74\x6f\x72\x28\x22\x23\x6d\x65\x73\x73\x61\x67\x65\x22\x29\x3b\x0a\x63\x6f\x6e\x73\x74\x20\x62\x75\x74\x74\x6f\x6e\x20\x3d\x20\x64\x6f\x63\x75\x6d\x65\x6e\x74\x2e\x71\x75\x65\x72\x79\x53\x65\x6c\x65\x63\x74\x6f\x72\x28\x22\x62\x75\x74\x74\x6f\x6e\x22\x29\x3b\x0a\x0a\x62\x75\x74\x74\x6f\x6e\x2e\x61\x64\x64\x45\x76\x65\x6e\x74\x4c\x69\x73\x74\x65\x6e\x65\x72\x28\x22\x63\x6c\x69\x63\x6b\x22\x2c\x20\x28\x29\x20\x3d\x3e\x20\x7b\x0a\x20\x20\x6d\x65\x73\x73\x61\x67\x65\x2e\x74\x65\x78\x74\x43\x6f\x6e\x74\x65\x6e\x74\x20\x3d\x20\x22\x59\x6f\x75\x20\x63\x68\x61\x6e\x67\x65\x64\x20\x74\x68\x65\x20\x70\x61\x67\x65\x20\x77\x69\x74\x68\x20\x4a\x61\x76\x61\x53\x63\x72\x69\x70\x74\x2e\x22\x3b\x0a\x7d\x29\x3b",
      run: !0
    },
    typescript: {
      file: "\x61\x70\x70\x2e\x74\x73",
      help: "\x43\x6f\x6d\x70\x69\x6c\x65\x20\x61\x6e\x64\x20\x72\x75\x6e\x20\x54\x79\x70\x65\x53\x63\x72\x69\x70\x74\x20\x69\x6e\x20\x61\x6e\x20\x69\x73\x6f\x6c\x61\x74\x65\x64\x20\x65\x6e\x76\x69\x72\x6f\x6e\x6d\x65\x6e\x74\x2e\x20\x44\x6f\x20\x6e\x6f\x74\x20\x69\x6e\x63\x6c\x75\x64\x65\x20\x73\x65\x63\x72\x65\x74\x73\x2e",
      starter: "\x74\x79\x70\x65\x20\x53\x74\x75\x64\x65\x6e\x74\x20\x3d\x20\x7b\x0a\x20\x20\x6e\x61\x6d\x65\x3a\x20\x73\x74\x72\x69\x6e\x67\x3b\x0a\x20\x20\x70\x72\x6f\x6a\x65\x63\x74\x73\x3a\x20\x6e\x75\x6d\x62\x65\x72\x3b\x0a\x7d\x3b\x0a\x0a\x63\x6f\x6e\x73\x74\x20\x73\x74\x75\x64\x65\x6e\x74\x3a\x20\x53\x74\x75\x64\x65\x6e\x74\x20\x3d\x20\x7b\x20\x6e\x61\x6d\x65\x3a\x20\x22\x4e\x79\x78\x20\x6c\x65\x61\x72\x6e\x65\x72\x22\x2c\x20\x70\x72\x6f\x6a\x65\x63\x74\x73\x3a\x20\x31\x20\x7d\x3b\x0a\x63\x6f\x6e\x73\x6f\x6c\x65\x2e\x6c\x6f\x67\x28\x60\x24\x7b\x73\x74\x75\x64\x65\x6e\x74\x2e\x6e\x61\x6d\x65\x7d\x20\x68\x61\x73\x20\x24\x7b\x73\x74\x75\x64\x65\x6e\x74\x2e\x70\x72\x6f\x6a\x65\x63\x74\x73\x7d\x20\x70\x72\x6f\x6a\x65\x63\x74\x2e\x60\x29\x3b",
      runner: !0
    },
    python: {
      file: "\x6d\x61\x69\x6e\x2e\x70\x79",
      help: "\x52\x75\x6e\x20\x50\x79\x74\x68\x6f\x6e\x20\x69\x6e\x20\x61\x6e\x20\x69\x73\x6f\x6c\x61\x74\x65\x64\x20\x65\x6e\x76\x69\x72\x6f\x6e\x6d\x65\x6e\x74\x2e\x20\x44\x6f\x20\x6e\x6f\x74\x20\x69\x6e\x63\x6c\x75\x64\x65\x20\x73\x65\x63\x72\x65\x74\x73\x2e",
      starter: "\x64\x65\x66\x20\x67\x72\x65\x65\x74\x28\x6e\x61\x6d\x65\x3a\x20\x73\x74\x72\x29\x20\x2d\x3e\x20\x73\x74\x72\x3a\x0a\x20\x20\x20\x20\x72\x65\x74\x75\x72\x6e\x20\x66\x22\x48\x65\x6c\x6c\x6f\x2c\x20\x7b\x6e\x61\x6d\x65\x7d\x21\x22\x0a\x0a\x70\x72\x69\x6e\x74\x28\x67\x72\x65\x65\x74\x28\x22\x4e\x79\x78\x20\x6c\x65\x61\x72\x6e\x65\x72\x22\x29\x29",
      runner: !0
    },
    java: {
      file: "\x4d\x61\x69\x6e\x2e\x6a\x61\x76\x61",
      help: "\x43\x6f\x6d\x70\x69\x6c\x65\x20\x61\x6e\x64\x20\x72\x75\x6e\x20\x4a\x61\x76\x61\x20\x69\x6e\x20\x61\x6e\x20\x69\x73\x6f\x6c\x61\x74\x65\x64\x20\x65\x6e\x76\x69\x72\x6f\x6e\x6d\x65\x6e\x74\x2e\x20\x44\x6f\x20\x6e\x6f\x74\x20\x69\x6e\x63\x6c\x75\x64\x65\x20\x73\x65\x63\x72\x65\x74\x73\x2e",
      starter: "\x70\x75\x62\x6c\x69\x63\x20\x63\x6c\x61\x73\x73\x20\x4d\x61\x69\x6e\x20\x7b\x0a\x20\x20\x70\x75\x62\x6c\x69\x63\x20\x73\x74\x61\x74\x69\x63\x20\x76\x6f\x69\x64\x20\x6d\x61\x69\x6e\x28\x53\x74\x72\x69\x6e\x67\x5b\x5d\x20\x61\x72\x67\x73\x29\x20\x7b\x0a\x20\x20\x20\x20\x53\x79\x73\x74\x65\x6d\x2e\x6f\x75\x74\x2e\x70\x72\x69\x6e\x74\x6c\x6e\x28\x22\x48\x65\x6c\x6c\x6f\x2c\x20\x4e\x79\x78\x20\x6c\x65\x61\x72\x6e\x65\x72\x21\x22\x29\x3b\x0a\x20\x20\x7d\x0a\x7d",
      runner: !0
    },
    c: {
      file: "\x6d\x61\x69\x6e\x2e\x63",
      help: "\x43\x6f\x6d\x70\x69\x6c\x65\x20\x61\x6e\x64\x20\x72\x75\x6e\x20\x43\x20\x69\x6e\x20\x61\x6e\x20\x69\x73\x6f\x6c\x61\x74\x65\x64\x20\x65\x6e\x76\x69\x72\x6f\x6e\x6d\x65\x6e\x74\x2e\x20\x44\x6f\x20\x6e\x6f\x74\x20\x69\x6e\x63\x6c\x75\x64\x65\x20\x73\x65\x63\x72\x65\x74\x73\x2e",
      starter: "\x23\x69\x6e\x63\x6c\x75\x64\x65\x20\x3c\x73\x74\x64\x69\x6f\x2e\x68\x3e\x0a\x0a\x69\x6e\x74\x20\x6d\x61\x69\x6e\x28\x76\x6f\x69\x64\x29\x20\x7b\x0a\x20\x20\x70\x75\x74\x73\x28\x22\x48\x65\x6c\x6c\x6f\x2c\x20\x4e\x79\x78\x20\x6c\x65\x61\x72\x6e\x65\x72\x21\x22\x29\x3b\x0a\x20\x20\x72\x65\x74\x75\x72\x6e\x20\x30\x3b\x0a\x7d",
      runner: !0
    },
    cpp: {
      file: "\x6d\x61\x69\x6e\x2e\x63\x70\x70",
      help: "\x43\x6f\x6d\x70\x69\x6c\x65\x20\x61\x6e\x64\x20\x72\x75\x6e\x20\x43\x2b\x2b\x20\x69\x6e\x20\x61\x6e\x20\x69\x73\x6f\x6c\x61\x74\x65\x64\x20\x65\x6e\x76\x69\x72\x6f\x6e\x6d\x65\x6e\x74\x2e\x20\x44\x6f\x20\x6e\x6f\x74\x20\x69\x6e\x63\x6c\x75\x64\x65\x20\x73\x65\x63\x72\x65\x74\x73\x2e",
      starter: "\x23\x69\x6e\x63\x6c\x75\x64\x65\x20\x3c\x69\x6f\x73\x74\x72\x65\x61\x6d\x3e\x0a\x0a\x69\x6e\x74\x20\x6d\x61\x69\x6e\x28\x29\x20\x7b\x0a\x20\x20\x73\x74\x64\x3a\x3a\x63\x6f\x75\x74\x20\x3c\x3c\x20\x22\x48\x65\x6c\x6c\x6f\x2c\x20\x4e\x79\x78\x20\x6c\x65\x61\x72\x6e\x65\x72\x21\x5c\x6e\x22\x3b\x0a\x20\x20\x72\x65\x74\x75\x72\x6e\x20\x30\x3b\x0a\x7d",
      runner: !0
    },
    csharp: {
      file: "\x50\x72\x6f\x67\x72\x61\x6d\x2e\x63\x73",
      help: "\x43\x6f\x6d\x70\x69\x6c\x65\x20\x61\x6e\x64\x20\x72\x75\x6e\x20\x43\x23\x20\x69\x6e\x20\x61\x6e\x20\x69\x73\x6f\x6c\x61\x74\x65\x64\x20\x65\x6e\x76\x69\x72\x6f\x6e\x6d\x65\x6e\x74\x2e\x20\x44\x6f\x20\x6e\x6f\x74\x20\x69\x6e\x63\x6c\x75\x64\x65\x20\x73\x65\x63\x72\x65\x74\x73\x2e",
      starter: "\x75\x73\x69\x6e\x67\x20\x53\x79\x73\x74\x65\x6d\x3b\x0a\x0a\x70\x75\x62\x6c\x69\x63\x20\x63\x6c\x61\x73\x73\x20\x50\x72\x6f\x67\x72\x61\x6d\x20\x7b\x0a\x20\x20\x70\x75\x62\x6c\x69\x63\x20\x73\x74\x61\x74\x69\x63\x20\x76\x6f\x69\x64\x20\x4d\x61\x69\x6e\x28\x29\x20\x7b\x0a\x20\x20\x20\x20\x43\x6f\x6e\x73\x6f\x6c\x65\x2e\x57\x72\x69\x74\x65\x4c\x69\x6e\x65\x28\x22\x48\x65\x6c\x6c\x6f\x2c\x20\x4e\x79\x78\x20\x6c\x65\x61\x72\x6e\x65\x72\x21\x22\x29\x3b\x0a\x20\x20\x7d\x0a\x7d",
      runner: !0
    },
    go: {
      file: "\x6d\x61\x69\x6e\x2e\x67\x6f",
      help: "\x43\x6f\x6d\x70\x69\x6c\x65\x20\x61\x6e\x64\x20\x72\x75\x6e\x20\x47\x6f\x20\x69\x6e\x20\x61\x6e\x20\x69\x73\x6f\x6c\x61\x74\x65\x64\x20\x65\x6e\x76\x69\x72\x6f\x6e\x6d\x65\x6e\x74\x2e\x20\x44\x6f\x20\x6e\x6f\x74\x20\x69\x6e\x63\x6c\x75\x64\x65\x20\x73\x65\x63\x72\x65\x74\x73\x2e",
      starter: "\x70\x61\x63\x6b\x61\x67\x65\x20\x6d\x61\x69\x6e\x0a\x0a\x69\x6d\x70\x6f\x72\x74\x20\x22\x66\x6d\x74\x22\x0a\x0a\x66\x75\x6e\x63\x20\x6d\x61\x69\x6e\x28\x29\x20\x7b\x0a\x20\x20\x66\x6d\x74\x2e\x50\x72\x69\x6e\x74\x6c\x6e\x28\x22\x48\x65\x6c\x6c\x6f\x2c\x20\x4e\x79\x78\x20\x6c\x65\x61\x72\x6e\x65\x72\x21\x22\x29\x0a\x7d",
      runner: !0
    },
    rust: {
      file: "\x6d\x61\x69\x6e\x2e\x72\x73",
      help: "\x43\x6f\x6d\x70\x69\x6c\x65\x20\x61\x6e\x64\x20\x72\x75\x6e\x20\x52\x75\x73\x74\x20\x69\x6e\x20\x61\x6e\x20\x69\x73\x6f\x6c\x61\x74\x65\x64\x20\x65\x6e\x76\x69\x72\x6f\x6e\x6d\x65\x6e\x74\x2e\x20\x44\x6f\x20\x6e\x6f\x74\x20\x69\x6e\x63\x6c\x75\x64\x65\x20\x73\x65\x63\x72\x65\x74\x73\x2e",
      starter: "\x66\x6e\x20\x6d\x61\x69\x6e\x28\x29\x20\x7b\x0a\x20\x20\x20\x20\x70\x72\x69\x6e\x74\x6c\x6e\x21\x28\x22\x48\x65\x6c\x6c\x6f\x2c\x20\x4e\x79\x78\x20\x6c\x65\x61\x72\x6e\x65\x72\x21\x22\x29\x3b\x0a\x7d",
      runner: !0
    },
    php: {
      file: "\x69\x6e\x64\x65\x78\x2e\x70\x68\x70",
      help: "\x52\x75\x6e\x20\x50\x48\x50\x20\x69\x6e\x20\x61\x6e\x20\x69\x73\x6f\x6c\x61\x74\x65\x64\x20\x65\x6e\x76\x69\x72\x6f\x6e\x6d\x65\x6e\x74\x2e\x20\x44\x6f\x20\x6e\x6f\x74\x20\x69\x6e\x63\x6c\x75\x64\x65\x20\x73\x65\x63\x72\x65\x74\x73\x2e",
      starter: "\x3c\x3f\x70\x68\x70\x0a\x24\x6e\x61\x6d\x65\x20\x3d\x20\x22\x4e\x79\x78\x20\x6c\x65\x61\x72\x6e\x65\x72\x22\x3b\x0a\x65\x63\x68\x6f\x20\x22\x48\x65\x6c\x6c\x6f\x2c\x20\x7b\x24\x6e\x61\x6d\x65\x7d\x21\x5c\x6e\x22\x3b",
      runner: !0
    },
    ruby: {
      file: "\x6d\x61\x69\x6e\x2e\x72\x62",
      help: "\x52\x75\x6e\x20\x52\x75\x62\x79\x20\x69\x6e\x20\x61\x6e\x20\x69\x73\x6f\x6c\x61\x74\x65\x64\x20\x65\x6e\x76\x69\x72\x6f\x6e\x6d\x65\x6e\x74\x2e\x20\x44\x6f\x20\x6e\x6f\x74\x20\x69\x6e\x63\x6c\x75\x64\x65\x20\x73\x65\x63\x72\x65\x74\x73\x2e",
      starter: "\x64\x65\x66\x20\x67\x72\x65\x65\x74\x28\x6e\x61\x6d\x65\x29\x0a\x20\x20\x22\x48\x65\x6c\x6c\x6f\x2c\x20\x23\x7b\x6e\x61\x6d\x65\x7d\x21\x22\x0a\x65\x6e\x64\x0a\x0a\x70\x75\x74\x73\x20\x67\x72\x65\x65\x74\x28\x22\x4e\x79\x78\x20\x6c\x65\x61\x72\x6e\x65\x72\x22\x29",
      runner: !0
    },
    sql: {
      file: "\x71\x75\x65\x72\x79\x2e\x73\x71\x6c",
      help: "\x52\x75\x6e\x20\x53\x51\x4c\x69\x74\x65\x20\x73\x74\x61\x74\x65\x6d\x65\x6e\x74\x73\x20\x69\x6e\x20\x61\x6e\x20\x69\x73\x6f\x6c\x61\x74\x65\x64\x20\x74\x65\x6d\x70\x6f\x72\x61\x72\x79\x20\x64\x61\x74\x61\x62\x61\x73\x65\x2e\x20\x44\x6f\x20\x6e\x6f\x74\x20\x69\x6e\x63\x6c\x75\x64\x65\x20\x73\x65\x63\x72\x65\x74\x73\x2e",
      starter: "\x43\x52\x45\x41\x54\x45\x20\x54\x41\x42\x4c\x45\x20\x6c\x65\x61\x72\x6e\x65\x72\x73\x20\x28\x0a\x20\x20\x73\x74\x75\x64\x65\x6e\x74\x5f\x6e\x61\x6d\x65\x20\x54\x45\x58\x54\x2c\x0a\x20\x20\x63\x6f\x6d\x70\x6c\x65\x74\x65\x64\x5f\x70\x72\x6f\x6a\x65\x63\x74\x73\x20\x49\x4e\x54\x45\x47\x45\x52\x0a\x29\x3b\x0a\x0a\x49\x4e\x53\x45\x52\x54\x20\x49\x4e\x54\x4f\x20\x6c\x65\x61\x72\x6e\x65\x72\x73\x20\x56\x41\x4c\x55\x45\x53\x20\x28\x22\x4e\x79\x78\x20\x6c\x65\x61\x72\x6e\x65\x72\x22\x2c\x20\x32\x29\x3b\x0a\x0a\x53\x45\x4c\x45\x43\x54\x20\x73\x74\x75\x64\x65\x6e\x74\x5f\x6e\x61\x6d\x65\x2c\x20\x63\x6f\x6d\x70\x6c\x65\x74\x65\x64\x5f\x70\x72\x6f\x6a\x65\x63\x74\x73\x0a\x46\x52\x4f\x4d\x20\x6c\x65\x61\x72\x6e\x65\x72\x73\x0a\x4f\x52\x44\x45\x52\x20\x42\x59\x20\x63\x6f\x6d\x70\x6c\x65\x74\x65\x64\x5f\x70\x72\x6f\x6a\x65\x63\x74\x73\x20\x44\x45\x53\x43\x3b",
      runner: !0
    },
    json: {
      file: "\x64\x61\x74\x61\x2e\x6a\x73\x6f\x6e",
      help: "\x56\x61\x6c\x69\x64\x61\x74\x65\x20\x4a\x53\x4f\x4e\x20\x61\x6e\x64\x20\x69\x6e\x73\x70\x65\x63\x74\x20\x69\x74\x73\x20\x66\x6f\x72\x6d\x61\x74\x74\x65\x64\x20\x72\x65\x73\x75\x6c\x74\x2e",
      starter: "\x7b\x0a\x20\x20\x22\x70\x72\x6f\x6a\x65\x63\x74\x22\x3a\x20\x22\x4e\x79\x78\x20\x43\x6f\x64\x65\x20\x53\x74\x75\x64\x69\x6f\x22\x2c\x0a\x20\x20\x22\x6c\x61\x6e\x67\x75\x61\x67\x65\x73\x22\x3a\x20\x5b\x22\x4a\x61\x76\x61\x53\x63\x72\x69\x70\x74\x22\x2c\x20\x22\x50\x79\x74\x68\x6f\x6e\x22\x2c\x20\x22\x52\x75\x73\x74\x22\x5d\x2c\x0a\x20\x20\x22\x72\x65\x61\x64\x79\x22\x3a\x20\x74\x72\x75\x65\x0a\x7d",
      run: !0
    },
    markdown: {
      file: "\x52\x45\x41\x44\x4d\x45\x2e\x6d\x64",
      help: "\x57\x72\x69\x74\x65\x20\x4d\x61\x72\x6b\x64\x6f\x77\x6e\x20\x61\x6e\x64\x20\x73\x65\x65\x20\x61\x20\x73\x61\x66\x65\x20\x72\x65\x6e\x64\x65\x72\x65\x64\x20\x70\x72\x65\x76\x69\x65\x77\x2e",
      starter: "\x23\x20\x4d\x79\x20\x70\x72\x6f\x6a\x65\x63\x74\x0a\x0a\x42\x75\x69\x6c\x64\x20\x73\x6f\x6d\x65\x74\x68\x69\x6e\x67\x20\x75\x73\x65\x66\x75\x6c\x2c\x20\x74\x68\x65\x6e\x20\x77\x72\x69\x74\x65\x20\x64\x6f\x77\x6e\x20\x77\x68\x61\x74\x20\x69\x74\x20\x64\x6f\x65\x73\x2e\x0a\x0a\x2d\x20\x43\x6c\x65\x61\x72\x20\x67\x6f\x61\x6c\x0a\x2d\x20\x53\x6d\x61\x6c\x6c\x20\x6e\x65\x78\x74\x20\x73\x74\x65\x70\x0a\x2d\x20\x54\x65\x73\x74\x20\x79\x6f\x75\x72\x20\x77\x6f\x72\x6b",
      run: !0
    }
  }, _0x9bc55b_3 = {
    html: [ "\x4c\x61\x6e\x64\x69\x6e\x67\x20\x70\x61\x67\x65", "\x3c\x6d\x61\x69\x6e\x3e\x3c\x68\x31\x3e\x4d\x79\x20\x70\x72\x6f\x6a\x65\x63\x74\x3c\x2f\x68\x31\x3e\x3c\x70\x3e\x41\x20\x63\x6c\x65\x61\x72\x20\x70\x6c\x61\x63\x65\x20\x74\x6f\x20\x73\x74\x61\x72\x74\x2e\x3c\x2f\x70\x3e\x3c\x2f\x6d\x61\x69\x6e\x3e" ],
    javascript: [ "\x43\x6c\x69\x63\x6b\x20\x63\x6f\x75\x6e\x74\x65\x72", "\x6c\x65\x74\x20\x63\x6f\x75\x6e\x74\x20\x3d\x20\x30\x3b\x0a\x64\x6f\x63\x75\x6d\x65\x6e\x74\x2e\x71\x75\x65\x72\x79\x53\x65\x6c\x65\x63\x74\x6f\x72\x28\x22\x62\x75\x74\x74\x6f\x6e\x22\x29\x2e\x61\x64\x64\x45\x76\x65\x6e\x74\x4c\x69\x73\x74\x65\x6e\x65\x72\x28\x22\x63\x6c\x69\x63\x6b\x22\x2c\x20\x28\x29\x20\x3d\x3e\x20\x7b\x0a\x20\x20\x63\x6f\x75\x6e\x74\x20\x2b\x3d\x20\x31\x3b\x0a\x20\x20\x64\x6f\x63\x75\x6d\x65\x6e\x74\x2e\x71\x75\x65\x72\x79\x53\x65\x6c\x65\x63\x74\x6f\x72\x28\x22\x23\x6d\x65\x73\x73\x61\x67\x65\x22\x29\x2e\x74\x65\x78\x74\x43\x6f\x6e\x74\x65\x6e\x74\x20\x3d\x20\x60\x43\x6c\x69\x63\x6b\x65\x64\x20\x24\x7b\x63\x6f\x75\x6e\x74\x7d\x20\x74\x69\x6d\x65\x73\x60\x3b\x0a\x7d\x29\x3b" ],
    python: [ "\x53\x69\x6d\x70\x6c\x65\x20\x6c\x69\x73\x74", "\x74\x61\x73\x6b\x73\x20\x3d\x20\x5b\x22\x50\x6c\x61\x6e\x22\x2c\x20\x22\x42\x75\x69\x6c\x64\x22\x2c\x20\x22\x54\x65\x73\x74\x22\x5d\x0a\x66\x6f\x72\x20\x74\x61\x73\x6b\x20\x69\x6e\x20\x74\x61\x73\x6b\x73\x3a\x0a\x20\x20\x20\x20\x70\x72\x69\x6e\x74\x28\x66\x22\x2d\x20\x7b\x74\x61\x73\x6b\x7d\x22\x29" ],
    json: [ "\x50\x72\x6f\x6a\x65\x63\x74\x20\x64\x61\x74\x61", "\x7b\x0a\x20\x20\x22\x6e\x61\x6d\x65\x22\x3a\x20\x22\x4d\x79\x20\x70\x72\x6f\x6a\x65\x63\x74\x22\x2c\x0a\x20\x20\x22\x76\x65\x72\x73\x69\x6f\x6e\x22\x3a\x20\x31\x2c\x0a\x20\x20\x22\x63\x6f\x6d\x70\x6c\x65\x74\x65\x22\x3a\x20\x66\x61\x6c\x73\x65\x0a\x7d" ],
    markdown: [ "\x50\x72\x6f\x6a\x65\x63\x74\x20\x6e\x6f\x74\x65\x73", "\x23\x20\x50\x72\x6f\x6a\x65\x63\x74\x20\x6e\x6f\x74\x65\x73\x0a\x0a\x23\x23\x20\x4e\x65\x78\x74\x20\x75\x70\x0a\x0a\x31\x2e\x20\x42\x75\x69\x6c\x64\x20\x61\x20\x73\x6d\x61\x6c\x6c\x20\x76\x65\x72\x73\x69\x6f\x6e\x0a\x32\x2e\x20\x54\x65\x73\x74\x20\x69\x74\x0a\x33\x2e\x20\x49\x6d\x70\x72\x6f\x76\x65\x20\x69\x74" ]
  }, _0x9bc55b_4 = {
    shell: document.querySelector("\x5b\x64\x61\x74\x61\x2d\x63\x6f\x64\x65\x2d\x73\x74\x75\x64\x69\x6f\x5d"),
    workbench: document.querySelector("\x5b\x64\x61\x74\x61\x2d\x77\x6f\x72\x6b\x62\x65\x6e\x63\x68\x5d"),
    language: document.querySelector("\x5b\x64\x61\x74\x61\x2d\x6c\x61\x6e\x67\x75\x61\x67\x65\x5d"),
    help: document.querySelector("\x5b\x64\x61\x74\x61\x2d\x6c\x61\x6e\x67\x75\x61\x67\x65\x2d\x68\x65\x6c\x70\x5d"),
    files: document.querySelectorAll("\x5b\x64\x61\x74\x61\x2d\x66\x69\x6c\x65\x2d\x6e\x61\x6d\x65\x5d"),
    input: document.querySelector("\x5b\x64\x61\x74\x61\x2d\x63\x6f\x64\x65\x2d\x69\x6e\x70\x75\x74\x5d"),
    highlight: document.querySelector("\x5b\x64\x61\x74\x61\x2d\x68\x69\x67\x68\x6c\x69\x67\x68\x74\x5d\x20\x63\x6f\x64\x65"),
    lineNumbers: document.querySelector("\x5b\x64\x61\x74\x61\x2d\x6c\x69\x6e\x65\x2d\x6e\x75\x6d\x62\x65\x72\x73\x5d"),
    cursor: document.querySelector("\x5b\x64\x61\x74\x61\x2d\x63\x75\x72\x73\x6f\x72\x2d\x70\x6f\x73\x69\x74\x69\x6f\x6e\x5d"),
    editorWrap: document.querySelector("\x5b\x64\x61\x74\x61\x2d\x65\x64\x69\x74\x6f\x72\x2d\x77\x72\x61\x70\x5d"),
    editorCard: document.querySelector("\x2e\x65\x64\x69\x74\x6f\x72\x2d\x63\x61\x72\x64"),
    languageBadge: document.querySelector("\x5b\x64\x61\x74\x61\x2d\x6c\x61\x6e\x67\x75\x61\x67\x65\x2d\x62\x61\x64\x67\x65\x5d"),
    languageStatus: document.querySelector("\x5b\x64\x61\x74\x61\x2d\x6c\x61\x6e\x67\x75\x61\x67\x65\x2d\x73\x74\x61\x74\x75\x73\x5d"),
    starters: document.querySelector("\x5b\x64\x61\x74\x61\x2d\x73\x74\x61\x72\x74\x65\x72\x73\x5d"),
    runButtons: document.querySelectorAll("\x5b\x64\x61\x74\x61\x2d\x72\x75\x6e\x5d\x2c\x20\x5b\x64\x61\x74\x61\x2d\x72\x75\x6e\x2d\x65\x6d\x70\x74\x79\x5d"),
    reset: document.querySelector("\x5b\x64\x61\x74\x61\x2d\x72\x65\x73\x65\x74\x5d"),
    clear: document.querySelector("\x5b\x64\x61\x74\x61\x2d\x63\x6c\x65\x61\x72\x2d\x63\x6f\x64\x65\x5d"),
    download: document.querySelector("\x5b\x64\x61\x74\x61\x2d\x64\x6f\x77\x6e\x6c\x6f\x61\x64\x2d\x63\x6f\x64\x65\x5d"),
    preview: document.querySelector("\x5b\x64\x61\x74\x61\x2d\x70\x72\x65\x76\x69\x65\x77\x5d"),
    previewEmpty: document.querySelector("\x5b\x64\x61\x74\x61\x2d\x70\x72\x65\x76\x69\x65\x77\x2d\x65\x6d\x70\x74\x79\x5d"),
    output: document.querySelector("\x5b\x64\x61\x74\x61\x2d\x6f\x75\x74\x70\x75\x74\x5d"),
    previewState: document.querySelector("\x5b\x64\x61\x74\x61\x2d\x70\x72\x65\x76\x69\x65\x77\x2d\x73\x74\x61\x74\x65\x5d"),
    previewStateLabel: document.querySelector("\x5b\x64\x61\x74\x61\x2d\x70\x72\x65\x76\x69\x65\x77\x2d\x73\x74\x61\x74\x65\x2d\x6c\x61\x62\x65\x6c\x5d"),
    refreshPreview: document.querySelector("\x5b\x64\x61\x74\x61\x2d\x72\x65\x66\x72\x65\x73\x68\x2d\x70\x72\x65\x76\x69\x65\x77\x5d"),
    fullscreenPreview: document.querySelector("\x5b\x64\x61\x74\x61\x2d\x66\x75\x6c\x6c\x73\x63\x72\x65\x65\x6e\x2d\x70\x72\x65\x76\x69\x65\x77\x5d"),
    resultCard: document.querySelector("\x5b\x64\x61\x74\x61\x2d\x72\x65\x73\x75\x6c\x74\x2d\x63\x61\x72\x64\x5d"),
    problemCount: document.querySelector("\x5b\x64\x61\x74\x61\x2d\x70\x72\x6f\x62\x6c\x65\x6d\x2d\x63\x6f\x75\x6e\x74\x5d"),
    resultTabs: document.querySelectorAll("\x5b\x64\x61\x74\x61\x2d\x72\x65\x73\x75\x6c\x74\x2d\x6d\x6f\x64\x65\x5d"),
    saveState: document.querySelector("\x5b\x64\x61\x74\x61\x2d\x73\x61\x76\x65\x2d\x73\x74\x61\x74\x65\x5d"),
    saveLabel: document.querySelector("\x5b\x64\x61\x74\x61\x2d\x73\x61\x76\x65\x2d\x6c\x61\x62\x65\x6c\x5d"),
    form: document.querySelector("\x5b\x64\x61\x74\x61\x2d\x61\x69\x2d\x66\x6f\x72\x6d\x5d"),
    prompt: document.querySelector("\x5b\x64\x61\x74\x61\x2d\x61\x69\x2d\x70\x72\x6f\x6d\x70\x74\x2d\x69\x6e\x70\x75\x74\x5d"),
    send: document.querySelector("\x5b\x64\x61\x74\x61\x2d\x61\x69\x2d\x73\x65\x6e\x64\x5d"),
    answer: document.querySelector("\x5b\x64\x61\x74\x61\x2d\x61\x69\x2d\x61\x6e\x73\x77\x65\x72\x5d"),
    aiStatus: document.querySelector("\x5b\x64\x61\x74\x61\x2d\x61\x69\x2d\x73\x74\x61\x74\x75\x73\x5d"),
    aiStatusLabel: document.querySelector("\x5b\x64\x61\x74\x61\x2d\x61\x69\x2d\x73\x74\x61\x74\x75\x73\x2d\x6c\x61\x62\x65\x6c\x5d")
  }, _0x9bc55b_5 = /^(?:as|async|await|break|case|catch|class|const|continue|def|default|delete|do|else|enum|export|extends|false|finally|fn|for|from|function|go|if|implements|import|in|instanceof|interface|let|match|new|null|package|private|protected|public|return|select|static|struct|switch|this|throw|true|try|type|typeof|using|var|void|while|yield|SELECT|FROM|WHERE|ORDER|BY|GROUP|INSERT|UPDATE|DELETE|CREATE|TABLE|JOIN|AS|AND|OR|NOT|NULL)$/, _0x9bc55b_6 = "\x6e\x79\x78\x2e\x63\x6f\x64\x65\x53\x74\x75\x64\x69\x6f\x2e\x6c\x61\x79\x6f\x75\x74\x2e\x76\x31";
  let _0x9bc55b_7 = function() {
    let _0x9bc55b_3 = {};
    try {
      _0x9bc55b_3 = JSON.parse(localStorage.getItem(_0x9bc55b_0) || "\x7b\x7d") || {};
    } catch {}
    const _0x9bc55b_4 = {};
    for (const [_0x9bc55b_0, _0x9bc55b_8] of Object.entries(_0x9bc55b_3.codes || {})) {
      const _0x9bc55b_5 = 2 === _0x9bc55b_3.schema ? _0x9bc55b_0 : _0x9bc55b_2[_0x9bc55b_0]?.file;
      _0x9bc55b_14(_0x9bc55b_5) && "\x73\x74\x72\x69\x6e\x67" == typeof _0x9bc55b_8 && (_0x9bc55b_4[_0x9bc55b_5] = _0x9bc55b_8.slice(0, _0x9bc55b_1));
    }
    const _0x9bc55b_5 = 2 === _0x9bc55b_3.schema ? _0x9bc55b_3.file : _0x9bc55b_2[_0x9bc55b_3.language]?.file, _0x9bc55b_6 = _0x9bc55b_14(_0x9bc55b_5) ? _0x9bc55b_5 : Object.keys(_0x9bc55b_4)[0] || "\x69\x6e\x64\x65\x78\x2e\x68\x74\x6d\x6c";
    Object.hasOwn(_0x9bc55b_4, _0x9bc55b_6) || (_0x9bc55b_4[_0x9bc55b_6] = _0x9bc55b_2[_0x9bc55b_13(_0x9bc55b_6)].starter);
    const _0x9bc55b_7 = (Array.isArray(_0x9bc55b_3.versions) ? _0x9bc55b_3.versions : []).map(_0x9bc55b_0 => ({
      ..._0x9bc55b_0,
      file: _0x9bc55b_0.file || _0x9bc55b_2[_0x9bc55b_0.language]?.file
    })).filter(_0x9bc55b_0 => _0x9bc55b_14(_0x9bc55b_0.file) && "\x73\x74\x72\x69\x6e\x67" == typeof _0x9bc55b_0.code).slice(-20);
    return {
      schema: 2,
      file: _0x9bc55b_6,
      language: _0x9bc55b_13(_0x9bc55b_6),
      codes: _0x9bc55b_4,
      versions: _0x9bc55b_7
    };
  }(), _0x9bc55b_8 = null, _0x9bc55b_9 = [], _0x9bc55b_a = null, _0x9bc55b_b = "\x52\x75\x6e\x20\x61\x20\x66\x69\x6c\x65\x20\x74\x6f\x20\x73\x65\x65\x20\x61\x63\x74\x69\x76\x69\x74\x79\x20\x68\x65\x72\x65\x2e", _0x9bc55b_c = "", _0x9bc55b_d = !1, _0x9bc55b_e = "", _0x9bc55b_f = [], _0x9bc55b_10 = [], _0x9bc55b_11 = 0, _0x9bc55b_12 = !1;
  function _0x9bc55b_13(_0x9bc55b_0) {
    return {
      html: "\x68\x74\x6d\x6c",
      htm: "\x68\x74\x6d\x6c",
      css: "\x63\x73\x73",
      js: "\x6a\x61\x76\x61\x73\x63\x72\x69\x70\x74",
      mjs: "\x6a\x61\x76\x61\x73\x63\x72\x69\x70\x74",
      ts: "\x74\x79\x70\x65\x73\x63\x72\x69\x70\x74",
      py: "\x70\x79\x74\x68\x6f\x6e",
      java: "\x6a\x61\x76\x61",
      c: "\x63",
      cpp: "\x63\x70\x70",
      cs: "\x63\x73\x68\x61\x72\x70",
      go: "\x67\x6f",
      rs: "\x72\x75\x73\x74",
      php: "\x70\x68\x70",
      rb: "\x72\x75\x62\x79",
      sql: "\x73\x71\x6c",
      json: "\x6a\x73\x6f\x6e",
      md: "\x6d\x61\x72\x6b\x64\x6f\x77\x6e"
    }[String(_0x9bc55b_0).split("\x2e").pop().toLowerCase()] || null;
  }
  function _0x9bc55b_14(_0x9bc55b_0) {
    return "\x73\x74\x72\x69\x6e\x67" == typeof _0x9bc55b_0 && _0x9bc55b_0.length <= 120 && /^[a-zA-Z0-9_-][a-zA-Z0-9_./-]*$/.test(_0x9bc55b_0) && !_0x9bc55b_0.split("\x2f").some(_0x9bc55b_0 => !_0x9bc55b_0 || "\x2e" === _0x9bc55b_0 || "\x2e\x2e" === _0x9bc55b_0) && Boolean(_0x9bc55b_13(_0x9bc55b_0));
  }
  function _0x9bc55b_15(_0x9bc55b_0, _0x9bc55b_1 = "") {
    _0x9bc55b_4.saveLabel.textContent = _0x9bc55b_0, _0x9bc55b_4.saveState.classList.toggle("\x69\x73\x2d\x73\x61\x76\x69\x6e\x67", "\x73\x61\x76\x69\x6e\x67" === _0x9bc55b_1), 
    _0x9bc55b_4.saveState.classList.toggle("\x69\x73\x2d\x65\x72\x72\x6f\x72", "\x65\x72\x72\x6f\x72" === _0x9bc55b_1);
  }
  function _0x9bc55b_16() {
    try {
      return localStorage.setItem(_0x9bc55b_0, JSON.stringify(_0x9bc55b_7)), _0x9bc55b_15("\x53\x61\x76\x65\x64\x20\x6c\x6f\x63\x61\x6c\x6c\x79"), 
      !0;
    } catch {
      return _0x9bc55b_15("\x43\x6f\x75\x6c\x64\x20\x6e\x6f\x74\x20\x73\x61\x76\x65", "\x65\x72\x72\x6f\x72"), !1;
    }
  }
  function _0x9bc55b_17() {
    return String(_0x9bc55b_7.codes[_0x9bc55b_7.file] ?? _0x9bc55b_2[_0x9bc55b_7.language].starter).slice(0, _0x9bc55b_1);
  }
  function _0x9bc55b_18(_0x9bc55b_0) {
    _0x9bc55b_7.codes[_0x9bc55b_7.file] = String(_0x9bc55b_0 || "").slice(0, _0x9bc55b_1), 
    _0x9bc55b_4.input.value = _0x9bc55b_17(), _0x9bc55b_1d(), _0x9bc55b_20(), _0x9bc55b_16();
  }
  function _0x9bc55b_19(_0x9bc55b_0) {
    return String(_0x9bc55b_0 || "").replace(/[&<>"']/g, _0x9bc55b_0 => ({
      "\x26": "\x26\x61\x6d\x70\x3b",
      "\x3c": "\x26\x6c\x74\x3b",
      "\x3e": "\x26\x67\x74\x3b",
      "\x22": "\x26\x71\x75\x6f\x74\x3b",
      "\x27": "\x26\x23\x33\x39\x3b"
    }[_0x9bc55b_0]));
  }
  function _0x9bc55b_1a(_0x9bc55b_0, _0x9bc55b_1, _0x9bc55b_2) {
    let _0x9bc55b_3 = "";
    for (let _0x9bc55b_4 = 0; _0x9bc55b_4 < _0x9bc55b_0.length; _0x9bc55b_4 += 1) {
      const _0x9bc55b_5 = _0x9bc55b_19(_0x9bc55b_0[_0x9bc55b_4]);
      _0x9bc55b_3 += _0x9bc55b_2.has(_0x9bc55b_1 + _0x9bc55b_4) ? `\x3c\x73\x70\x61\x6e\x20\x63\x6c\x61\x73\x73\x3d\x22\x6d\x61\x74\x63\x68\x69\x6e\x67\x2d\x62\x72\x61\x63\x6b\x65\x74\x22\x3e${_0x9bc55b_5}\x3c\x2f\x73\x70\x61\x6e\x3e` : _0x9bc55b_5;
    }
    return _0x9bc55b_3;
  }
  function _0x9bc55b_1b(_0x9bc55b_0, _0x9bc55b_1, _0x9bc55b_2) {
    return /^<!--|^\/\*|^\/\/|^#(?![0-9a-f]{3,8}\b)/i.test(_0x9bc55b_0) ? "\x73\x79\x6e\x74\x61\x78\x2d\x63\x6f\x6d\x6d\x65\x6e\x74" : /^<\/?[a-z]/i.test(_0x9bc55b_0) ? "\x73\x79\x6e\x74\x61\x78\x2d\x74\x61\x67" : /^['"`]/.test(_0x9bc55b_0) ? _0x9bc55b_1.slice(_0x9bc55b_2).trimStart().startsWith("\x3a") ? "\x73\x79\x6e\x74\x61\x78\x2d\x70\x72\x6f\x70\x65\x72\x74\x79" : "\x73\x79\x6e\x74\x61\x78\x2d\x73\x74\x72\x69\x6e\x67" : /^\d/.test(_0x9bc55b_0) ? "\x73\x79\x6e\x74\x61\x78\x2d\x6e\x75\x6d\x62\x65\x72" : _0x9bc55b_5.test(_0x9bc55b_0) ? "\x73\x79\x6e\x74\x61\x78\x2d\x6b\x65\x79\x77\x6f\x72\x64" : "\x73\x79\x6e\x74\x61\x78\x2d\x6f\x70\x65\x72\x61\x74\x6f\x72";
  }
  function _0x9bc55b_1c(_0x9bc55b_0) {
    const _0x9bc55b_1 = String(_0x9bc55b_0 || ""), _0x9bc55b_2 = function(_0x9bc55b_0, _0x9bc55b_1) {
      const _0x9bc55b_2 = {
        "\x28": "\x29",
        "\x5b": "\x5d",
        "\x7b": "\x7d"
      }, _0x9bc55b_3 = {
        "\x29": "\x28",
        "\x5d": "\x5b",
        "\x7d": "\x7b"
      };
      let _0x9bc55b_4 = _0x9bc55b_1;
      _0x9bc55b_2[_0x9bc55b_0[_0x9bc55b_4]] || _0x9bc55b_3[_0x9bc55b_0[_0x9bc55b_4]] || (_0x9bc55b_4 = _0x9bc55b_1 - 1);
      const _0x9bc55b_5 = _0x9bc55b_0[_0x9bc55b_4];
      if (!_0x9bc55b_5 || !_0x9bc55b_2[_0x9bc55b_5] && !_0x9bc55b_3[_0x9bc55b_5]) return new Set;
      const _0x9bc55b_6 = Boolean(_0x9bc55b_2[_0x9bc55b_5]), _0x9bc55b_7 = _0x9bc55b_6 ? _0x9bc55b_2[_0x9bc55b_5] : _0x9bc55b_3[_0x9bc55b_5];
      let _0x9bc55b_8 = 0;
      for (let _0x9bc55b_9 = _0x9bc55b_4; _0x9bc55b_6 ? _0x9bc55b_9 < _0x9bc55b_0.length : _0x9bc55b_9 >= 0; _0x9bc55b_9 += _0x9bc55b_6 ? 1 : -1) {
        const _0x9bc55b_1 = _0x9bc55b_0[_0x9bc55b_9];
        if (_0x9bc55b_1 === _0x9bc55b_5) _0x9bc55b_8 += 1; else if (_0x9bc55b_1 === _0x9bc55b_7 && (_0x9bc55b_8 -= 1, 
        0 === _0x9bc55b_8)) return new Set([ _0x9bc55b_4, _0x9bc55b_9 ]);
      }
      return new Set([ _0x9bc55b_4 ]);
    }(_0x9bc55b_1, _0x9bc55b_4.input.selectionStart), _0x9bc55b_3 = "\x68\x74\x6d\x6c" === _0x9bc55b_7.language ? /<!--[\s\S]*?-->|<\/?[A-Za-z][^>]*>|"(?:\\.|[^"\\])*"|'(?:\\.|[^'\\])*'|\b\d+(?:\.\d+)?\b/g : /\/\*[\s\S]*?\*\/|\/\/[^\n]*|#(?![0-9a-fA-F]{3,8}\b)[^\n]*|"(?:\\.|[^"\\])*"|'(?:\\.|[^'\\])*'|`(?:\\.|[^`\\])*`|\b\d+(?:\.\d+)?\b|\b[A-Za-z_][\w$]*\b|[=+\-*\/%!<>:&|]+/g;
    let _0x9bc55b_5 = "", _0x9bc55b_6 = 0;
    for (const _0x9bc55b_4 of _0x9bc55b_1.matchAll(_0x9bc55b_3)) {
      const _0x9bc55b_0 = _0x9bc55b_4.index || 0;
      _0x9bc55b_5 += _0x9bc55b_1a(_0x9bc55b_1.slice(_0x9bc55b_6, _0x9bc55b_0), _0x9bc55b_6, _0x9bc55b_2), 
      _0x9bc55b_5 += `\x3c\x73\x70\x61\x6e\x20\x63\x6c\x61\x73\x73\x3d\x22${_0x9bc55b_1b(_0x9bc55b_4[0], _0x9bc55b_1, _0x9bc55b_0 + _0x9bc55b_4[0].length)}\x22\x3e${_0x9bc55b_1a(_0x9bc55b_4[0], _0x9bc55b_0, _0x9bc55b_2)}\x3c\x2f\x73\x70\x61\x6e\x3e`, 
      _0x9bc55b_6 = _0x9bc55b_0 + _0x9bc55b_4[0].length;
    }
    return _0x9bc55b_5 + _0x9bc55b_1a(_0x9bc55b_1.slice(_0x9bc55b_6), _0x9bc55b_6, _0x9bc55b_2) + "\x0a";
  }
  function _0x9bc55b_1d() {
    _0x9bc55b_4.highlight.innerHTML = _0x9bc55b_1c(_0x9bc55b_4.input.value), _0x9bc55b_4.lineNumbers.textContent = Array.from({
      length: _0x9bc55b_4.input.value.split("\x0a").length
    }, (_0x9bc55b_0, _0x9bc55b_1) => _0x9bc55b_1 + 1).join("\x0a"), document.querySelectorAll("\x5b\x64\x61\x74\x61\x2d\x73\x74\x61\x72\x74\x65\x72\x73\x5d\x20\x62\x75\x74\x74\x6f\x6e").forEach(_0x9bc55b_0 => _0x9bc55b_0.classList.toggle("\x69\x73\x2d\x61\x63\x74\x69\x76\x65", _0x9bc55b_4.input.value === _0x9bc55b_0.dataset.code)), 
    _0x9bc55b_1e(), _0x9bc55b_4.input.scrollTop = _0x9bc55b_4.highlight.parentElement.scrollTop, 
    _0x9bc55b_4.input.scrollLeft = _0x9bc55b_4.highlight.parentElement.scrollLeft;
  }
  function _0x9bc55b_1e() {
    const _0x9bc55b_0 = _0x9bc55b_4.input.value.slice(0, _0x9bc55b_4.input.selectionStart), _0x9bc55b_1 = _0x9bc55b_0.split("\x0a").length, _0x9bc55b_2 = `\x4c\x6e\x20${_0x9bc55b_1}\x2c\x20\x43\x6f\x6c\x20${_0x9bc55b_0.length - _0x9bc55b_0.lastIndexOf("\x0a")}`;
    _0x9bc55b_4.cursor.textContent = _0x9bc55b_2, _0x9bc55b_4.editorWrap.style.setProperty("\x2d\x2d\x61\x63\x74\x69\x76\x65\x2d\x6c\x69\x6e\x65", String(_0x9bc55b_1 - 1)), 
    document.querySelectorAll("\x5b\x64\x61\x74\x61\x2d\x63\x75\x72\x73\x6f\x72\x2d\x73\x74\x61\x74\x75\x73\x5d").forEach(_0x9bc55b_0 => _0x9bc55b_0.textContent = _0x9bc55b_2), 
    _0x9bc55b_4.highlight.innerHTML = _0x9bc55b_1c(_0x9bc55b_4.input.value);
  }
  function _0x9bc55b_1f() {
    return "\x63\x70\x70" === _0x9bc55b_7.language ? "\x43\x2b\x2b" : "\x63\x73\x68\x61\x72\x70" === _0x9bc55b_7.language ? "\x43\x23" : _0x9bc55b_7.language[0].toUpperCase() + _0x9bc55b_7.language.slice(1);
  }
  function _0x9bc55b_20() {
    _0x9bc55b_11 += 1, _0x9bc55b_23(!1), _0x9bc55b_d = !1, _0x9bc55b_c = "", _0x9bc55b_e = "", 
    _0x9bc55b_f = [], _0x9bc55b_10 = [], _0x9bc55b_4.preview.removeAttribute("\x73\x72\x63\x64\x6f\x63"), 
    _0x9bc55b_4.refreshPreview.disabled = !0, _0x9bc55b_4.problemCount.textContent = "\x30", 
    _0x9bc55b_22("\x4e\x6f\x74\x20\x72\x75\x6e", ""), _0x9bc55b_26("\x6f\x75\x74\x70\x75\x74");
  }
  function _0x9bc55b_21() {
    const _0x9bc55b_0 = _0x9bc55b_2[_0x9bc55b_7.language];
    _0x9bc55b_4.language.value = _0x9bc55b_7.language, _0x9bc55b_4.help.textContent = _0x9bc55b_0.help, 
    _0x9bc55b_4.files.forEach(_0x9bc55b_0 => _0x9bc55b_0.textContent = _0x9bc55b_7.file), 
    _0x9bc55b_4.languageStatus.textContent = _0x9bc55b_1f(), _0x9bc55b_4.languageBadge.textContent = _0x9bc55b_1f(), 
    _0x9bc55b_4.input.value = _0x9bc55b_17(), function() {
      _0x9bc55b_3f.replaceChildren();
      for (const _0x9bc55b_0 of Object.keys(_0x9bc55b_7.codes)) {
        const _0x9bc55b_1 = document.createElement("\x6f\x70\x74\x69\x6f\x6e");
        _0x9bc55b_1.value = _0x9bc55b_0, _0x9bc55b_1.textContent = _0x9bc55b_0, _0x9bc55b_3f.append(_0x9bc55b_1);
      }
      _0x9bc55b_3f.value = _0x9bc55b_7.file;
    }(), function() {
      const _0x9bc55b_0 = [ [ "\x44\x65\x66\x61\x75\x6c\x74\x20\x73\x74\x61\x72\x74\x65\x72", _0x9bc55b_2[_0x9bc55b_7.language].starter ] ];
      _0x9bc55b_3[_0x9bc55b_7.language] && _0x9bc55b_0.push(_0x9bc55b_3[_0x9bc55b_7.language]), 
      _0x9bc55b_4.starters.replaceChildren(), _0x9bc55b_0.forEach(([_0x9bc55b_0, _0x9bc55b_1]) => {
        const _0x9bc55b_2 = document.createElement("\x62\x75\x74\x74\x6f\x6e");
        _0x9bc55b_2.type = "\x62\x75\x74\x74\x6f\x6e", _0x9bc55b_2.textContent = _0x9bc55b_0, _0x9bc55b_2.dataset.code = _0x9bc55b_1, 
        _0x9bc55b_2.classList.toggle("\x69\x73\x2d\x61\x63\x74\x69\x76\x65", _0x9bc55b_17() === _0x9bc55b_1), _0x9bc55b_2.addEventListener("\x63\x6c\x69\x63\x6b", () => _0x9bc55b_18(_0x9bc55b_1)), 
        _0x9bc55b_4.starters.append(_0x9bc55b_2);
      });
    }(), _0x9bc55b_1d(), _0x9bc55b_20(), _0x9bc55b_16();
  }
  function _0x9bc55b_22(_0x9bc55b_0, _0x9bc55b_1) {
    _0x9bc55b_4.previewStateLabel.textContent = _0x9bc55b_0, _0x9bc55b_4.previewState.className = "\x70\x72\x65\x76\x69\x65\x77\x2d\x73\x74\x61\x74\x65" + (_0x9bc55b_1 ? `\x20\x69\x73\x2d${_0x9bc55b_1}` : "");
  }
  function _0x9bc55b_23(_0x9bc55b_0) {
    _0x9bc55b_12 = Boolean(_0x9bc55b_0), _0x9bc55b_4.runButtons.forEach(_0x9bc55b_0 => {
      _0x9bc55b_0.disabled = _0x9bc55b_12, _0x9bc55b_0.classList.toggle("\x69\x73\x2d\x72\x75\x6e\x6e\x69\x6e\x67", _0x9bc55b_12);
      const _0x9bc55b_1 = _0x9bc55b_0.querySelector("\x5b\x64\x61\x74\x61\x2d\x72\x75\x6e\x2d\x6c\x61\x62\x65\x6c\x5d");
      _0x9bc55b_1 ? _0x9bc55b_1.textContent = _0x9bc55b_12 ? "\x52\x75\x6e\x6e\x69\x6e\x67\x2e\x2e\x2e" : "\x52\x75\x6e\x20\x63\x6f\x64\x65" : _0x9bc55b_0.matches("\x5b\x64\x61\x74\x61\x2d\x72\x75\x6e\x2d\x65\x6d\x70\x74\x79\x5d") && (_0x9bc55b_0.textContent = _0x9bc55b_12 ? "\x52\x75\x6e\x6e\x69\x6e\x67\x2e\x2e\x2e" : "\x52\x75\x6e\x20\x63\x6f\x64\x65");
    }), _0x9bc55b_4.refreshPreview.disabled = _0x9bc55b_12 || !_0x9bc55b_d;
  }
  function _0x9bc55b_24() {
    const _0x9bc55b_0 = function() {
      const _0x9bc55b_0 = _0x9bc55b_10.map(_0x9bc55b_0 => ({
        ..._0x9bc55b_0
      }));
      if ("\x6a\x73\x6f\x6e" === _0x9bc55b_7.language && !_0x9bc55b_0.some(_0x9bc55b_0 => "\x49\x6e\x76\x61\x6c\x69\x64\x20\x4a\x53\x4f\x4e" === _0x9bc55b_0.title)) try {
        JSON.parse(_0x9bc55b_17());
      } catch (_0x9bc55b_1) {
        _0x9bc55b_0.push({
          title: "\x49\x6e\x76\x61\x6c\x69\x64\x20\x4a\x53\x4f\x4e",
          detail: _0x9bc55b_1.message
        });
      }
      return _0x9bc55b_4.problemCount.textContent = String(_0x9bc55b_0.length), _0x9bc55b_0;
    }(), _0x9bc55b_1 = document.createElement("\x64\x69\x76");
    _0x9bc55b_1.className = "\x70\x72\x6f\x62\x6c\x65\x6d\x2d\x6c\x69\x73\x74", (_0x9bc55b_0.length ? _0x9bc55b_0 : [ {
      title: "\x4e\x6f\x20\x70\x72\x6f\x62\x6c\x65\x6d\x73\x20\x66\x6f\x75\x6e\x64",
      detail: `${_0x9bc55b_7.file}\x20\x70\x61\x73\x73\x65\x64\x20\x74\x68\x65\x20\x61\x76\x61\x69\x6c\x61\x62\x6c\x65\x20\x77\x6f\x72\x6b\x73\x70\x61\x63\x65\x20\x63\x68\x65\x63\x6b\x73\x2e`,
      clear: !0
    } ]).forEach(_0x9bc55b_0 => {
      const _0x9bc55b_2 = document.createElement("\x64\x69\x76");
      _0x9bc55b_2.className = "\x70\x72\x6f\x62\x6c\x65\x6d\x2d\x72\x6f\x77" + (_0x9bc55b_0.clear ? "\x20\x69\x73\x2d\x63\x6c\x65\x61\x72" : "");
      const _0x9bc55b_3 = document.createElement("\x69");
      _0x9bc55b_3.textContent = _0x9bc55b_0.clear ? "\u2713" : "\x21";
      const _0x9bc55b_4 = document.createElement("\x64\x69\x76"), _0x9bc55b_5 = document.createElement("\x73\x74\x72\x6f\x6e\x67"), _0x9bc55b_6 = document.createElement("\x73\x70\x61\x6e");
      _0x9bc55b_5.textContent = _0x9bc55b_0.title, _0x9bc55b_6.textContent = _0x9bc55b_0.detail, 
      _0x9bc55b_4.append(_0x9bc55b_5, _0x9bc55b_6), _0x9bc55b_2.append(_0x9bc55b_3, _0x9bc55b_4), 
      _0x9bc55b_1.append(_0x9bc55b_2);
    }), _0x9bc55b_4.output.replaceChildren(_0x9bc55b_1);
  }
  function _0x9bc55b_25() {
    _0x9bc55b_4.output.replaceChildren(), (_0x9bc55b_f.length ? _0x9bc55b_f : _0x9bc55b_b.split("\x0a").map((_0x9bc55b_0, _0x9bc55b_1) => ({
      text: _0x9bc55b_0.replace(/^>\s*/, ""),
      tone: 0 === _0x9bc55b_1 ? "\x70\x72\x6f\x6d\x70\x74" : "\x6d\x75\x74\x65\x64"
    }))).forEach((_0x9bc55b_0, _0x9bc55b_1) => {
      const _0x9bc55b_2 = document.createElement("\x64\x69\x76");
      _0x9bc55b_2.className = "\x74\x65\x72\x6d\x69\x6e\x61\x6c\x2d\x6c\x69\x6e\x65";
      const _0x9bc55b_3 = document.createElement("\x73\x70\x61\x6e");
      _0x9bc55b_3.className = "\x70\x72\x6f\x6d\x70\x74" === _0x9bc55b_0.tone ? "\x74\x65\x72\x6d\x69\x6e\x61\x6c\x2d\x70\x72\x6f\x6d\x70\x74" : "\x74\x65\x72\x6d\x69\x6e\x61\x6c\x2d\x6d\x75\x74\x65\x64", 
      _0x9bc55b_3.textContent = "\x70\x72\x6f\x6d\x70\x74" === _0x9bc55b_0.tone ? "\u276f" : "\xb7";
      const _0x9bc55b_5 = document.createElement("\x73\x70\x61\x6e");
      _0x9bc55b_5.textContent = _0x9bc55b_0.text, _0x9bc55b_2.append(_0x9bc55b_3, _0x9bc55b_5), 
      _0x9bc55b_4.output.append(_0x9bc55b_2);
    });
  }
  function _0x9bc55b_26(_0x9bc55b_0 = "\x6f\x75\x74\x70\x75\x74") {
    return _0x9bc55b_4.resultTabs.forEach(_0x9bc55b_1 => _0x9bc55b_1.classList.toggle("\x69\x73\x2d\x61\x63\x74\x69\x76\x65", _0x9bc55b_1.dataset.resultMode === _0x9bc55b_0)), 
    _0x9bc55b_4.preview.hidden = !0, _0x9bc55b_4.previewEmpty.hidden = !0, _0x9bc55b_4.output.hidden = !0, 
    "\x74\x65\x72\x6d\x69\x6e\x61\x6c" === _0x9bc55b_0 ? (_0x9bc55b_4.output.hidden = !1, void _0x9bc55b_25()) : "\x70\x72\x6f\x62\x6c\x65\x6d\x73" === _0x9bc55b_0 ? (_0x9bc55b_4.output.hidden = !1, 
    void _0x9bc55b_24()) : _0x9bc55b_4.preview.srcdoc ? void (_0x9bc55b_4.preview.hidden = !1) : _0x9bc55b_d ? (_0x9bc55b_4.output.hidden = !1, 
    void (_0x9bc55b_4.output.textContent = _0x9bc55b_c)) : void (_0x9bc55b_4.previewEmpty.hidden = !1);
  }
  async function _0x9bc55b_27() {
    if (_0x9bc55b_12) return;
    const _0x9bc55b_0 = _0x9bc55b_17(), _0x9bc55b_1 = _0x9bc55b_7.language, _0x9bc55b_3 = ++_0x9bc55b_11;
    if (_0x9bc55b_d = !0, _0x9bc55b_4.refreshPreview.disabled = !1, _0x9bc55b_b = `\x52\x75\x6e\x20${_0x9bc55b_7.file}\x0a\x43\x6f\x6d\x70\x6c\x65\x74\x65\x64\x20${(new Date).toLocaleTimeString([], {
      hour: "\x6e\x75\x6d\x65\x72\x69\x63",
      minute: "\x32\x2d\x64\x69\x67\x69\x74"
    })}`, _0x9bc55b_f = [ {
      text: `\x52\x75\x6e\x20${_0x9bc55b_7.file}`,
      tone: "\x70\x72\x6f\x6d\x70\x74"
    }, {
      text: `\x53\x74\x61\x72\x74\x65\x64\x20${(new Date).toLocaleTimeString([], {
        hour: "\x6e\x75\x6d\x65\x72\x69\x63",
        minute: "\x32\x2d\x64\x69\x67\x69\x74"
      })}`,
      tone: "\x6d\x75\x74\x65\x64"
    } ], _0x9bc55b_10 = [], _0x9bc55b_4.problemCount.textContent = "\x30", _0x9bc55b_2[_0x9bc55b_7.language].run && [ "\x68\x74\x6d\x6c", "\x63\x73\x73", "\x6a\x61\x76\x61\x73\x63\x72\x69\x70\x74" ].includes(_0x9bc55b_7.language)) {
      const _0x9bc55b_1 = "\x3c\x6d\x65\x74\x61\x20\x68\x74\x74\x70\x2d\x65\x71\x75\x69\x76\x3d\x22\x43\x6f\x6e\x74\x65\x6e\x74\x2d\x53\x65\x63\x75\x72\x69\x74\x79\x2d\x50\x6f\x6c\x69\x63\x79\x22\x20\x63\x6f\x6e\x74\x65\x6e\x74\x3d\x22\x64\x65\x66\x61\x75\x6c\x74\x2d\x73\x72\x63\x20\x27\x6e\x6f\x6e\x65\x27\x3b\x20\x73\x74\x79\x6c\x65\x2d\x73\x72\x63\x20\x27\x75\x6e\x73\x61\x66\x65\x2d\x69\x6e\x6c\x69\x6e\x65\x27\x3b\x20\x73\x63\x72\x69\x70\x74\x2d\x73\x72\x63\x20\x27\x75\x6e\x73\x61\x66\x65\x2d\x69\x6e\x6c\x69\x6e\x65\x27\x3b\x20\x69\x6d\x67\x2d\x73\x72\x63\x20\x64\x61\x74\x61\x3a\x22\x3e";
      _0x9bc55b_e = `\x70\x72\x65\x76\x69\x65\x77\x2d${Date.now()}\x2d${Math.random().toString(36).slice(2)}`;
      const _0x9bc55b_2 = `\x3c\x73\x63\x72\x69\x70\x74\x3e\x28\x28\x29\x3d\x3e\x7b\x63\x6f\x6e\x73\x74\x20\x72\x75\x6e\x49\x64\x3d${JSON.stringify(_0x9bc55b_e)}\x3b\x63\x6f\x6e\x73\x74\x20\x73\x65\x6e\x64\x3d\x28\x6b\x69\x6e\x64\x2c\x61\x72\x67\x73\x29\x3d\x3e\x70\x61\x72\x65\x6e\x74\x2e\x70\x6f\x73\x74\x4d\x65\x73\x73\x61\x67\x65\x28\x7b\x74\x79\x70\x65\x3a\x27\x6e\x79\x78\x2d\x63\x6f\x64\x65\x2d\x70\x72\x65\x76\x69\x65\x77\x27\x2c\x72\x75\x6e\x49\x64\x2c\x6b\x69\x6e\x64\x2c\x74\x65\x78\x74\x3a\x61\x72\x67\x73\x2e\x6d\x61\x70\x28\x76\x61\x6c\x75\x65\x3d\x3e\x7b\x74\x72\x79\x7b\x72\x65\x74\x75\x72\x6e\x20\x74\x79\x70\x65\x6f\x66\x20\x76\x61\x6c\x75\x65\x3d\x3d\x3d\x27\x73\x74\x72\x69\x6e\x67\x27\x3f\x76\x61\x6c\x75\x65\x3a\x4a\x53\x4f\x4e\x2e\x73\x74\x72\x69\x6e\x67\x69\x66\x79\x28\x76\x61\x6c\x75\x65\x29\x7d\x63\x61\x74\x63\x68\x7b\x72\x65\x74\x75\x72\x6e\x20\x53\x74\x72\x69\x6e\x67\x28\x76\x61\x6c\x75\x65\x29\x7d\x7d\x29\x2e\x6a\x6f\x69\x6e\x28\x27\x20\x27\x29\x7d\x2c\x27\x2a\x27\x29\x3b\x5b\x27\x6c\x6f\x67\x27\x2c\x27\x69\x6e\x66\x6f\x27\x2c\x27\x77\x61\x72\x6e\x27\x2c\x27\x65\x72\x72\x6f\x72\x27\x5d\x2e\x66\x6f\x72\x45\x61\x63\x68\x28\x6b\x69\x6e\x64\x3d\x3e\x7b\x63\x6f\x6e\x73\x74\x20\x6f\x72\x69\x67\x69\x6e\x61\x6c\x3d\x63\x6f\x6e\x73\x6f\x6c\x65\x5b\x6b\x69\x6e\x64\x5d\x3f\x2e\x62\x69\x6e\x64\x28\x63\x6f\x6e\x73\x6f\x6c\x65\x29\x3b\x63\x6f\x6e\x73\x6f\x6c\x65\x5b\x6b\x69\x6e\x64\x5d\x3d\x28\x2e\x2e\x2e\x61\x72\x67\x73\x29\x3d\x3e\x7b\x6f\x72\x69\x67\x69\x6e\x61\x6c\x3f\x2e\x28\x2e\x2e\x2e\x61\x72\x67\x73\x29\x3b\x73\x65\x6e\x64\x28\x6b\x69\x6e\x64\x2c\x61\x72\x67\x73\x29\x7d\x7d\x29\x3b\x61\x64\x64\x45\x76\x65\x6e\x74\x4c\x69\x73\x74\x65\x6e\x65\x72\x28\x27\x65\x72\x72\x6f\x72\x27\x2c\x65\x76\x65\x6e\x74\x3d\x3e\x73\x65\x6e\x64\x28\x27\x65\x72\x72\x6f\x72\x27\x2c\x5b\x65\x76\x65\x6e\x74\x2e\x6d\x65\x73\x73\x61\x67\x65\x7c\x7c\x27\x50\x72\x65\x76\x69\x65\x77\x20\x65\x72\x72\x6f\x72\x27\x5d\x29\x29\x3b\x61\x64\x64\x45\x76\x65\x6e\x74\x4c\x69\x73\x74\x65\x6e\x65\x72\x28\x27\x75\x6e\x68\x61\x6e\x64\x6c\x65\x64\x72\x65\x6a\x65\x63\x74\x69\x6f\x6e\x27\x2c\x65\x76\x65\x6e\x74\x3d\x3e\x73\x65\x6e\x64\x28\x27\x65\x72\x72\x6f\x72\x27\x2c\x5b\x65\x76\x65\x6e\x74\x2e\x72\x65\x61\x73\x6f\x6e\x3f\x2e\x6d\x65\x73\x73\x61\x67\x65\x7c\x7c\x65\x76\x65\x6e\x74\x2e\x72\x65\x61\x73\x6f\x6e\x7c\x7c\x27\x55\x6e\x68\x61\x6e\x64\x6c\x65\x64\x20\x70\x72\x6f\x6d\x69\x73\x65\x20\x72\x65\x6a\x65\x63\x74\x69\x6f\x6e\x27\x5d\x29\x29\x7d\x29\x28\x29\x3c\x2f\x73\x63\x72\x69\x70\x74\x3e`;
      try {
        _0x9bc55b_4.preview.srcdoc = `${_0x9bc55b_1}${_0x9bc55b_2}${function(_0x9bc55b_0) {
          let _0x9bc55b_1 = "\x68\x74\x6d\x6c" === _0x9bc55b_7.language ? _0x9bc55b_7.file : Object.hasOwn(_0x9bc55b_7.codes, "\x69\x6e\x64\x65\x78\x2e\x68\x74\x6d\x6c") ? "\x69\x6e\x64\x65\x78\x2e\x68\x74\x6d\x6c" : Object.keys(_0x9bc55b_7.codes).find(_0x9bc55b_0 => "\x68\x74\x6d\x6c" === _0x9bc55b_13(_0x9bc55b_0));
          if (_0x9bc55b_1 && "\x68\x74\x6d\x6c" !== _0x9bc55b_7.language) {
            const _0x9bc55b_0 = (new DOMParser).parseFromString(_0x9bc55b_7.codes[_0x9bc55b_1], "\x74\x65\x78\x74\x2f\x68\x74\x6d\x6c"), _0x9bc55b_2 = new URL(_0x9bc55b_1, "\x68\x74\x74\x70\x73\x3a\x2f\x2f\x77\x6f\x72\x6b\x73\x70\x61\x63\x65\x2e\x69\x6e\x76\x61\x6c\x69\x64\x2f");
            [ ..._0x9bc55b_0.querySelectorAll("\x6c\x69\x6e\x6b\x5b\x68\x72\x65\x66\x5d\x2c\x73\x63\x72\x69\x70\x74\x5b\x73\x72\x63\x5d") ].some(_0x9bc55b_0 => {
              try {
                return new URL(_0x9bc55b_0.getAttribute("\x68\x72\x65\x66") || _0x9bc55b_0.getAttribute("\x73\x72\x63"), _0x9bc55b_2).pathname.slice(1) === _0x9bc55b_7.file;
              } catch {
                return !1;
              }
            }) || (_0x9bc55b_1 = null);
          }
          if (_0x9bc55b_1) {
            const _0x9bc55b_2 = (new DOMParser).parseFromString(_0x9bc55b_1 === _0x9bc55b_7.file ? _0x9bc55b_0 : _0x9bc55b_7.codes[_0x9bc55b_1], "\x74\x65\x78\x74\x2f\x68\x74\x6d\x6c"), _0x9bc55b_3 = new URL(_0x9bc55b_1, "\x68\x74\x74\x70\x73\x3a\x2f\x2f\x77\x6f\x72\x6b\x73\x70\x61\x63\x65\x2e\x69\x6e\x76\x61\x6c\x69\x64\x2f"), _0x9bc55b_4 = _0x9bc55b_0 => {
              const _0x9bc55b_1 = new URL(_0x9bc55b_0, _0x9bc55b_3);
              return _0x9bc55b_1.origin === _0x9bc55b_3.origin ? decodeURIComponent(_0x9bc55b_1.pathname.slice(1)) : null;
            };
            for (const _0x9bc55b_0 of _0x9bc55b_2.querySelectorAll("\x6c\x69\x6e\x6b\x5b\x72\x65\x6c\x3d\x22\x73\x74\x79\x6c\x65\x73\x68\x65\x65\x74\x22\x5d\x5b\x68\x72\x65\x66\x5d")) {
              const _0x9bc55b_1 = _0x9bc55b_4(_0x9bc55b_0.getAttribute("\x68\x72\x65\x66"));
              if (!_0x9bc55b_1) continue;
              if (!Object.hasOwn(_0x9bc55b_7.codes, _0x9bc55b_1)) throw Error("\x4d\x69\x73\x73\x69\x6e\x67\x20\x77\x6f\x72\x6b\x73\x70\x61\x63\x65\x20\x66\x69\x6c\x65\x3a\x20" + _0x9bc55b_1);
              const _0x9bc55b_3 = _0x9bc55b_2.createElement("\x73\x74\x79\x6c\x65");
              _0x9bc55b_3.textContent = _0x9bc55b_7.codes[_0x9bc55b_1], _0x9bc55b_0.replaceWith(_0x9bc55b_3);
            }
            for (const _0x9bc55b_0 of _0x9bc55b_2.querySelectorAll("\x73\x63\x72\x69\x70\x74\x5b\x73\x72\x63\x5d")) {
              const _0x9bc55b_1 = _0x9bc55b_4(_0x9bc55b_0.getAttribute("\x73\x72\x63"));
              if (_0x9bc55b_1) {
                if (!Object.hasOwn(_0x9bc55b_7.codes, _0x9bc55b_1)) throw Error("\x4d\x69\x73\x73\x69\x6e\x67\x20\x77\x6f\x72\x6b\x73\x70\x61\x63\x65\x20\x66\x69\x6c\x65\x3a\x20" + _0x9bc55b_1);
                if ("\x6d\x6f\x64\x75\x6c\x65" === _0x9bc55b_0.type) throw Error("\x55\x73\x65\x20\x63\x6c\x61\x73\x73\x69\x63\x20\x73\x63\x72\x69\x70\x74\x73\x20\x66\x6f\x72\x20\x74\x68\x69\x73\x20\x70\x72\x65\x76\x69\x65\x77\x2e\x20\x4d\x6f\x64\x75\x6c\x65\x20\x69\x6d\x70\x6f\x72\x74\x73\x20\x6e\x65\x65\x64\x20\x61\x20\x62\x75\x69\x6c\x64\x20\x73\x65\x72\x76\x65\x72\x2e");
                _0x9bc55b_0.hasAttribute("\x64\x65\x66\x65\x72") && (_0x9bc55b_0.removeAttribute("\x64\x65\x66\x65\x72"), _0x9bc55b_2.body.append(_0x9bc55b_0)), 
                _0x9bc55b_0.removeAttribute("\x73\x72\x63"), _0x9bc55b_0.removeAttribute("\x69\x6e\x74\x65\x67\x72\x69\x74\x79"), _0x9bc55b_0.textContent = _0x9bc55b_7.codes[_0x9bc55b_1].replace(/<\/script/gi, "\x3c\x5c\x2f\x73\x63\x72\x69\x70\x74");
              }
            }
            return "\x3c\x21\x64\x6f\x63\x74\x79\x70\x65\x20\x68\x74\x6d\x6c\x3e" + _0x9bc55b_2.documentElement.outerHTML;
          }
          return "\x63\x73\x73" === _0x9bc55b_7.language ? `\x3c\x21\x64\x6f\x63\x74\x79\x70\x65\x20\x68\x74\x6d\x6c\x3e\x3c\x73\x74\x79\x6c\x65\x3e${_0x9bc55b_0}\x3c\x2f\x73\x74\x79\x6c\x65\x3e\x3c\x61\x72\x74\x69\x63\x6c\x65\x20\x63\x6c\x61\x73\x73\x3d\x22\x63\x61\x72\x64\x22\x3e\x3c\x68\x31\x3e\x53\x74\x79\x6c\x65\x64\x20\x63\x61\x72\x64\x3c\x2f\x68\x31\x3e\x3c\x70\x3e\x59\x6f\x75\x72\x20\x43\x53\x53\x20\x69\x73\x20\x72\x75\x6e\x6e\x69\x6e\x67\x20\x69\x6e\x20\x74\x68\x69\x73\x20\x73\x61\x66\x65\x20\x70\x72\x65\x76\x69\x65\x77\x2e\x3c\x2f\x70\x3e\x3c\x2f\x61\x72\x74\x69\x63\x6c\x65\x3e` : `\x3c\x21\x64\x6f\x63\x74\x79\x70\x65\x20\x68\x74\x6d\x6c\x3e\x3c\x68\x31\x3e\x4a\x61\x76\x61\x53\x63\x72\x69\x70\x74\x20\x70\x72\x65\x76\x69\x65\x77\x3c\x2f\x68\x31\x3e\x3c\x70\x20\x69\x64\x3d\x22\x6d\x65\x73\x73\x61\x67\x65\x22\x3e\x50\x72\x65\x73\x73\x20\x74\x68\x65\x20\x62\x75\x74\x74\x6f\x6e\x20\x74\x6f\x20\x74\x65\x73\x74\x20\x79\x6f\x75\x72\x20\x63\x6f\x64\x65\x2e\x3c\x2f\x70\x3e\x3c\x62\x75\x74\x74\x6f\x6e\x3e\x54\x72\x79\x20\x69\x74\x3c\x2f\x62\x75\x74\x74\x6f\x6e\x3e\x3c\x73\x63\x72\x69\x70\x74\x3e${_0x9bc55b_0.replace(/<\/script/gi, "\x3c\x5c\x2f\x73\x63\x72\x69\x70\x74")}\x3c\x2f\x73\x63\x72\x69\x70\x74\x3e`;
        }(_0x9bc55b_0)}`;
      } catch (_0x9bc55b_5) {
        return _0x9bc55b_c = _0x9bc55b_5.message, _0x9bc55b_10 = [ {
          title: "\x50\x72\x65\x76\x69\x65\x77\x20\x6e\x65\x65\x64\x73\x20\x61\x20\x66\x69\x6c\x65",
          detail: _0x9bc55b_5.message
        } ], _0x9bc55b_4.preview.removeAttribute("\x73\x72\x63\x64\x6f\x63"), _0x9bc55b_22("\x4e\x65\x65\x64\x73\x20\x61\x20\x66\x69\x78", "\x6e\x6f\x74\x65"), 
        void _0x9bc55b_26("\x70\x72\x6f\x62\x6c\x65\x6d\x73");
      }
      return _0x9bc55b_22("\x4c\x69\x76\x65", "\x6c\x69\x76\x65"), void _0x9bc55b_26("\x6f\x75\x74\x70\x75\x74");
    }
    if (_0x9bc55b_4.preview.removeAttribute("\x73\x72\x63\x64\x6f\x63"), "\x6a\x73\x6f\x6e" !== _0x9bc55b_7.language) {
      if ("\x6d\x61\x72\x6b\x64\x6f\x77\x6e" === _0x9bc55b_7.language) return _0x9bc55b_e = "", _0x9bc55b_4.preview.srcdoc = `\x3c\x21\x64\x6f\x63\x74\x79\x70\x65\x20\x68\x74\x6d\x6c\x3e\x3c\x6d\x65\x74\x61\x20\x68\x74\x74\x70\x2d\x65\x71\x75\x69\x76\x3d\x22\x43\x6f\x6e\x74\x65\x6e\x74\x2d\x53\x65\x63\x75\x72\x69\x74\x79\x2d\x50\x6f\x6c\x69\x63\x79\x22\x20\x63\x6f\x6e\x74\x65\x6e\x74\x3d\x22\x64\x65\x66\x61\x75\x6c\x74\x2d\x73\x72\x63\x20\x27\x6e\x6f\x6e\x65\x27\x3b\x20\x73\x74\x79\x6c\x65\x2d\x73\x72\x63\x20\x27\x75\x6e\x73\x61\x66\x65\x2d\x69\x6e\x6c\x69\x6e\x65\x27\x22\x3e\x3c\x73\x74\x79\x6c\x65\x3e\x68\x74\x6d\x6c\x2c\x62\x6f\x64\x79\x7b\x6d\x69\x6e\x2d\x68\x65\x69\x67\x68\x74\x3a\x31\x30\x30\x25\x3b\x6d\x61\x72\x67\x69\x6e\x3a\x30\x3b\x62\x61\x63\x6b\x67\x72\x6f\x75\x6e\x64\x3a\x23\x66\x66\x66\x7d\x62\x6f\x64\x79\x7b\x66\x6f\x6e\x74\x3a\x31\x35\x70\x78\x2f\x31\x2e\x36\x20\x73\x79\x73\x74\x65\x6d\x2d\x75\x69\x3b\x70\x61\x64\x64\x69\x6e\x67\x3a\x31\x2e\x34\x72\x65\x6d\x3b\x63\x6f\x6c\x6f\x72\x3a\x23\x31\x37\x32\x30\x33\x33\x7d\x63\x6f\x64\x65\x7b\x62\x61\x63\x6b\x67\x72\x6f\x75\x6e\x64\x3a\x23\x65\x64\x66\x31\x66\x39\x3b\x70\x61\x64\x64\x69\x6e\x67\x3a\x2e\x31\x72\x65\x6d\x20\x2e\x32\x35\x72\x65\x6d\x3b\x62\x6f\x72\x64\x65\x72\x2d\x72\x61\x64\x69\x75\x73\x3a\x2e\x32\x35\x72\x65\x6d\x7d\x68\x31\x2c\x68\x32\x2c\x68\x33\x7b\x6c\x69\x6e\x65\x2d\x68\x65\x69\x67\x68\x74\x3a\x31\x2e\x32\x7d\x3c\x2f\x73\x74\x79\x6c\x65\x3e\x3c\x70\x3e${function(_0x9bc55b_0) {
        return _0x9bc55b_19(_0x9bc55b_0).replace(/^### (.*)$/gm, "\x3c\x68\x33\x3e\x24\x31\x3c\x2f\x68\x33\x3e").replace(/^## (.*)$/gm, "\x3c\x68\x32\x3e\x24\x31\x3c\x2f\x68\x32\x3e").replace(/^# (.*)$/gm, "\x3c\x68\x31\x3e\x24\x31\x3c\x2f\x68\x31\x3e").replace(/^[-*] (.*)$/gm, "\x3c\x6c\x69\x3e\x24\x31\x3c\x2f\x6c\x69\x3e").replace(/\*\*(.*?)\*\*/g, "\x3c\x73\x74\x72\x6f\x6e\x67\x3e\x24\x31\x3c\x2f\x73\x74\x72\x6f\x6e\x67\x3e").replace(/`([^`]+)`/g, "\x3c\x63\x6f\x64\x65\x3e\x24\x31\x3c\x2f\x63\x6f\x64\x65\x3e").replace(/\n{2,}/g, "\x3c\x2f\x70\x3e\x3c\x70\x3e").replace(/\n/g, "\x3c\x62\x72\x3e");
      }(_0x9bc55b_0)}\x3c\x2f\x70\x3e`, _0x9bc55b_22("\x52\x65\x6e\x64\x65\x72\x65\x64", "\x6c\x69\x76\x65"), void _0x9bc55b_26("\x6f\x75\x74\x70\x75\x74");
      if (_0x9bc55b_2[_0x9bc55b_7.language].runner) {
        _0x9bc55b_c = "\x52\x75\x6e\x6e\x69\x6e\x67\x20\x79\x6f\x75\x72\x20\x63\x6f\x64\x65\x2e\x2e\x2e", _0x9bc55b_22("\x52\x75\x6e\x6e\x69\x6e\x67\x2e\x2e\x2e", "\x6e\x6f\x74\x65"), _0x9bc55b_23(!0), 
        _0x9bc55b_26("\x6f\x75\x74\x70\x75\x74");
        const _0x9bc55b_2 = new AbortController, _0x9bc55b_6 = setTimeout(() => _0x9bc55b_2.abort(), 18e3);
        try {
          const _0x9bc55b_4 = await fetch("/gh/dubcatalt2-lab/nyx-jsdelivr-links@main/nyx-static/\x61\x70\x69\x2f\x63\x6f\x64\x65\x2d\x73\x74\x75\x64\x69\x6f\x2f\x72\x75\x6e", {
            method: "\x50\x4f\x53\x54",
            headers: {
              "\x63\x6f\x6e\x74\x65\x6e\x74\x2d\x74\x79\x70\x65": "\x61\x70\x70\x6c\x69\x63\x61\x74\x69\x6f\x6e\x2f\x6a\x73\x6f\x6e"
            },
            body: JSON.stringify({
              language: _0x9bc55b_1,
              code: _0x9bc55b_0
            }),
            signal: _0x9bc55b_2.signal
          }), _0x9bc55b_5 = (_0x9bc55b_4.headers.get("\x63\x6f\x6e\x74\x65\x6e\x74\x2d\x74\x79\x70\x65") || "").includes("\x61\x70\x70\x6c\x69\x63\x61\x74\x69\x6f\x6e\x2f\x6a\x73\x6f\x6e") ? await _0x9bc55b_4.json() : {};
          if (_0x9bc55b_3 !== _0x9bc55b_11) return;
          if (!_0x9bc55b_4.ok) throw new Error(_0x9bc55b_5.error || "\x54\x68\x65\x20\x69\x73\x6f\x6c\x61\x74\x65\x64\x20\x63\x6f\x64\x65\x20\x72\x75\x6e\x6e\x65\x72\x20\x63\x6f\x75\x6c\x64\x20\x6e\x6f\x74\x20\x63\x6f\x6d\x70\x6c\x65\x74\x65\x20\x74\x68\x69\x73\x20\x72\x65\x71\x75\x65\x73\x74\x2e");
          const _0x9bc55b_6 = String(_0x9bc55b_5.stdout || "").trimEnd(), _0x9bc55b_7 = String(_0x9bc55b_5.diagnostics || "").trimEnd();
          _0x9bc55b_c = [ _0x9bc55b_6, _0x9bc55b_7 ].filter(Boolean).join("\x0a\x0a") || "\x50\x72\x6f\x67\x72\x61\x6d\x20\x66\x69\x6e\x69\x73\x68\x65\x64\x20\x77\x69\x74\x68\x20\x6e\x6f\x20\x6f\x75\x74\x70\x75\x74\x2e";
          const _0x9bc55b_8 = Number.isFinite(Number(_0x9bc55b_5.time)) ? `\x20\x69\x6e\x20${Number(_0x9bc55b_5.time).toFixed(3)}\x73` : "";
          _0x9bc55b_f.push({
            text: `${_0x9bc55b_5.status || "\x46\x69\x6e\x69\x73\x68\x65\x64"}${_0x9bc55b_8}`,
            tone: _0x9bc55b_5.ok ? "\x70\x72\x6f\x6d\x70\x74" : "\x6d\x75\x74\x65\x64"
          }), _0x9bc55b_5.ok ? _0x9bc55b_22("\x43\x6f\x6d\x70\x6c\x65\x74\x65\x64", "\x6c\x69\x76\x65") : (_0x9bc55b_10 = [ {
            title: _0x9bc55b_5.status || "\x52\x75\x6e\x20\x66\x61\x69\x6c\x65\x64",
            detail: _0x9bc55b_7 || _0x9bc55b_6 || "\x54\x68\x65\x20\x70\x72\x6f\x67\x72\x61\x6d\x20\x64\x69\x64\x20\x6e\x6f\x74\x20\x66\x69\x6e\x69\x73\x68\x20\x73\x75\x63\x63\x65\x73\x73\x66\x75\x6c\x6c\x79\x2e"
          } ], _0x9bc55b_22("\x4e\x65\x65\x64\x73\x20\x61\x20\x66\x69\x78", "\x6e\x6f\x74\x65"));
        } catch (_0x9bc55b_5) {
          if (_0x9bc55b_3 !== _0x9bc55b_11) return;
          const _0x9bc55b_0 = "\x41\x62\x6f\x72\x74\x45\x72\x72\x6f\x72" === _0x9bc55b_5?.name ? "\x54\x68\x65\x20\x63\x6f\x64\x65\x20\x72\x75\x6e\x20\x74\x6f\x6f\x6b\x20\x74\x6f\x6f\x20\x6c\x6f\x6e\x67\x2e\x20\x54\x72\x79\x20\x61\x20\x73\x6d\x61\x6c\x6c\x65\x72\x20\x70\x72\x6f\x67\x72\x61\x6d\x2e" : String(_0x9bc55b_5?.message || "\x54\x68\x65\x20\x69\x73\x6f\x6c\x61\x74\x65\x64\x20\x63\x6f\x64\x65\x20\x72\x75\x6e\x6e\x65\x72\x20\x69\x73\x20\x74\x65\x6d\x70\x6f\x72\x61\x72\x69\x6c\x79\x20\x75\x6e\x61\x76\x61\x69\x6c\x61\x62\x6c\x65\x2e");
          _0x9bc55b_c = _0x9bc55b_0, _0x9bc55b_10 = [ {
            title: "\x43\x6f\x75\x6c\x64\x20\x6e\x6f\x74\x20\x72\x75\x6e\x20\x63\x6f\x64\x65",
            detail: _0x9bc55b_0
          } ], _0x9bc55b_f.push({
            text: _0x9bc55b_0,
            tone: "\x6d\x75\x74\x65\x64"
          }), _0x9bc55b_22("\x52\x75\x6e\x20\x66\x61\x69\x6c\x65\x64", "\x6e\x6f\x74\x65");
        } finally {
          clearTimeout(_0x9bc55b_6), _0x9bc55b_3 === _0x9bc55b_11 && (_0x9bc55b_4.problemCount.textContent = String(_0x9bc55b_10.length), 
          _0x9bc55b_23(!1), _0x9bc55b_26(document.querySelector("\x2e\x72\x65\x73\x75\x6c\x74\x2d\x74\x61\x62\x2e\x69\x73\x2d\x61\x63\x74\x69\x76\x65")?.dataset.resultMode || "\x6f\x75\x74\x70\x75\x74"));
        }
      }
    } else {
      try {
        _0x9bc55b_c = JSON.stringify(JSON.parse(_0x9bc55b_0), null, 2), _0x9bc55b_22("\x56\x61\x6c\x69\x64\x20\x4a\x53\x4f\x4e", "\x6c\x69\x76\x65");
      } catch (_0x9bc55b_5) {
        _0x9bc55b_c = `\x4a\x53\x4f\x4e\x20\x65\x72\x72\x6f\x72\x3a\x20${_0x9bc55b_5.message}`, _0x9bc55b_10 = [ {
          title: "\x49\x6e\x76\x61\x6c\x69\x64\x20\x4a\x53\x4f\x4e",
          detail: _0x9bc55b_5.message
        } ], _0x9bc55b_4.problemCount.textContent = "\x31", _0x9bc55b_22("\x4e\x65\x65\x64\x73\x20\x61\x20\x66\x69\x78", "\x6e\x6f\x74\x65");
      }
      _0x9bc55b_26("\x6f\x75\x74\x70\x75\x74");
    }
  }
  const _0x9bc55b_28 = [ "\x2d\x2d\x73\x74\x75\x64\x69\x6f\x2d\x61\x63\x63\x65\x6e\x74", "\x2d\x2d\x73\x74\x75\x64\x69\x6f\x2d\x61\x63\x63\x65\x6e\x74\x2d\x73\x74\x72\x6f\x6e\x67", "\x2d\x2d\x73\x74\x75\x64\x69\x6f\x2d\x61\x63\x63\x65\x6e\x74\x2d\x73\x6f\x66\x74", "\x2d\x2d\x73\x74\x75\x64\x69\x6f\x2d\x61\x63\x63\x65\x6e\x74\x2d\x6c\x69\x6e\x65", "\x2d\x2d\x73\x74\x75\x64\x69\x6f\x2d\x74\x68\x65\x6d\x65\x2d\x68\x6f\x76\x65\x72\x2d\x61\x63\x63\x65\x6e\x74", "\x2d\x2d\x73\x74\x75\x64\x69\x6f\x2d\x74\x68\x65\x6d\x65\x2d\x68\x6f\x76\x65\x72\x2d\x73\x6f\x66\x74", "\x2d\x2d\x73\x74\x75\x64\x69\x6f\x2d\x74\x68\x65\x6d\x65\x2d\x68\x6f\x76\x65\x72\x2d\x6c\x69\x6e\x65" ];
  function _0x9bc55b_29() {
    document.body.classList.remove("\x74\x68\x65\x6d\x65\x2d\x72\x75\x62\x79", "\x74\x68\x65\x6d\x65\x2d\x65\x6d\x65\x72\x61\x6c\x64", "\x74\x68\x65\x6d\x65\x2d\x73\x61\x6b\x75\x72\x61", "\x74\x68\x65\x6d\x65\x2d\x66\x72\x65\x73\x68", "\x74\x68\x65\x6d\x65\x2d\x63\x75\x73\x74\x6f\x6d"), 
    _0x9bc55b_28.forEach(_0x9bc55b_0 => document.documentElement.style.removeProperty(_0x9bc55b_0));
  }
  function _0x9bc55b_2a(_0x9bc55b_0, _0x9bc55b_1) {
    _0x9bc55b_7.versions = _0x9bc55b_7.versions || [], _0x9bc55b_7.versions.at(-1)?.file === _0x9bc55b_0 && _0x9bc55b_7.versions.at(-1)?.code === _0x9bc55b_1 || (_0x9bc55b_7.versions.push({
      file: _0x9bc55b_0,
      language: _0x9bc55b_13(_0x9bc55b_0),
      code: _0x9bc55b_1,
      at: Date.now()
    }), _0x9bc55b_7.versions = _0x9bc55b_7.versions.slice(-20));
  }
  function _0x9bc55b_2b(_0x9bc55b_0) {
    Object.hasOwn(_0x9bc55b_7.codes, _0x9bc55b_0) && (_0x9bc55b_7.codes[_0x9bc55b_7.file] = _0x9bc55b_17(), 
    _0x9bc55b_7.file = _0x9bc55b_0, _0x9bc55b_7.language = _0x9bc55b_13(_0x9bc55b_0), 
    _0x9bc55b_21());
  }
  const _0x9bc55b_2c = document.createElement("\x62\x75\x74\x74\x6f\x6e");
  _0x9bc55b_2c.type = "\x62\x75\x74\x74\x6f\x6e", _0x9bc55b_2c.className = "\x74\x6f\x6f\x6c\x2d\x62\x75\x74\x74\x6f\x6e", _0x9bc55b_2c.textContent = "\x56\x65\x72\x73\x69\x6f\x6e\x73", 
  _0x9bc55b_2c.title = "\x52\x65\x73\x74\x6f\x72\x65\x20\x61\x20\x73\x61\x76\x65\x64\x20\x63\x6f\x64\x65\x20\x76\x65\x72\x73\x69\x6f\x6e", document.querySelector("\x5b\x64\x61\x74\x61\x2d\x64\x6f\x77\x6e\x6c\x6f\x61\x64\x2d\x63\x6f\x64\x65\x5d").after(_0x9bc55b_2c);
  const _0x9bc55b_2d = document.createElement("\x64\x69\x61\x6c\x6f\x67");
  _0x9bc55b_2d.className = "\x73\x74\x75\x64\x69\x6f\x2d\x76\x65\x72\x73\x69\x6f\x6e\x73", _0x9bc55b_2d.setAttribute("\x61\x72\x69\x61\x2d\x6c\x61\x62\x65\x6c", "\x53\x61\x76\x65\x64\x20\x63\x6f\x64\x65\x20\x76\x65\x72\x73\x69\x6f\x6e\x73");
  const _0x9bc55b_2e = document.createElement("\x68\x32");
  _0x9bc55b_2e.textContent = "\x53\x61\x76\x65\x64\x20\x76\x65\x72\x73\x69\x6f\x6e\x73\x20\x28\x6c\x61\x73\x74\x20\x32\x30\x29";
  const _0x9bc55b_2f = document.createElement("\x73\x65\x6c\x65\x63\x74");
  _0x9bc55b_2f.setAttribute("\x61\x72\x69\x61\x2d\x6c\x61\x62\x65\x6c", "\x53\x61\x76\x65\x64\x20\x76\x65\x72\x73\x69\x6f\x6e");
  const _0x9bc55b_30 = document.createElement("\x74\x65\x78\x74\x61\x72\x65\x61");
  _0x9bc55b_30.readOnly = !0, _0x9bc55b_30.setAttribute("\x61\x72\x69\x61\x2d\x6c\x61\x62\x65\x6c", "\x53\x61\x76\x65\x64\x20\x63\x6f\x64\x65");
  const _0x9bc55b_31 = document.createElement("\x62\x75\x74\x74\x6f\x6e");
  _0x9bc55b_31.textContent = "\x52\x65\x73\x74\x6f\x72\x65\x20\x76\x65\x72\x73\x69\x6f\x6e", _0x9bc55b_31.className = "\x74\x6f\x6f\x6c\x2d\x62\x75\x74\x74\x6f\x6e";
  const _0x9bc55b_32 = document.createElement("\x62\x75\x74\x74\x6f\x6e");
  _0x9bc55b_32.textContent = "\x43\x6c\x6f\x73\x65", _0x9bc55b_32.className = "\x74\x6f\x6f\x6c\x2d\x62\x75\x74\x74\x6f\x6e", _0x9bc55b_2d.append(_0x9bc55b_2e, _0x9bc55b_2f, _0x9bc55b_30, _0x9bc55b_31, _0x9bc55b_32), 
  document.body.append(_0x9bc55b_2d), _0x9bc55b_2f.onchange = () => {
    _0x9bc55b_30.value = _0x9bc55b_7.versions?.[Number(_0x9bc55b_2f.value)]?.code || "";
  }, _0x9bc55b_2c.onclick = () => {
    _0x9bc55b_2f.replaceChildren(), (_0x9bc55b_7.versions || []).forEach((_0x9bc55b_0, _0x9bc55b_1) => {
      const _0x9bc55b_2 = document.createElement("\x6f\x70\x74\x69\x6f\x6e");
      _0x9bc55b_2.value = _0x9bc55b_1, _0x9bc55b_2.textContent = _0x9bc55b_0.file + "\x20\x2d\x20" + new Date(_0x9bc55b_0.at).toLocaleString(), 
      _0x9bc55b_2f.append(_0x9bc55b_2);
    }), _0x9bc55b_31.disabled = !_0x9bc55b_7.versions?.length, _0x9bc55b_2f.onchange(), 
    _0x9bc55b_2d.showModal();
  }, _0x9bc55b_32.onclick = () => _0x9bc55b_2d.close(), _0x9bc55b_31.onclick = () => {
    const _0x9bc55b_0 = _0x9bc55b_7.versions?.[Number(_0x9bc55b_2f.value)];
    _0x9bc55b_0 && (_0x9bc55b_2a(_0x9bc55b_7.file, _0x9bc55b_17()), _0x9bc55b_7.codes[_0x9bc55b_0.file] = _0x9bc55b_0.code, 
    _0x9bc55b_7.file = _0x9bc55b_0.file, _0x9bc55b_7.language = _0x9bc55b_13(_0x9bc55b_0.file), 
    _0x9bc55b_21(), _0x9bc55b_2d.close());
  };
  const _0x9bc55b_33 = document.createElement("\x73\x65\x6c\x65\x63\x74");
  _0x9bc55b_33.className = "\x73\x74\x75\x64\x69\x6f\x2d\x6d\x6f\x64\x65\x6c\x2d\x70\x69\x63\x6b\x65\x72", _0x9bc55b_33.setAttribute("\x61\x72\x69\x61\x2d\x6c\x61\x62\x65\x6c", "\x41\x49\x20\x6d\x6f\x64\x65\x6c"), 
  _0x9bc55b_33.disabled = !0, document.querySelector("\x2e\x61\x73\x73\x69\x73\x74\x61\x6e\x74\x2d\x62\x72\x61\x6e\x64").after(_0x9bc55b_33);
  let _0x9bc55b_34 = "";
  try {
    _0x9bc55b_34 = localStorage.getItem("\x6e\x79\x78\x2e\x63\x6f\x64\x65\x53\x74\x75\x64\x69\x6f\x2e\x6d\x6f\x64\x65\x6c") || "";
  } catch {}
  function _0x9bc55b_35() {
    return _0x9bc55b_9.filter(_0x9bc55b_0 => _0x9bc55b_0.model === _0x9bc55b_34).slice(0, 1);
  }
  async function _0x9bc55b_36() {
    if (parent !== window) {
      const _0x9bc55b_0 = `\x63\x6f\x64\x65\x2d${Date.now()}\x2d${Math.random().toString(36).slice(2)}`, _0x9bc55b_1 = await new Promise(_0x9bc55b_1 => {
        let _0x9bc55b_2 = !1;
        const _0x9bc55b_3 = _0x9bc55b_0 => {
          _0x9bc55b_2 || (_0x9bc55b_2 = !0, clearTimeout(_0x9bc55b_5), removeEventListener("\x6d\x65\x73\x73\x61\x67\x65", _0x9bc55b_4), 
          _0x9bc55b_1(String(_0x9bc55b_0 || "")));
        }, _0x9bc55b_4 = _0x9bc55b_1 => {
          _0x9bc55b_1.source === parent && _0x9bc55b_1.origin === location.origin && "\x6e\x79\x78\x3a\x61\x63\x63\x6f\x75\x6e\x74\x2d\x74\x6f\x6b\x65\x6e\x2d\x72\x65\x73\x70\x6f\x6e\x73\x65" === _0x9bc55b_1.data?.type && _0x9bc55b_1.data.requestId === _0x9bc55b_0 && _0x9bc55b_3(_0x9bc55b_1.data.token);
        }, _0x9bc55b_5 = setTimeout(() => _0x9bc55b_3(""), 2200);
        addEventListener("\x6d\x65\x73\x73\x61\x67\x65", _0x9bc55b_4), parent.postMessage({
          type: "\x6e\x79\x78\x3a\x61\x63\x63\x6f\x75\x6e\x74\x2d\x74\x6f\x6b\x65\x6e\x2d\x72\x65\x71\x75\x65\x73\x74",
          requestId: _0x9bc55b_0
        }, location.origin);
      });
      if (_0x9bc55b_1) return _0x9bc55b_1;
    }
    _0x9bc55b_8 || (_0x9bc55b_8 = (async () => {
      try {
        const _0x9bc55b_0 = await fetch("/gh/dubcatalt2-lab/nyx-jsdelivr-links@main/nyx-static/\x61\x70\x69\x2f\x66\x6f\x75\x6e\x64\x65\x72\x2d\x70\x72\x6f\x66\x69\x6c\x65\x2f\x61\x75\x74\x68\x2d\x63\x6f\x6e\x66\x69\x67", {
          cache: "\x6e\x6f\x2d\x73\x74\x6f\x72\x65"
        }), _0x9bc55b_1 = await _0x9bc55b_0.json();
        if (!_0x9bc55b_1?.enabled || !_0x9bc55b_1?.apiKey || !_0x9bc55b_1?.projectId) return null;
        const [{initializeApp: _0x9bc55b_2, getApps: _0x9bc55b_3}, {getAuth: _0x9bc55b_4, setPersistence: _0x9bc55b_5, \u{62}\u{72}\u{6f}\u{77}\u{73}\u{65}\u{72}\u{4c}\u{6f}\u{63}\u{61}\u{6c}\u{50}\u{65}\u{72}\u{73}\u{69}\u{73}\u{74}\u{65}\u{6e}\u{63}\u{65}: _0x9bc55b_6}] = await Promise.all([ import("\x68\x74\x74\x70\x73\x3a\x2f\x2f\x77\x77\x77\x2e\x67\x73\x74\x61\x74\x69\x63\x2e\x63\x6f\x6d\x2f\x66\x69\x72\x65\x62\x61\x73\x65\x6a\x73\x2f\x31\x31\x2e\x31\x30\x2e\x30\x2f\x66\x69\x72\x65\x62\x61\x73\x65\x2d\x61\x70\x70\x2e\x6a\x73"), import("\x68\x74\x74\x70\x73\x3a\x2f\x2f\x77\x77\x77\x2e\x67\x73\x74\x61\x74\x69\x63\x2e\x63\x6f\x6d\x2f\x66\x69\x72\x65\x62\x61\x73\x65\x6a\x73\x2f\x31\x31\x2e\x31\x30\x2e\x30\x2f\x66\x69\x72\x65\x62\x61\x73\x65\x2d\x61\x75\x74\x68\x2e\x6a\x73") ]), _0x9bc55b_7 = _0x9bc55b_4(_0x9bc55b_3().find(_0x9bc55b_0 => "\x6e\x79\x78\x2d\x63\x6f\x64\x65\x2d\x73\x74\x75\x64\x69\x6f" === _0x9bc55b_0.name) || _0x9bc55b_2({
          apiKey: _0x9bc55b_1.apiKey,
          authDomain: `${_0x9bc55b_1.projectId}\x2e\x66\x69\x72\x65\x62\x61\x73\x65\x61\x70\x70\x2e\x63\x6f\x6d`,
          projectId: _0x9bc55b_1.projectId
        }, "\x6e\x79\x78\x2d\x63\x6f\x64\x65\x2d\x73\x74\x75\x64\x69\x6f"));
        try {
          await _0x9bc55b_5(_0x9bc55b_7, _0x9bc55b_6);
        } catch {}
        return "\x66\x75\x6e\x63\x74\x69\x6f\x6e" == typeof _0x9bc55b_7.authStateReady && await _0x9bc55b_7.authStateReady(), 
        _0x9bc55b_7;
      } catch {
        return null;
      }
    })());
    try {
      const _0x9bc55b_0 = await _0x9bc55b_8;
      return _0x9bc55b_0?.currentUser ? await _0x9bc55b_0.currentUser.getIdToken() : "";
    } catch {
      return "";
    }
  }
  async function _0x9bc55b_37(_0x9bc55b_0 = "\x73\x68\x61\x72\x65\x64", _0x9bc55b_1 = null) {
    const _0x9bc55b_2 = null === _0x9bc55b_1 ? await _0x9bc55b_36() : _0x9bc55b_1;
    return {
      "\x63\x6f\x6e\x74\x65\x6e\x74\x2d\x74\x79\x70\x65": "\x61\x70\x70\x6c\x69\x63\x61\x74\x69\x6f\x6e\x2f\x6a\x73\x6f\x6e",
      "\x78\x2d\x6e\x79\x78\x2d\x61\x69\x2d\x70\x72\x6f\x76\x69\x64\x65\x72": _0x9bc55b_0,
      ..._0x9bc55b_2 ? {
        Authorization: `\x42\x65\x61\x72\x65\x72\x20${_0x9bc55b_2}`
      } : {}
    };
  }
  function _0x9bc55b_38(_0x9bc55b_0 = !1) {
    return !_0x9bc55b_0 && _0x9bc55b_9.length ? Promise.resolve(_0x9bc55b_35()) : (!_0x9bc55b_0 && _0x9bc55b_a || (_0x9bc55b_a = async function() {
      try {
        const _0x9bc55b_0 = await fetch("/gh/dubcatalt2-lab/nyx-jsdelivr-links@main/nyx-static/\x61\x70\x69\x2f\x6e\x79\x78\x2d\x61\x69\x2f\x70\x72\x6f\x76\x69\x64\x65\x72\x73", {
          headers: {
            accept: "\x61\x70\x70\x6c\x69\x63\x61\x74\x69\x6f\x6e\x2f\x6a\x73\x6f\x6e"
          }
        }), _0x9bc55b_1 = await _0x9bc55b_0.json(), _0x9bc55b_2 = _0x9bc55b_0.ok && Array.isArray(_0x9bc55b_1?.providers) ? _0x9bc55b_1.providers.map(_0x9bc55b_0 => String(_0x9bc55b_0?.id || "")) : [], _0x9bc55b_3 = [ "\x73\x68\x61\x72\x65\x64" ].filter(_0x9bc55b_0 => _0x9bc55b_2.includes(_0x9bc55b_0)), _0x9bc55b_4 = await _0x9bc55b_36(), _0x9bc55b_5 = (await Promise.all(_0x9bc55b_3.map(async _0x9bc55b_0 => {
          try {
            const _0x9bc55b_1 = await fetch("/gh/dubcatalt2-lab/nyx-jsdelivr-links@main/nyx-static/\x61\x70\x69\x2f\x6e\x79\x78\x2d\x61\x69\x2f\x6d\x6f\x64\x65\x6c\x73", {
              headers: await _0x9bc55b_37(_0x9bc55b_0, _0x9bc55b_4)
            }), _0x9bc55b_2 = await _0x9bc55b_1.json();
            return (_0x9bc55b_1.ok && Array.isArray(_0x9bc55b_2?.models) ? _0x9bc55b_2.models : []).filter(_0x9bc55b_0 => _0x9bc55b_0?.id).map(_0x9bc55b_1 => ({
              provider: _0x9bc55b_0,
              model: String(_0x9bc55b_1.id),
              label: String(_0x9bc55b_1.label || _0x9bc55b_1.id)
            }));
          } catch {
            return null;
          }
        }))).flat().filter(Boolean);
        _0x9bc55b_9 = _0x9bc55b_5;
      } catch {
        _0x9bc55b_9 = [];
      }
      return function() {
        _0x9bc55b_33.replaceChildren();
        for (const _0x9bc55b_0 of _0x9bc55b_9) {
          const _0x9bc55b_1 = document.createElement("\x6f\x70\x74\x69\x6f\x6e");
          _0x9bc55b_1.value = _0x9bc55b_0.model, _0x9bc55b_1.textContent = _0x9bc55b_0.label || _0x9bc55b_0.model, 
          _0x9bc55b_33.append(_0x9bc55b_1);
        }
        if (_0x9bc55b_9.some(_0x9bc55b_0 => _0x9bc55b_0.model === _0x9bc55b_34) || (_0x9bc55b_34 = _0x9bc55b_9[0]?.model || ""), 
        _0x9bc55b_33.value = _0x9bc55b_34, _0x9bc55b_33.disabled = !_0x9bc55b_9.length, 
        !_0x9bc55b_9.length) {
          const _0x9bc55b_0 = document.createElement("\x6f\x70\x74\x69\x6f\x6e");
          _0x9bc55b_0.textContent = "\x4d\x6f\x64\x65\x6c\x73\x20\x75\x6e\x61\x76\x61\x69\x6c\x61\x62\x6c\x65", _0x9bc55b_33.append(_0x9bc55b_0);
        }
      }(), _0x9bc55b_9;
    }()), _0x9bc55b_a.then(() => _0x9bc55b_35()));
  }
  async function _0x9bc55b_39(_0x9bc55b_0, _0x9bc55b_1, _0x9bc55b_2) {
    const _0x9bc55b_3 = await fetch("/gh/dubcatalt2-lab/nyx-jsdelivr-links@main/nyx-static/\x61\x70\x69\x2f\x6e\x79\x78\x2d\x61\x69", {
      method: "\x50\x4f\x53\x54",
      signal: AbortSignal.timeout(125e3),
      headers: await _0x9bc55b_37(_0x9bc55b_0.provider, _0x9bc55b_2),
      body: JSON.stringify({
        ..._0x9bc55b_1,
        model: _0x9bc55b_0.model
      })
    }), _0x9bc55b_4 = await _0x9bc55b_3.json().catch(() => ({}));
    if (!_0x9bc55b_3.ok) {
      const _0x9bc55b_0 = new Error(_0x9bc55b_4?.error || (_0x9bc55b_3.status >= 500 ? "\x4e\x79\x78\x20\x41\x49\x20\x69\x73\x20\x74\x65\x6d\x70\x6f\x72\x61\x72\x69\x6c\x79\x20\x75\x6e\x61\x76\x61\x69\x6c\x61\x62\x6c\x65\x2e\x20\x50\x6c\x65\x61\x73\x65\x20\x74\x72\x79\x20\x61\x67\x61\x69\x6e\x2e" : `\x4e\x79\x78\x20\x41\x49\x20\x63\x6f\x75\x6c\x64\x20\x6e\x6f\x74\x20\x68\x65\x6c\x70\x20\x28${_0x9bc55b_3.status}\x29\x2e`));
      throw _0x9bc55b_0.status = _0x9bc55b_3.status, _0x9bc55b_0;
    }
    const _0x9bc55b_5 = function(_0x9bc55b_0) {
      const _0x9bc55b_1 = _0x9bc55b_0?.text || _0x9bc55b_0?.response || _0x9bc55b_0?.choices?.[0]?.message?.content || _0x9bc55b_0?.choices?.[0]?.text || "";
      return (Array.isArray(_0x9bc55b_1) ? _0x9bc55b_1.filter(_0x9bc55b_0 => "\x74\x65\x78\x74" === _0x9bc55b_0?.type).map(_0x9bc55b_0 => _0x9bc55b_0.text || "").join("") : "\x73\x74\x72\x69\x6e\x67" == typeof _0x9bc55b_1 ? _0x9bc55b_1 : "").trim();
    }(_0x9bc55b_4);
    if ("\x63\x6f\x64\x65\x2d\x65\x64\x69\x74" === _0x9bc55b_1.task && "\x6c\x65\x6e\x67\x74\x68" === _0x9bc55b_4?.finishReason) throw new Error("\x54\x68\x65\x20\x6d\x6f\x64\x65\x6c\x20\x72\x65\x61\x63\x68\x65\x64\x20\x69\x74\x73\x20\x72\x65\x70\x6c\x79\x20\x6c\x69\x6d\x69\x74\x2e\x20\x59\x6f\x75\x72\x20\x66\x69\x6c\x65\x73\x20\x61\x72\x65\x20\x75\x6e\x63\x68\x61\x6e\x67\x65\x64\x2e\x20\x41\x73\x6b\x20\x66\x6f\x72\x20\x6f\x6e\x65\x20\x73\x6d\x61\x6c\x6c\x65\x72\x20\x63\x68\x61\x6e\x67\x65\x20\x61\x74\x20\x61\x20\x74\x69\x6d\x65\x2e");
    if (!_0x9bc55b_5) throw new Error("\x54\x68\x65\x20\x6d\x6f\x64\x65\x6c\x20\x72\x65\x74\x75\x72\x6e\x65\x64\x20\x6e\x6f\x20\x61\x6e\x73\x77\x65\x72\x2e\x20\x54\x72\x79\x20\x61\x6e\x6f\x74\x68\x65\x72\x20\x6d\x6f\x64\x65\x6c\x20\x6f\x72\x20\x61\x20\x73\x6d\x61\x6c\x6c\x65\x72\x20\x72\x65\x71\x75\x65\x73\x74\x2e\x20\x59\x6f\x75\x72\x20\x66\x69\x6c\x65\x73\x20\x61\x72\x65\x20\x75\x6e\x63\x68\x61\x6e\x67\x65\x64\x2e");
    return _0x9bc55b_5;
  }
  function _0x9bc55b_3a(_0x9bc55b_0, _0x9bc55b_1 = !1) {
    _0x9bc55b_4.aiStatusLabel.textContent = _0x9bc55b_0, _0x9bc55b_4.aiStatus.classList.toggle("\x69\x73\x2d\x77\x6f\x72\x6b\x69\x6e\x67", _0x9bc55b_1);
  }
  function _0x9bc55b_3b(_0x9bc55b_0, _0x9bc55b_1, _0x9bc55b_2 = !1) {
    _0x9bc55b_4.answer.querySelector("\x5b\x64\x61\x74\x61\x2d\x61\x69\x2d\x65\x6d\x70\x74\x79\x5d")?.remove();
    const _0x9bc55b_3 = document.createElement("\x61\x72\x74\x69\x63\x6c\x65");
    _0x9bc55b_3.className = `\x61\x69\x2d\x6d\x65\x73\x73\x61\x67\x65\x20\x69\x73\x2d${_0x9bc55b_0}${_0x9bc55b_2 ? "\x20\x69\x73\x2d\x65\x72\x72\x6f\x72" : ""}`;
    const _0x9bc55b_5 = document.createElement("\x68\x65\x61\x64\x65\x72");
    _0x9bc55b_5.textContent = "\x75\x73\x65\x72" === _0x9bc55b_0 ? "\x59\x6f\x75" : "\x4e\x79\x78\x20\x41\x49";
    const _0x9bc55b_6 = document.createElement("\x70");
    return _0x9bc55b_6.textContent = _0x9bc55b_1, _0x9bc55b_3.append(_0x9bc55b_5, _0x9bc55b_6), 
    _0x9bc55b_4.answer.append(_0x9bc55b_3), _0x9bc55b_4.answer.scrollTop = _0x9bc55b_4.answer.scrollHeight, 
    _0x9bc55b_3;
  }
  _0x9bc55b_33.onchange = () => {
    _0x9bc55b_34 = _0x9bc55b_33.value;
    try {
      localStorage.setItem("\x6e\x79\x78\x2e\x63\x6f\x64\x65\x53\x74\x75\x64\x69\x6f\x2e\x6d\x6f\x64\x65\x6c", _0x9bc55b_34);
    } catch {}
  };
  let _0x9bc55b_3c = !1;
  const _0x9bc55b_3d = document.createElement("\x73\x65\x6c\x65\x63\x74");
  _0x9bc55b_3d.className = "\x73\x74\x75\x64\x69\x6f\x2d\x6d\x6f\x64\x65\x6c\x2d\x70\x69\x63\x6b\x65\x72", _0x9bc55b_3d.setAttribute("\x61\x72\x69\x61\x2d\x6c\x61\x62\x65\x6c", "\x41\x73\x73\x69\x73\x74\x61\x6e\x74\x20\x6d\x6f\x64\x65");
  for (const [_0x9bc55b_48, _0x9bc55b_49] of [ [ "\x61\x67\x65\x6e\x74", "\x41\x67\x65\x6e\x74\x20\x2d\x20\x65\x64\x69\x74\x20\x63\x6f\x64\x65" ], [ "\x61\x73\x6b", "\x41\x73\x6b\x20\x2d\x20\x65\x78\x70\x6c\x61\x69\x6e\x20\x63\x6f\x64\x65" ] ]) {
    const _0x9bc55b_0 = document.createElement("\x6f\x70\x74\x69\x6f\x6e");
    _0x9bc55b_0.value = _0x9bc55b_48, _0x9bc55b_0.textContent = _0x9bc55b_49, _0x9bc55b_3d.append(_0x9bc55b_0);
  }
  const _0x9bc55b_3e = document.createElement("\x64\x69\x76");
  _0x9bc55b_3e.className = "\x61\x73\x73\x69\x73\x74\x61\x6e\x74\x2d\x73\x65\x74\x74\x69\x6e\x67\x73", _0x9bc55b_33.before(_0x9bc55b_3e);
  for (const [_0x9bc55b_48, _0x9bc55b_49] of [ [ "\x4d\x6f\x64\x65\x6c", _0x9bc55b_33 ], [ "\x4d\x6f\x64\x65", _0x9bc55b_3d ] ]) {
    const _0x9bc55b_0 = document.createElement("\x6c\x61\x62\x65\x6c");
    _0x9bc55b_0.textContent = _0x9bc55b_48, _0x9bc55b_0.append(_0x9bc55b_49), _0x9bc55b_3e.append(_0x9bc55b_0);
  }
  _0x9bc55b_3d.onchange = () => {
    _0x9bc55b_4.prompt.placeholder = "\x61\x67\x65\x6e\x74" === _0x9bc55b_3d.value ? "\x44\x65\x73\x63\x72\x69\x62\x65\x20\x74\x68\x65\x20\x63\x68\x61\x6e\x67\x65\x20\x74\x6f\x20\x6d\x61\x6b\x65\u2026" : "\x41\x73\x6b\x20\x61\x20\x71\x75\x65\x73\x74\x69\x6f\x6e\x20\x61\x62\x6f\x75\x74\x20\x79\x6f\x75\x72\x20\x63\x6f\x64\x65\u2026", 
    document.querySelector("\x23\x61\x73\x73\x69\x73\x74\x61\x6e\x74\x2d\x74\x69\x74\x6c\x65").textContent = "\x61\x67\x65\x6e\x74" === _0x9bc55b_3d.value ? "\x43\x6f\x64\x65\x20\x61\x67\x65\x6e\x74" : "\x41\x73\x6b\x20\x4e\x79\x78";
  };
  const _0x9bc55b_3f = document.createElement("\x73\x65\x6c\x65\x63\x74");
  _0x9bc55b_3f.className = "\x73\x74\x75\x64\x69\x6f\x2d\x6d\x6f\x64\x65\x6c\x2d\x70\x69\x63\x6b\x65\x72", _0x9bc55b_3f.setAttribute("\x61\x72\x69\x61\x2d\x6c\x61\x62\x65\x6c", "\x57\x6f\x72\x6b\x73\x70\x61\x63\x65\x20\x66\x69\x6c\x65\x73");
  const _0x9bc55b_40 = document.createElement("\x6c\x61\x62\x65\x6c");
  _0x9bc55b_40.className = "\x77\x6f\x72\x6b\x73\x70\x61\x63\x65\x2d\x66\x69\x6c\x65\x2d\x66\x69\x65\x6c\x64", _0x9bc55b_40.textContent = "\x4f\x70\x65\x6e\x20\x66\x69\x6c\x65", 
  _0x9bc55b_40.append(_0x9bc55b_3f), document.querySelector("\x2e\x70\x72\x6f\x6a\x65\x63\x74\x2d\x63\x6f\x6e\x74\x72\x6f\x6c\x73").prepend(_0x9bc55b_40), 
  _0x9bc55b_3f.onchange = () => _0x9bc55b_2b(_0x9bc55b_3f.value);
  const _0x9bc55b_41 = document.createElement("\x62\x75\x74\x74\x6f\x6e");
  _0x9bc55b_41.type = "\x62\x75\x74\x74\x6f\x6e", _0x9bc55b_41.className = "\x74\x6f\x6f\x6c\x2d\x62\x75\x74\x74\x6f\x6e", _0x9bc55b_41.textContent = "\x2b\x20\x4e\x65\x77\x20\x66\x69\x6c\x65", 
  _0x9bc55b_41.dataset.newFile = "", _0x9bc55b_40.after(_0x9bc55b_41);
  const _0x9bc55b_42 = document.createElement("\x64\x69\x61\x6c\x6f\x67");
  async function _0x9bc55b_43(_0x9bc55b_0) {
    const _0x9bc55b_3 = String(_0x9bc55b_0 || "").trim();
    if (!_0x9bc55b_3 || _0x9bc55b_3c || _0x9bc55b_4.language.disabled) return;
    _0x9bc55b_3c = !0;
    const _0x9bc55b_5 = "\x61\x67\x65\x6e\x74" === _0x9bc55b_3d.value, _0x9bc55b_6 = {
      codes: JSON.stringify(_0x9bc55b_7.codes),
      language: _0x9bc55b_7.language,
      file: _0x9bc55b_7.file,
      current: _0x9bc55b_17()
    };
    _0x9bc55b_4.send.disabled = !0, document.querySelectorAll("\x5b\x64\x61\x74\x61\x2d\x61\x69\x2d\x70\x72\x6f\x6d\x70\x74\x5d").forEach(_0x9bc55b_0 => {
      _0x9bc55b_0.disabled = !0;
    }), _0x9bc55b_3a("\x54\x68\x69\x6e\x6b\x69\x6e\x67", !0), _0x9bc55b_3b("\x75\x73\x65\x72", _0x9bc55b_3);
    const _0x9bc55b_8 = _0x9bc55b_3b("\x61\x73\x73\x69\x73\x74\x61\x6e\x74", "\x4c\x6f\x6f\x6b\x69\x6e\x67\x20\x74\x68\x72\x6f\x75\x67\x68\x20\x79\x6f\x75\x72\x20\x63\x6f\x64\x65\u2026");
    _0x9bc55b_8.classList.add("\x69\x73\x2d\x6c\x6f\x61\x64\x69\x6e\x67");
    try {
      let _0x9bc55b_0 = await _0x9bc55b_38();
      if (_0x9bc55b_0.length || (_0x9bc55b_0 = await _0x9bc55b_38(!0)), !_0x9bc55b_0.length) throw new Error("\x4e\x79\x78\x20\x41\x49\x20\x69\x73\x20\x6e\x6f\x74\x20\x61\x76\x61\x69\x6c\x61\x62\x6c\x65\x20\x72\x69\x67\x68\x74\x20\x6e\x6f\x77\x2e\x20\x50\x6c\x65\x61\x73\x65\x20\x74\x72\x79\x20\x61\x67\x61\x69\x6e\x20\x69\x6e\x20\x61\x20\x6d\x6f\x6d\x65\x6e\x74\x2e");
      const _0x9bc55b_b = _0x9bc55b_7.file, _0x9bc55b_c = _0x9bc55b_17(), _0x9bc55b_d = 18e3, _0x9bc55b_e = _0x9bc55b_c.slice(0, _0x9bc55b_d);
      let _0x9bc55b_f = `\x59\x6f\x75\x20\x61\x72\x65\x20\x68\x65\x6c\x70\x69\x6e\x67\x20\x69\x6e\x20\x4e\x79\x78\x20\x43\x6f\x64\x65\x20\x53\x74\x75\x64\x69\x6f\x2e\x20\x47\x69\x76\x65\x20\x61\x20\x70\x72\x61\x63\x74\x69\x63\x61\x6c\x2c\x20\x66\x72\x69\x65\x6e\x64\x6c\x79\x20\x61\x6e\x73\x77\x65\x72\x20\x66\x6f\x72\x20\x61\x20${_0x9bc55b_b}\x20\x66\x69\x6c\x65\x2e\x20\x46\x6f\x63\x75\x73\x20\x6f\x6e\x20\x74\x68\x65\x20\x72\x65\x71\x75\x65\x73\x74\x2c\x20\x70\x6f\x69\x6e\x74\x20\x6f\x75\x74\x20\x74\x68\x65\x20\x6d\x6f\x73\x74\x20\x69\x6d\x70\x6f\x72\x74\x61\x6e\x74\x20\x69\x73\x73\x75\x65\x20\x66\x69\x72\x73\x74\x2c\x20\x61\x6e\x64\x20\x69\x6e\x63\x6c\x75\x64\x65\x20\x61\x20\x73\x6d\x61\x6c\x6c\x20\x63\x6f\x72\x72\x65\x63\x74\x65\x64\x20\x73\x6e\x69\x70\x70\x65\x74\x20\x6f\x6e\x6c\x79\x20\x77\x68\x65\x6e\x20\x69\x74\x20\x68\x65\x6c\x70\x73\x2e\x0a\x0a\x55\x73\x65\x72\x20\x72\x65\x71\x75\x65\x73\x74\x3a\x20${_0x9bc55b_3}\x0a\x0a\x43\x75\x72\x72\x65\x6e\x74\x20\x63\x6f\x64\x65${_0x9bc55b_c.length > _0x9bc55b_d ? "\x20\x28\x66\x69\x72\x73\x74\x20\x31\x38\x2c\x30\x30\x30\x20\x63\x68\x61\x72\x61\x63\x74\x65\x72\x73\x29" : ""}\x3a\x0a\x0a${_0x9bc55b_e}`;
      if (_0x9bc55b_5) {
        let _0x9bc55b_0 = {
          ...JSON.parse(_0x9bc55b_6.codes),
          [_0x9bc55b_6.file]: _0x9bc55b_6.current
        };
        if (JSON.stringify(_0x9bc55b_0).length > 2e4 && (_0x9bc55b_0 = {
          [_0x9bc55b_6.file]: _0x9bc55b_6.current
        }), _0x9bc55b_6.provided = Object.keys(_0x9bc55b_0), _0x9bc55b_f = "\x59\x6f\x75\x20\x61\x72\x65\x20\x74\x68\x65\x20\x63\x6f\x64\x65\x20\x65\x64\x69\x74\x69\x6e\x67\x20\x61\x67\x65\x6e\x74\x20\x69\x6e\x20\x4e\x79\x78\x20\x43\x6f\x64\x65\x20\x53\x61\x6e\x64\x62\x6f\x78\x2e\x20\x52\x65\x74\x75\x72\x6e\x20\x4f\x4e\x4c\x59\x20\x4a\x53\x4f\x4e\x3a\x20\x7b\x22\x73\x75\x6d\x6d\x61\x72\x79\x22\x3a\x22\x73\x68\x6f\x72\x74\x20\x65\x78\x70\x6c\x61\x6e\x61\x74\x69\x6f\x6e\x22\x2c\x22\x66\x69\x6c\x65\x73\x22\x3a\x5b\x7b\x22\x6e\x61\x6d\x65\x22\x3a\x22\x69\x6e\x64\x65\x78\x2e\x68\x74\x6d\x6c\x22\x2c\x22\x65\x64\x69\x74\x73\x22\x3a\x5b\x7b\x22\x73\x65\x61\x72\x63\x68\x22\x3a\x22\x65\x78\x61\x63\x74\x20\x6f\x6c\x64\x20\x74\x65\x78\x74\x22\x2c\x22\x72\x65\x70\x6c\x61\x63\x65\x22\x3a\x22\x6e\x65\x77\x20\x74\x65\x78\x74\x22\x7d\x5d\x7d\x5d\x7d\x2e\x20\x45\x61\x63\x68\x20\x73\x65\x61\x72\x63\x68\x20\x6d\x75\x73\x74\x20\x6d\x61\x74\x63\x68\x20\x65\x78\x61\x63\x74\x6c\x79\x20\x6f\x6e\x63\x65\x3b\x20\x65\x64\x69\x74\x73\x20\x61\x70\x70\x6c\x79\x20\x69\x6e\x20\x6f\x72\x64\x65\x72\x2e\x20\x46\x6f\x72\x20\x6e\x65\x77\x20\x66\x69\x6c\x65\x73\x20\x6f\x72\x20\x73\x6d\x61\x6c\x6c\x20\x72\x65\x77\x72\x69\x74\x65\x73\x20\x75\x73\x65\x20\x7b\x22\x6e\x61\x6d\x65\x22\x3a\x22\x73\x74\x79\x6c\x65\x73\x2e\x63\x73\x73\x22\x2c\x22\x63\x6f\x64\x65\x22\x3a\x22\x63\x6f\x6d\x70\x6c\x65\x74\x65\x20\x63\x6f\x6e\x74\x65\x6e\x74\x73\x22\x7d\x2e\x20\x4e\x65\x76\x65\x72\x20\x63\x6f\x6d\x62\x69\x6e\x65\x20\x63\x6f\x64\x65\x20\x61\x6e\x64\x20\x65\x64\x69\x74\x73\x2e\x20\x55\x73\x65\x20\x72\x65\x61\x6c\x20\x72\x65\x6c\x61\x74\x69\x76\x65\x20\x66\x69\x6c\x65\x20\x6e\x61\x6d\x65\x73\x3b\x20\x6d\x75\x6c\x74\x69\x70\x6c\x65\x20\x66\x69\x6c\x65\x73\x20\x6f\x66\x20\x74\x68\x65\x20\x73\x61\x6d\x65\x20\x6c\x61\x6e\x67\x75\x61\x67\x65\x20\x61\x72\x65\x20\x61\x6c\x6c\x6f\x77\x65\x64\x2e\x20\x53\x75\x70\x70\x6f\x72\x74\x65\x64\x20\x65\x78\x74\x65\x6e\x73\x69\x6f\x6e\x73\x3a\x20\x68\x74\x6d\x6c\x2c\x20\x63\x73\x73\x2c\x20\x6a\x73\x2c\x20\x6d\x6a\x73\x2c\x20\x74\x73\x2c\x20\x70\x79\x2c\x20\x6a\x61\x76\x61\x2c\x20\x63\x2c\x20\x63\x70\x70\x2c\x20\x63\x73\x2c\x20\x67\x6f\x2c\x20\x72\x73\x2c\x20\x70\x68\x70\x2c\x20\x72\x62\x2c\x20\x73\x71\x6c\x2c\x20\x6a\x73\x6f\x6e\x2c\x20\x6d\x64\x2e\x20\x4e\x6f\x20\x70\x61\x72\x65\x6e\x74\x20\x70\x61\x74\x68\x73\x2e\x20\x4c\x69\x6e\x6b\x20\x43\x53\x53\x20\x61\x6e\x64\x20\x63\x6c\x61\x73\x73\x69\x63\x20\x4a\x61\x76\x61\x53\x63\x72\x69\x70\x74\x20\x66\x72\x6f\x6d\x20\x48\x54\x4d\x4c\x20\x75\x73\x69\x6e\x67\x20\x72\x65\x6c\x61\x74\x69\x76\x65\x20\x68\x72\x65\x66\x2f\x73\x72\x63\x20\x70\x61\x74\x68\x73\x3b\x20\x74\x68\x65\x20\x70\x72\x65\x76\x69\x65\x77\x20\x72\x65\x73\x6f\x6c\x76\x65\x73\x20\x77\x6f\x72\x6b\x73\x70\x61\x63\x65\x20\x66\x69\x6c\x65\x73\x2e\x20\x4e\x6f\x20\x62\x75\x69\x6c\x64\x20\x74\x6f\x6f\x6c\x73\x20\x6f\x72\x20\x65\x78\x74\x65\x72\x6e\x61\x6c\x20\x64\x65\x70\x65\x6e\x64\x65\x6e\x63\x69\x65\x73\x20\x69\x6e\x20\x77\x6f\x72\x6b\x73\x70\x61\x63\x65\x20\x70\x72\x65\x76\x69\x65\x77\x73\x2e\x20\x52\x65\x74\x75\x72\x6e\x20\x6f\x6e\x6c\x79\x20\x63\x68\x61\x6e\x67\x65\x64\x20\x66\x69\x6c\x65\x73\x2c\x20\x61\x74\x20\x6d\x6f\x73\x74\x20\x38\x2c\x20\x65\x61\x63\x68\x20\x61\x74\x20\x6d\x6f\x73\x74\x20\x32\x34\x30\x30\x30\x20\x63\x68\x61\x72\x61\x63\x74\x65\x72\x73\x2e\x20\x4b\x65\x65\x70\x20\x74\x68\x65\x20\x72\x65\x73\x70\x6f\x6e\x73\x65\x20\x63\x6f\x6d\x70\x61\x63\x74\x3b\x20\x70\x72\x65\x66\x65\x72\x20\x65\x78\x61\x63\x74\x20\x65\x64\x69\x74\x73\x2e\x20\x4e\x6f\x20\x70\x6c\x61\x63\x65\x68\x6f\x6c\x64\x65\x72\x73\x2c\x20\x65\x6c\x6c\x69\x70\x73\x65\x73\x2c\x20\x73\x68\x65\x6c\x6c\x20\x63\x6f\x6d\x6d\x61\x6e\x64\x73\x20\x6f\x72\x20\x61\x75\x74\x6f\x6d\x61\x74\x69\x63\x20\x65\x78\x65\x63\x75\x74\x69\x6f\x6e\x2e\x20\x46\x6f\x72\x20\x65\x78\x70\x6c\x61\x6e\x61\x74\x69\x6f\x6e\x73\x20\x72\x65\x74\x75\x72\x6e\x20\x66\x69\x6c\x65\x73\x3a\x20\x5b\x5d\x2e\x20\x50\x72\x65\x73\x65\x72\x76\x65\x20\x75\x6e\x72\x65\x6c\x61\x74\x65\x64\x20\x63\x6f\x64\x65\x2e\x20\x46\x6f\x63\x75\x73\x20\x6f\x6e\x20" + _0x9bc55b_6.file + "\x20\x75\x6e\x6c\x65\x73\x73\x20\x61\x73\x6b\x65\x64\x20\x6f\x74\x68\x65\x72\x77\x69\x73\x65\x2e\x20\x45\x64\x69\x74\x20\x73\x75\x70\x70\x6c\x69\x65\x64\x20\x66\x69\x6c\x65\x73\x20\x6f\x72\x20\x63\x72\x65\x61\x74\x65\x20\x6e\x65\x77\x20\x66\x69\x6c\x65\x73\x2e\x20\x53\x75\x70\x70\x6c\x69\x65\x64\x20\x66\x69\x6c\x65\x73\x20\x28\x64\x61\x74\x61\x29\x3a\x20" + JSON.stringify(_0x9bc55b_0) + "\x0a\x55\x73\x65\x72\x20\x72\x65\x71\x75\x65\x73\x74\x3a\x20" + _0x9bc55b_3, 
        _0x9bc55b_f.length > 24e3) throw Error("\x54\x68\x69\x73\x20\x77\x6f\x72\x6b\x73\x70\x61\x63\x65\x20\x65\x78\x63\x65\x65\x64\x73\x20\x74\x68\x65\x20\x41\x49\x20\x63\x6f\x6e\x74\x65\x78\x74\x20\x6c\x69\x6d\x69\x74\x2e\x20\x4b\x65\x65\x70\x20\x61\x20\x73\x6d\x61\x6c\x6c\x65\x72\x20\x77\x6f\x72\x6b\x73\x70\x61\x63\x65\x20\x66\x6f\x72\x20\x74\x68\x69\x73\x20\x65\x64\x69\x74\x3b\x20\x79\x6f\x75\x72\x20\x66\x69\x6c\x65\x73\x20\x61\x72\x65\x20\x75\x6e\x63\x68\x61\x6e\x67\x65\x64\x2e");
      }
      const _0x9bc55b_10 = {
        message: _0x9bc55b_3,
        messages: [ {
          role: "\x75\x73\x65\x72",
          content: _0x9bc55b_f
        } ],
        responseDepth: "\x6e\x6f\x72\x6d\x61\x6c",
        stream: !1,
        ..._0x9bc55b_5 ? {
          task: "\x63\x6f\x64\x65\x2d\x65\x64\x69\x74"
        } : {}
      }, _0x9bc55b_11 = await _0x9bc55b_36();
      let _0x9bc55b_12 = "", _0x9bc55b_15 = null;
      for (let _0x9bc55b_1 = 0; _0x9bc55b_1 < _0x9bc55b_0.length; _0x9bc55b_1 += 1) {
        const _0x9bc55b_2 = _0x9bc55b_0[_0x9bc55b_1];
        try {
          _0x9bc55b_12 = await _0x9bc55b_39(_0x9bc55b_2, _0x9bc55b_10, _0x9bc55b_11), _0x9bc55b_1 > 0 && (_0x9bc55b_9 = [ _0x9bc55b_2, ..._0x9bc55b_0.filter(_0x9bc55b_0 => _0x9bc55b_0 !== _0x9bc55b_2) ]);
          break;
        } catch (_0x9bc55b_a) {
          if (_0x9bc55b_15 = _0x9bc55b_a, !(_0x9bc55b_a?.status >= 500) || _0x9bc55b_1 === _0x9bc55b_0.length - 1) throw _0x9bc55b_a;
        }
      }
      if (!_0x9bc55b_12) throw _0x9bc55b_15 || new Error("\x4e\x79\x78\x20\x41\x49\x20\x64\x69\x64\x20\x6e\x6f\x74\x20\x72\x65\x74\x75\x72\x6e\x20\x61\x20\x73\x75\x67\x67\x65\x73\x74\x69\x6f\x6e\x2e");
      const _0x9bc55b_18 = _0x9bc55b_5 ? function(_0x9bc55b_0, _0x9bc55b_3, _0x9bc55b_4) {
        let _0x9bc55b_5;
        try {
          const _0x9bc55b_1 = _0x9bc55b_0.indexOf("\x7b"), _0x9bc55b_2 = _0x9bc55b_0.lastIndexOf("\x7d");
          _0x9bc55b_5 = JSON.parse(_0x9bc55b_0.slice(_0x9bc55b_1, _0x9bc55b_2 + 1));
        } catch {
          throw Error("\x54\x68\x65\x20\x6d\x6f\x64\x65\x6c\x20\x64\x69\x64\x20\x6e\x6f\x74\x20\x72\x65\x74\x75\x72\x6e\x20\x61\x20\x63\x6f\x6d\x70\x6c\x65\x74\x65\x20\x65\x64\x69\x74\x2e\x20\x59\x6f\x75\x72\x20\x66\x69\x6c\x65\x73\x20\x61\x72\x65\x20\x75\x6e\x63\x68\x61\x6e\x67\x65\x64\x2e\x20\x41\x73\x6b\x20\x66\x6f\x72\x20\x6f\x6e\x65\x20\x73\x6d\x61\x6c\x6c\x65\x72\x20\x63\x68\x61\x6e\x67\x65\x20\x6f\x72\x20\x63\x68\x6f\x6f\x73\x65\x20\x61\x6e\x6f\x74\x68\x65\x72\x20\x6d\x6f\x64\x65\x6c\x2e");
        }
        if (!_0x9bc55b_5 || "\x73\x74\x72\x69\x6e\x67" != typeof _0x9bc55b_5.summary || !Array.isArray(_0x9bc55b_5.files) || _0x9bc55b_5.files.length > 8) throw Error("\x49\x6e\x76\x61\x6c\x69\x64\x20\x65\x64\x69\x74\x20\x72\x65\x73\x70\x6f\x6e\x73\x65\x2e\x20\x59\x6f\x75\x72\x20\x66\x69\x6c\x65\x73\x20\x61\x72\x65\x20\x75\x6e\x63\x68\x61\x6e\x67\x65\x64\x2e");
        const _0x9bc55b_6 = {
          ...JSON.parse(_0x9bc55b_3.codes),
          [_0x9bc55b_3.file]: _0x9bc55b_3.current
        }, _0x9bc55b_8 = new Set;
        for (const _0x9bc55b_7 of _0x9bc55b_5.files) {
          if (_0x9bc55b_7 && !_0x9bc55b_7.name && Object.hasOwn(_0x9bc55b_2, _0x9bc55b_7.language) && (_0x9bc55b_7.name = _0x9bc55b_2[_0x9bc55b_7.language].file), 
          !_0x9bc55b_7 || !_0x9bc55b_14(_0x9bc55b_7.name) || _0x9bc55b_8.has(_0x9bc55b_7.name.toLowerCase()) || Object.keys(_0x9bc55b_6).some(_0x9bc55b_0 => _0x9bc55b_0 !== _0x9bc55b_7.name && _0x9bc55b_0.toLowerCase() === _0x9bc55b_7.name.toLowerCase())) throw Error("\x49\x6e\x76\x61\x6c\x69\x64\x20\x65\x64\x69\x74\x20\x72\x65\x73\x70\x6f\x6e\x73\x65\x2e\x20\x59\x6f\x75\x72\x20\x66\x69\x6c\x65\x73\x20\x61\x72\x65\x20\x75\x6e\x63\x68\x61\x6e\x67\x65\x64\x2e");
          if (!_0x9bc55b_3.provided.includes(_0x9bc55b_7.name) && "\x73\x74\x72\x69\x6e\x67" == typeof _0x9bc55b_6[_0x9bc55b_7.name]) throw Error("\x53\x65\x6c\x65\x63\x74\x20\x74\x68\x65\x20\x6f\x74\x68\x65\x72\x20\x73\x61\x76\x65\x64\x20\x66\x69\x6c\x65\x20\x62\x65\x66\x6f\x72\x65\x20\x61\x73\x6b\x69\x6e\x67\x20\x4e\x79\x78\x20\x74\x6f\x20\x65\x64\x69\x74\x20\x69\x74\x2e\x20\x59\x6f\x75\x72\x20\x66\x69\x6c\x65\x73\x20\x61\x72\x65\x20\x75\x6e\x63\x68\x61\x6e\x67\x65\x64\x2e");
          if (_0x9bc55b_8.add(_0x9bc55b_7.name.toLowerCase()), Array.isArray(_0x9bc55b_7.edits)) {
            if (void 0 !== _0x9bc55b_7.code || !_0x9bc55b_7.edits.length || _0x9bc55b_7.edits.length > 16 || "\x73\x74\x72\x69\x6e\x67" != typeof _0x9bc55b_6[_0x9bc55b_7.name]) throw Error("\x49\x6e\x76\x61\x6c\x69\x64\x20\x65\x64\x69\x74\x20\x72\x65\x73\x70\x6f\x6e\x73\x65\x2e\x20\x59\x6f\x75\x72\x20\x66\x69\x6c\x65\x73\x20\x61\x72\x65\x20\x75\x6e\x63\x68\x61\x6e\x67\x65\x64\x2e");
            let _0x9bc55b_0 = _0x9bc55b_6[_0x9bc55b_7.name];
            for (const _0x9bc55b_2 of _0x9bc55b_7.edits) {
              if ("\x73\x74\x72\x69\x6e\x67" != typeof _0x9bc55b_2?.search || !_0x9bc55b_2.search || "\x73\x74\x72\x69\x6e\x67" != typeof _0x9bc55b_2.replace) throw Error("\x49\x6e\x76\x61\x6c\x69\x64\x20\x65\x64\x69\x74\x20\x72\x65\x73\x70\x6f\x6e\x73\x65\x2e\x20\x59\x6f\x75\x72\x20\x66\x69\x6c\x65\x73\x20\x61\x72\x65\x20\x75\x6e\x63\x68\x61\x6e\x67\x65\x64\x2e");
              const _0x9bc55b_3 = _0x9bc55b_0.indexOf(_0x9bc55b_2.search);
              if (_0x9bc55b_3 < 0 || _0x9bc55b_0.indexOf(_0x9bc55b_2.search, _0x9bc55b_3 + 1) >= 0) throw Error("\x54\x68\x65\x20\x65\x64\x69\x74\x20\x64\x69\x64\x20\x6e\x6f\x74\x20\x6d\x61\x74\x63\x68\x20\x61\x20\x75\x6e\x69\x71\x75\x65\x20\x70\x61\x72\x74\x20\x6f\x66\x20\x79\x6f\x75\x72\x20\x66\x69\x6c\x65\x2e\x20\x59\x6f\x75\x72\x20\x66\x69\x6c\x65\x73\x20\x61\x72\x65\x20\x75\x6e\x63\x68\x61\x6e\x67\x65\x64\x2e\x20\x54\x72\x79\x20\x61\x20\x6d\x6f\x72\x65\x20\x73\x70\x65\x63\x69\x66\x69\x63\x20\x72\x65\x71\x75\x65\x73\x74\x2e");
              if (_0x9bc55b_0 = _0x9bc55b_0.slice(0, _0x9bc55b_3) + _0x9bc55b_2.replace + _0x9bc55b_0.slice(_0x9bc55b_3 + _0x9bc55b_2.search.length), 
              _0x9bc55b_0.length > _0x9bc55b_1) throw Error("\x54\x68\x65\x20\x65\x64\x69\x74\x65\x64\x20\x66\x69\x6c\x65\x20\x69\x73\x20\x74\x6f\x6f\x20\x6c\x61\x72\x67\x65\x2e\x20\x59\x6f\x75\x72\x20\x66\x69\x6c\x65\x73\x20\x61\x72\x65\x20\x75\x6e\x63\x68\x61\x6e\x67\x65\x64\x2e");
            }
            _0x9bc55b_7.code = _0x9bc55b_0;
          }
          if ("\x73\x74\x72\x69\x6e\x67" != typeof _0x9bc55b_7.code || _0x9bc55b_7.code.length > _0x9bc55b_1) throw Error("\x49\x6e\x76\x61\x6c\x69\x64\x20\x6f\x72\x20\x6f\x76\x65\x72\x73\x69\x7a\x65\x64\x20\x66\x69\x6c\x65\x2e\x20\x59\x6f\x75\x72\x20\x66\x69\x6c\x65\x73\x20\x61\x72\x65\x20\x75\x6e\x63\x68\x61\x6e\x67\x65\x64\x2e");
        }
        if (JSON.stringify(_0x9bc55b_7.codes) !== _0x9bc55b_3.codes || _0x9bc55b_7.file !== _0x9bc55b_3.file || _0x9bc55b_17() !== _0x9bc55b_3.current) throw Error("\x59\x6f\x75\x72\x20\x63\x6f\x64\x65\x20\x63\x68\x61\x6e\x67\x65\x64\x20\x77\x68\x69\x6c\x65\x20\x4e\x79\x78\x20\x77\x61\x73\x20\x77\x6f\x72\x6b\x69\x6e\x67\x2e\x20\x4b\x65\x65\x70\x69\x6e\x67\x20\x79\x6f\x75\x72\x20\x65\x64\x69\x74\x73\x3b\x20\x61\x73\x6b\x20\x61\x67\x61\x69\x6e\x20\x74\x6f\x20\x75\x73\x65\x20\x74\x68\x65\x20\x6c\x61\x74\x65\x73\x74\x20\x76\x65\x72\x73\x69\x6f\x6e\x2e");
        if (_0x9bc55b_5.files = _0x9bc55b_5.files.filter(_0x9bc55b_0 => _0x9bc55b_0.code !== _0x9bc55b_6[_0x9bc55b_0.name]), 
        !_0x9bc55b_5.files.length) return _0x9bc55b_4.querySelector("\x70").textContent = "\x4e\x6f\x20\x66\x69\x6c\x65\x73\x20\x63\x68\x61\x6e\x67\x65\x64\x2e\x20" + _0x9bc55b_5.summary, 
        !1;
        if (new Set([ ...Object.keys(_0x9bc55b_7.codes), ..._0x9bc55b_5.files.map(_0x9bc55b_0 => _0x9bc55b_0.name) ]).size > 32) throw Error("\x54\x68\x69\x73\x20\x77\x6f\x72\x6b\x73\x70\x61\x63\x65\x20\x63\x61\x6e\x20\x68\x6f\x6c\x64\x20\x33\x32\x20\x66\x69\x6c\x65\x73\x2e");
        const _0x9bc55b_9 = JSON.parse(JSON.stringify(_0x9bc55b_7));
        _0x9bc55b_2a(_0x9bc55b_7.file, _0x9bc55b_17());
        for (const _0x9bc55b_1 of _0x9bc55b_5.files) "\x73\x74\x72\x69\x6e\x67" == typeof _0x9bc55b_7.codes[_0x9bc55b_1.name] && _0x9bc55b_2a(_0x9bc55b_1.name, _0x9bc55b_7.codes[_0x9bc55b_1.name]), 
        _0x9bc55b_7.codes[_0x9bc55b_1.name] = _0x9bc55b_1.code;
        if (_0x9bc55b_7.file = _0x9bc55b_5.files[0].name, _0x9bc55b_7.language = _0x9bc55b_13(_0x9bc55b_7.file), 
        !_0x9bc55b_16()) throw _0x9bc55b_7 = _0x9bc55b_9, Error("\x43\x6f\x75\x6c\x64\x20\x6e\x6f\x74\x20\x73\x61\x76\x65\x20\x74\x68\x65\x20\x65\x64\x69\x74\x65\x64\x20\x66\x69\x6c\x65\x73\x2e\x20\x59\x6f\x75\x72\x20\x6f\x72\x69\x67\x69\x6e\x61\x6c\x20\x63\x6f\x64\x65\x20\x69\x73\x20\x75\x6e\x63\x68\x61\x6e\x67\x65\x64\x2e");
        _0x9bc55b_21();
        const _0x9bc55b_a = JSON.stringify(_0x9bc55b_7.codes);
        _0x9bc55b_4.querySelector("\x70").textContent = _0x9bc55b_5.summary + "\x0a\x55\x70\x64\x61\x74\x65\x64\x3a\x20" + _0x9bc55b_5.files.map(_0x9bc55b_0 => _0x9bc55b_0.name).join("\x2c\x20") + "\x2e\x20\x52\x65\x76\x69\x65\x77\x20\x79\x6f\x75\x72\x20\x66\x69\x6c\x65\x73\x2c\x20\x74\x68\x65\x6e\x20\x70\x72\x65\x73\x73\x20\x52\x75\x6e\x20\x63\x6f\x64\x65\x2e";
        const _0x9bc55b_b = document.createElement("\x62\x75\x74\x74\x6f\x6e");
        return _0x9bc55b_b.type = "\x62\x75\x74\x74\x6f\x6e", _0x9bc55b_b.className = "\x74\x6f\x6f\x6c\x2d\x62\x75\x74\x74\x6f\x6e", _0x9bc55b_b.textContent = "\x55\x6e\x64\x6f\x20\x63\x68\x61\x6e\x67\x65\x73", 
        _0x9bc55b_b.onclick = () => {
          if (JSON.stringify(_0x9bc55b_7.codes) !== _0x9bc55b_a) return void _0x9bc55b_3b("\x61\x73\x73\x69\x73\x74\x61\x6e\x74", "\x59\x6f\x75\x20\x68\x61\x76\x65\x20\x65\x64\x69\x74\x65\x64\x20\x74\x68\x65\x73\x65\x20\x66\x69\x6c\x65\x73\x20\x73\x69\x6e\x63\x65\x20\x74\x68\x69\x73\x20\x63\x68\x61\x6e\x67\x65\x2e\x20\x55\x73\x65\x20\x56\x65\x72\x73\x69\x6f\x6e\x73\x20\x74\x6f\x20\x72\x65\x73\x74\x6f\x72\x65\x20\x61\x6e\x20\x65\x61\x72\x6c\x69\x65\x72\x20\x66\x69\x6c\x65\x20\x77\x69\x74\x68\x6f\x75\x74\x20\x6c\x6f\x73\x69\x6e\x67\x20\x79\x6f\x75\x72\x20\x77\x6f\x72\x6b\x2e", !0);
          const _0x9bc55b_0 = _0x9bc55b_7;
          _0x9bc55b_7 = _0x9bc55b_9, _0x9bc55b_16() ? (_0x9bc55b_21(), _0x9bc55b_b.disabled = !0, 
          _0x9bc55b_b.textContent = "\x43\x68\x61\x6e\x67\x65\x73\x20\x75\x6e\x64\x6f\x6e\x65") : _0x9bc55b_7 = _0x9bc55b_0;
        }, _0x9bc55b_4.append(_0x9bc55b_b), !0;
      }(_0x9bc55b_12, _0x9bc55b_6, _0x9bc55b_8) : (_0x9bc55b_8.querySelector("\x70").textContent = _0x9bc55b_12, 
      !0);
      _0x9bc55b_18 && (_0x9bc55b_4.prompt.value = "");
    } catch (_0x9bc55b_a) {
      _0x9bc55b_8.classList.add("\x69\x73\x2d\x65\x72\x72\x6f\x72"), _0x9bc55b_8.querySelector("\x70").textContent = "\x54\x69\x6d\x65\x6f\x75\x74\x45\x72\x72\x6f\x72" === _0x9bc55b_a?.name ? "\x4e\x79\x78\x20\x41\x49\x20\x74\x69\x6d\x65\x64\x20\x6f\x75\x74\x2e\x20\x59\x6f\x75\x72\x20\x66\x69\x6c\x65\x73\x20\x61\x72\x65\x20\x75\x6e\x63\x68\x61\x6e\x67\x65\x64\x2e\x20\x54\x72\x79\x20\x61\x67\x61\x69\x6e\x2e" : _0x9bc55b_a?.message || "\x4e\x79\x78\x20\x41\x49\x20\x63\x6f\x75\x6c\x64\x20\x6e\x6f\x74\x20\x63\x6f\x6d\x70\x6c\x65\x74\x65\x20\x74\x68\x61\x74\x20\x73\x75\x67\x67\x65\x73\x74\x69\x6f\x6e\x2e";
    } finally {
      _0x9bc55b_8.classList.remove("\x69\x73\x2d\x6c\x6f\x61\x64\x69\x6e\x67"), _0x9bc55b_3c = !1, _0x9bc55b_4.send.disabled = !1, 
      document.querySelectorAll("\x5b\x64\x61\x74\x61\x2d\x61\x69\x2d\x70\x72\x6f\x6d\x70\x74\x5d").forEach(_0x9bc55b_0 => {
        _0x9bc55b_0.disabled = !1;
      }), _0x9bc55b_3a("\x52\x65\x61\x64\x79"), _0x9bc55b_4.answer.scrollTop = _0x9bc55b_4.answer.scrollHeight;
    }
  }
  function _0x9bc55b_44() {
    try {
      return JSON.parse(localStorage.getItem(_0x9bc55b_6) || "\x7b\x7d");
    } catch {
      return {};
    }
  }
  function _0x9bc55b_45() {
    const _0x9bc55b_0 = _0x9bc55b_44(), _0x9bc55b_1 = {
      assistantWidth: document.querySelector("\x2e\x61\x73\x73\x69\x73\x74\x61\x6e\x74\x2d\x70\x61\x6e\x65\x6c").getBoundingClientRect().width || _0x9bc55b_0.assistantWidth || 318,
      previewWidth: _0x9bc55b_4.resultCard.getBoundingClientRect().width || _0x9bc55b_0.previewWidth || 420,
      aiCollapsed: document.body.classList.contains("\x61\x69\x2d\x63\x6f\x6c\x6c\x61\x70\x73\x65\x64"),
      previewCollapsed: document.body.classList.contains("\x70\x72\x65\x76\x69\x65\x77\x2d\x63\x6f\x6c\x6c\x61\x70\x73\x65\x64")
    };
    try {
      localStorage.setItem(_0x9bc55b_6, JSON.stringify(_0x9bc55b_1));
    } catch {}
  }
  function _0x9bc55b_46(_0x9bc55b_0, _0x9bc55b_1, _0x9bc55b_2 = !0) {
    const _0x9bc55b_3 = "\x61\x73\x73\x69\x73\x74\x61\x6e\x74" === _0x9bc55b_0 ? "\x61\x69\x2d\x63\x6f\x6c\x6c\x61\x70\x73\x65\x64" : "\x70\x72\x65\x76\x69\x65\x77\x2d\x63\x6f\x6c\x6c\x61\x70\x73\x65\x64";
    document.body.classList.toggle(_0x9bc55b_3, _0x9bc55b_1), document.querySelectorAll(`\x5b\x64\x61\x74\x61\x2d\x74\x6f\x67\x67\x6c\x65\x2d\x70\x61\x6e\x65\x6c\x3d\x22${_0x9bc55b_0}\x22\x5d`).forEach(_0x9bc55b_0 => _0x9bc55b_0.setAttribute("\x61\x72\x69\x61\x2d\x70\x72\x65\x73\x73\x65\x64", String(!_0x9bc55b_1))), 
    _0x9bc55b_2 && _0x9bc55b_45();
  }
  function _0x9bc55b_47(_0x9bc55b_0) {
    document.body.classList.toggle("\x6d\x6f\x62\x69\x6c\x65\x2d\x73\x68\x6f\x77\x2d\x61\x69", "\x61\x69" === _0x9bc55b_0), document.body.classList.toggle("\x6d\x6f\x62\x69\x6c\x65\x2d\x73\x68\x6f\x77\x2d\x70\x72\x65\x76\x69\x65\x77", "\x70\x72\x65\x76\x69\x65\x77" === _0x9bc55b_0), 
    document.querySelectorAll("\x2e\x6d\x6f\x62\x69\x6c\x65\x2d\x76\x69\x65\x77\x2d\x73\x77\x69\x74\x63\x68\x65\x72\x20\x5b\x64\x61\x74\x61\x2d\x6d\x6f\x62\x69\x6c\x65\x2d\x76\x69\x65\x77\x5d").forEach(_0x9bc55b_1 => _0x9bc55b_1.classList.toggle("\x69\x73\x2d\x61\x63\x74\x69\x76\x65", _0x9bc55b_1.dataset.mobileView === _0x9bc55b_0));
  }
  _0x9bc55b_42.className = "\x73\x74\x75\x64\x69\x6f\x2d\x66\x69\x6c\x65\x2d\x64\x69\x61\x6c\x6f\x67", _0x9bc55b_42.setAttribute("\x61\x72\x69\x61\x2d\x6c\x61\x62\x65\x6c", "\x43\x72\x65\x61\x74\x65\x20\x66\x69\x6c\x65"), 
  _0x9bc55b_42.innerHTML = "\x3c\x66\x6f\x72\x6d\x3e\x3c\x68\x32\x3e\x4e\x65\x77\x20\x66\x69\x6c\x65\x3c\x2f\x68\x32\x3e\x3c\x6c\x61\x62\x65\x6c\x3e\x46\x69\x6c\x65\x20\x6e\x61\x6d\x65\x3c\x69\x6e\x70\x75\x74\x20\x6e\x61\x6d\x65\x3d\x22\x66\x69\x6c\x65\x6e\x61\x6d\x65\x22\x20\x70\x6c\x61\x63\x65\x68\x6f\x6c\x64\x65\x72\x3d\x22\x73\x74\x79\x6c\x65\x73\x2e\x63\x73\x73\x22\x20\x6d\x61\x78\x6c\x65\x6e\x67\x74\x68\x3d\x22\x31\x32\x30\x22\x20\x72\x65\x71\x75\x69\x72\x65\x64\x20\x61\x75\x74\x6f\x63\x6f\x6d\x70\x6c\x65\x74\x65\x3d\x22\x6f\x66\x66\x22\x3e\x3c\x2f\x6c\x61\x62\x65\x6c\x3e\x3c\x70\x20\x72\x6f\x6c\x65\x3d\x22\x61\x6c\x65\x72\x74\x22\x3e\x3c\x2f\x70\x3e\x3c\x64\x69\x76\x3e\x3c\x62\x75\x74\x74\x6f\x6e\x20\x74\x79\x70\x65\x3d\x22\x62\x75\x74\x74\x6f\x6e\x22\x20\x63\x6c\x61\x73\x73\x3d\x22\x74\x6f\x6f\x6c\x2d\x62\x75\x74\x74\x6f\x6e\x22\x20\x64\x61\x74\x61\x2d\x63\x61\x6e\x63\x65\x6c\x3e\x43\x61\x6e\x63\x65\x6c\x3c\x2f\x62\x75\x74\x74\x6f\x6e\x3e\x3c\x62\x75\x74\x74\x6f\x6e\x20\x63\x6c\x61\x73\x73\x3d\x22\x74\x6f\x6f\x6c\x2d\x62\x75\x74\x74\x6f\x6e\x22\x20\x74\x79\x70\x65\x3d\x22\x73\x75\x62\x6d\x69\x74\x22\x3e\x43\x72\x65\x61\x74\x65\x20\x66\x69\x6c\x65\x3c\x2f\x62\x75\x74\x74\x6f\x6e\x3e\x3c\x2f\x64\x69\x76\x3e\x3c\x2f\x66\x6f\x72\x6d\x3e", 
  document.body.append(_0x9bc55b_42), _0x9bc55b_41.onclick = () => {
    _0x9bc55b_42.querySelector("\x66\x6f\x72\x6d").reset(), _0x9bc55b_42.querySelector("\x5b\x72\x6f\x6c\x65\x3d\x61\x6c\x65\x72\x74\x5d").textContent = "", 
    _0x9bc55b_42.showModal(), _0x9bc55b_42.querySelector("\x69\x6e\x70\x75\x74").focus();
  }, _0x9bc55b_42.querySelector("\x5b\x64\x61\x74\x61\x2d\x63\x61\x6e\x63\x65\x6c\x5d").onclick = () => _0x9bc55b_42.close(), 
  _0x9bc55b_42.querySelector("\x66\x6f\x72\x6d").onsubmit = _0x9bc55b_0 => {
    _0x9bc55b_0.preventDefault();
    const _0x9bc55b_1 = _0x9bc55b_42.querySelector("\x69\x6e\x70\x75\x74").value.trim(), _0x9bc55b_2 = _0x9bc55b_42.querySelector("\x5b\x72\x6f\x6c\x65\x3d\x61\x6c\x65\x72\x74\x5d");
    if (!_0x9bc55b_14(_0x9bc55b_1)) return void (_0x9bc55b_2.textContent = "\x55\x73\x65\x20\x61\x20\x66\x69\x6c\x65\x20\x6e\x61\x6d\x65\x20\x73\x75\x63\x68\x20\x61\x73\x20\x69\x6e\x64\x65\x78\x2e\x68\x74\x6d\x6c\x2c\x20\x73\x74\x79\x6c\x65\x73\x2e\x63\x73\x73\x20\x6f\x72\x20\x61\x70\x70\x2e\x6a\x73\x2e");
    if (Object.keys(_0x9bc55b_7.codes).some(_0x9bc55b_0 => _0x9bc55b_0.toLowerCase() === _0x9bc55b_1.toLowerCase())) return void (_0x9bc55b_2.textContent = "\x41\x20\x66\x69\x6c\x65\x20\x77\x69\x74\x68\x20\x74\x68\x61\x74\x20\x6e\x61\x6d\x65\x20\x61\x6c\x72\x65\x61\x64\x79\x20\x65\x78\x69\x73\x74\x73\x2e");
    if (Object.keys(_0x9bc55b_7.codes).length >= 32) return void (_0x9bc55b_2.textContent = "\x54\x68\x69\x73\x20\x77\x6f\x72\x6b\x73\x70\x61\x63\x65\x20\x63\x61\x6e\x20\x68\x6f\x6c\x64\x20\x33\x32\x20\x66\x69\x6c\x65\x73\x2e");
    const _0x9bc55b_3 = JSON.parse(JSON.stringify(_0x9bc55b_7));
    if (_0x9bc55b_7.codes[_0x9bc55b_1] = "", _0x9bc55b_7.file = _0x9bc55b_1, _0x9bc55b_7.language = _0x9bc55b_13(_0x9bc55b_1), 
    !_0x9bc55b_16()) return _0x9bc55b_7 = _0x9bc55b_3, void (_0x9bc55b_2.textContent = "\x43\x6f\x75\x6c\x64\x20\x6e\x6f\x74\x20\x73\x61\x76\x65\x20\x74\x68\x65\x20\x6e\x65\x77\x20\x66\x69\x6c\x65\x2e");
    _0x9bc55b_21(), _0x9bc55b_42.close(), _0x9bc55b_4.input.focus();
  }, document.querySelector("\x5b\x64\x61\x74\x61\x2d\x63\x6c\x6f\x73\x65\x2d\x61\x73\x73\x69\x73\x74\x61\x6e\x74\x5d").addEventListener("\x63\x6c\x69\x63\x6b", () => {
    matchMedia("\x28\x6d\x69\x6e\x2d\x77\x69\x64\x74\x68\x3a\x20\x39\x34\x31\x70\x78\x29").matches ? _0x9bc55b_46("\x61\x73\x73\x69\x73\x74\x61\x6e\x74", !0) : _0x9bc55b_47("\x65\x64\x69\x74\x6f\x72");
  }), _0x9bc55b_4.language.addEventListener("\x63\x68\x61\x6e\x67\x65", () => function(_0x9bc55b_0) {
    if (!_0x9bc55b_2[_0x9bc55b_0]) return;
    const _0x9bc55b_1 = Object.keys(_0x9bc55b_7.codes).find(_0x9bc55b_1 => _0x9bc55b_13(_0x9bc55b_1) === _0x9bc55b_0) || _0x9bc55b_2[_0x9bc55b_0].file;
    Object.hasOwn(_0x9bc55b_7.codes, _0x9bc55b_1) || (_0x9bc55b_7.codes[_0x9bc55b_1] = _0x9bc55b_2[_0x9bc55b_0].starter), 
    _0x9bc55b_2b(_0x9bc55b_1);
  }(_0x9bc55b_4.language.value)), _0x9bc55b_4.input.addEventListener("\x69\x6e\x70\x75\x74", () => {
    _0x9bc55b_7.codes[_0x9bc55b_7.file] = _0x9bc55b_4.input.value.slice(0, _0x9bc55b_1), 
    _0x9bc55b_15("\x53\x61\x76\x69\x6e\x67\u2026", "\x73\x61\x76\x69\x6e\x67"), _0x9bc55b_1d(), _0x9bc55b_16();
  }), _0x9bc55b_4.input.addEventListener("\x73\x63\x72\x6f\x6c\x6c", () => {
    _0x9bc55b_4.highlight.parentElement.scrollTop = _0x9bc55b_4.input.scrollTop, _0x9bc55b_4.highlight.parentElement.scrollLeft = _0x9bc55b_4.input.scrollLeft, 
    _0x9bc55b_4.lineNumbers.scrollTop = _0x9bc55b_4.input.scrollTop, _0x9bc55b_4.editorWrap.style.setProperty("\x2d\x2d\x65\x64\x69\x74\x6f\x72\x2d\x73\x63\x72\x6f\x6c\x6c\x2d\x74\x6f\x70", `${_0x9bc55b_4.input.scrollTop}\x70\x78`);
  }), _0x9bc55b_4.input.addEventListener("\x6b\x65\x79\x75\x70", _0x9bc55b_1e), _0x9bc55b_4.input.addEventListener("\x63\x6c\x69\x63\x6b", _0x9bc55b_1e), 
  _0x9bc55b_4.input.addEventListener("\x6b\x65\x79\x64\x6f\x77\x6e", _0x9bc55b_0 => {
    if ("\x54\x61\x62" === _0x9bc55b_0.key) {
      _0x9bc55b_0.preventDefault();
      const _0x9bc55b_1 = _0x9bc55b_4.input.selectionStart, _0x9bc55b_2 = _0x9bc55b_4.input.selectionEnd;
      _0x9bc55b_4.input.setRangeText("\x20\x20", _0x9bc55b_1, _0x9bc55b_2, "\x65\x6e\x64"), _0x9bc55b_4.input.dispatchEvent(new Event("\x69\x6e\x70\x75\x74"));
    } else (_0x9bc55b_0.ctrlKey || _0x9bc55b_0.metaKey) && "\x45\x6e\x74\x65\x72" === _0x9bc55b_0.key && (_0x9bc55b_0.preventDefault(), 
    _0x9bc55b_27(), matchMedia("\x28\x6d\x61\x78\x2d\x77\x69\x64\x74\x68\x3a\x20\x39\x34\x30\x70\x78\x29").matches && _0x9bc55b_47("\x70\x72\x65\x76\x69\x65\x77"));
  }), _0x9bc55b_4.runButtons.forEach(_0x9bc55b_0 => _0x9bc55b_0.addEventListener("\x63\x6c\x69\x63\x6b", () => {
    _0x9bc55b_27(), matchMedia("\x28\x6d\x61\x78\x2d\x77\x69\x64\x74\x68\x3a\x20\x39\x34\x30\x70\x78\x29").matches && _0x9bc55b_47("\x70\x72\x65\x76\x69\x65\x77");
  })), document.querySelectorAll("\x5b\x64\x61\x74\x61\x2d\x72\x65\x73\x65\x74\x5d").forEach(_0x9bc55b_0 => _0x9bc55b_0.addEventListener("\x63\x6c\x69\x63\x6b", () => {
    _0x9bc55b_18(_0x9bc55b_2[_0x9bc55b_7.language].starter);
  })), document.querySelector("\x5b\x64\x61\x74\x61\x2d\x6c\x6f\x61\x64\x2d\x73\x74\x61\x72\x74\x65\x72\x5d").addEventListener("\x63\x6c\x69\x63\x6b", () => _0x9bc55b_18(_0x9bc55b_2[_0x9bc55b_7.language].starter)), 
  _0x9bc55b_4.clear.addEventListener("\x63\x6c\x69\x63\x6b", () => _0x9bc55b_18("")), _0x9bc55b_4.download.addEventListener("\x63\x6c\x69\x63\x6b", function() {
    const _0x9bc55b_0 = new Blob([ _0x9bc55b_17() ], {
      type: "\x74\x65\x78\x74\x2f\x70\x6c\x61\x69\x6e\x3b\x63\x68\x61\x72\x73\x65\x74\x3d\x75\x74\x66\x2d\x38"
    }), _0x9bc55b_1 = URL.createObjectURL(_0x9bc55b_0), _0x9bc55b_2 = document.createElement("\x61");
    _0x9bc55b_2.href = _0x9bc55b_1, _0x9bc55b_2.download = _0x9bc55b_7.file, document.body.append(_0x9bc55b_2), 
    _0x9bc55b_2.click(), _0x9bc55b_2.remove(), setTimeout(() => URL.revokeObjectURL(_0x9bc55b_1), 0), 
    _0x9bc55b_b = `\x45\x78\x70\x6f\x72\x74\x65\x64\x20${_0x9bc55b_7.file}\x0a\x53\x61\x76\x65\x64\x20\x66\x72\x6f\x6d\x20\x74\x68\x69\x73\x20\x77\x6f\x72\x6b\x73\x70\x61\x63\x65`, _0x9bc55b_f = [ {
      text: `\x45\x78\x70\x6f\x72\x74\x65\x64\x20${_0x9bc55b_7.file}`,
      tone: "\x70\x72\x6f\x6d\x70\x74"
    }, {
      text: "\x53\x61\x76\x65\x64\x20\x66\x72\x6f\x6d\x20\x74\x68\x69\x73\x20\x77\x6f\x72\x6b\x73\x70\x61\x63\x65",
      tone: "\x6d\x75\x74\x65\x64"
    } ];
  }), _0x9bc55b_4.refreshPreview.addEventListener("\x63\x6c\x69\x63\x6b", _0x9bc55b_27), _0x9bc55b_4.fullscreenPreview.addEventListener("\x63\x6c\x69\x63\x6b", async () => {
    try {
      document.fullscreenElement ? await document.exitFullscreen() : await _0x9bc55b_4.resultCard.requestFullscreen();
    } catch {}
  }), _0x9bc55b_4.resultTabs.forEach(_0x9bc55b_0 => _0x9bc55b_0.addEventListener("\x63\x6c\x69\x63\x6b", () => _0x9bc55b_26(_0x9bc55b_0.dataset.resultMode))), 
  document.querySelectorAll("\x5b\x64\x61\x74\x61\x2d\x74\x6f\x67\x67\x6c\x65\x2d\x70\x61\x6e\x65\x6c\x5d").forEach(_0x9bc55b_0 => _0x9bc55b_0.addEventListener("\x63\x6c\x69\x63\x6b", () => _0x9bc55b_46(_0x9bc55b_0.dataset.togglePanel, !document.body.classList.contains("\x61\x73\x73\x69\x73\x74\x61\x6e\x74" === _0x9bc55b_0.dataset.togglePanel ? "\x61\x69\x2d\x63\x6f\x6c\x6c\x61\x70\x73\x65\x64" : "\x70\x72\x65\x76\x69\x65\x77\x2d\x63\x6f\x6c\x6c\x61\x70\x73\x65\x64")))), 
  document.querySelectorAll("\x5b\x64\x61\x74\x61\x2d\x72\x65\x73\x69\x7a\x65\x2d\x70\x61\x6e\x65\x6c\x5d").forEach(function(_0x9bc55b_0) {
    const _0x9bc55b_1 = _0x9bc55b_0.dataset.resizePanel;
    _0x9bc55b_0.addEventListener("\x70\x6f\x69\x6e\x74\x65\x72\x64\x6f\x77\x6e", _0x9bc55b_0 => {
      if (0 !== _0x9bc55b_0.button) return;
      _0x9bc55b_0.preventDefault();
      const _0x9bc55b_2 = _0x9bc55b_0.clientX, _0x9bc55b_3 = document.querySelector("\x2e\x61\x73\x73\x69\x73\x74\x61\x6e\x74\x2d\x70\x61\x6e\x65\x6c").getBoundingClientRect().width, _0x9bc55b_5 = _0x9bc55b_4.resultCard.getBoundingClientRect().width, _0x9bc55b_6 = _0x9bc55b_0 => {
        const _0x9bc55b_6 = _0x9bc55b_0.clientX - _0x9bc55b_2;
        if ("\x61\x73\x73\x69\x73\x74\x61\x6e\x74" === _0x9bc55b_1) document.documentElement.style.setProperty("\x2d\x2d\x61\x73\x73\x69\x73\x74\x61\x6e\x74\x2d\x77\x69\x64\x74\x68", `${Math.max(250, Math.min(420, _0x9bc55b_3 + _0x9bc55b_6))}\x70\x78`); else {
          const _0x9bc55b_0 = Math.max(280, _0x9bc55b_4.workbench.getBoundingClientRect().width - 380);
          document.documentElement.style.setProperty("\x2d\x2d\x70\x72\x65\x76\x69\x65\x77\x2d\x77\x69\x64\x74\x68", `${Math.max(280, Math.min(_0x9bc55b_0, _0x9bc55b_5 - _0x9bc55b_6))}\x70\x78`);
        }
      }, _0x9bc55b_7 = () => {
        document.body.classList.remove("\x69\x73\x2d\x72\x65\x73\x69\x7a\x69\x6e\x67"), removeEventListener("\x70\x6f\x69\x6e\x74\x65\x72\x6d\x6f\x76\x65", _0x9bc55b_6), 
        removeEventListener("\x70\x6f\x69\x6e\x74\x65\x72\x75\x70", _0x9bc55b_7), _0x9bc55b_45();
      };
      document.body.classList.add("\x69\x73\x2d\x72\x65\x73\x69\x7a\x69\x6e\x67"), addEventListener("\x70\x6f\x69\x6e\x74\x65\x72\x6d\x6f\x76\x65", _0x9bc55b_6), 
      addEventListener("\x70\x6f\x69\x6e\x74\x65\x72\x75\x70", _0x9bc55b_7, {
        once: !0
      });
    }), _0x9bc55b_0.addEventListener("\x6b\x65\x79\x64\x6f\x77\x6e", _0x9bc55b_0 => {
      [ "\x41\x72\x72\x6f\x77\x4c\x65\x66\x74", "\x41\x72\x72\x6f\x77\x52\x69\x67\x68\x74" ].includes(_0x9bc55b_0.key) && (_0x9bc55b_0.preventDefault(), 
      (_0x9bc55b_0 => {
        if ("\x61\x73\x73\x69\x73\x74\x61\x6e\x74" === _0x9bc55b_1) {
          const _0x9bc55b_1 = document.querySelector("\x2e\x61\x73\x73\x69\x73\x74\x61\x6e\x74\x2d\x70\x61\x6e\x65\x6c").getBoundingClientRect().width;
          document.documentElement.style.setProperty("\x2d\x2d\x61\x73\x73\x69\x73\x74\x61\x6e\x74\x2d\x77\x69\x64\x74\x68", `${Math.max(250, Math.min(420, _0x9bc55b_1 + _0x9bc55b_0))}\x70\x78`);
        } else {
          const _0x9bc55b_1 = _0x9bc55b_4.resultCard.getBoundingClientRect().width, _0x9bc55b_2 = Math.max(280, _0x9bc55b_4.workbench.getBoundingClientRect().width - 380);
          document.documentElement.style.setProperty("\x2d\x2d\x70\x72\x65\x76\x69\x65\x77\x2d\x77\x69\x64\x74\x68", `${Math.max(280, Math.min(_0x9bc55b_2, _0x9bc55b_1 - _0x9bc55b_0))}\x70\x78`);
        }
      })("\x41\x72\x72\x6f\x77\x52\x69\x67\x68\x74" === _0x9bc55b_0.key ? 16 : -16), _0x9bc55b_45());
    }), _0x9bc55b_0.addEventListener("\x64\x62\x6c\x63\x6c\x69\x63\x6b", () => {
      document.documentElement.style.removeProperty("\x61\x73\x73\x69\x73\x74\x61\x6e\x74" === _0x9bc55b_1 ? "\x2d\x2d\x61\x73\x73\x69\x73\x74\x61\x6e\x74\x2d\x77\x69\x64\x74\x68" : "\x2d\x2d\x70\x72\x65\x76\x69\x65\x77\x2d\x77\x69\x64\x74\x68"), 
      _0x9bc55b_45();
    });
  }), document.querySelectorAll("\x5b\x64\x61\x74\x61\x2d\x6d\x6f\x62\x69\x6c\x65\x2d\x76\x69\x65\x77\x5d").forEach(_0x9bc55b_0 => _0x9bc55b_0.addEventListener("\x63\x6c\x69\x63\x6b", () => _0x9bc55b_47(_0x9bc55b_0.dataset.mobileView))), 
  document.querySelectorAll("\x5b\x64\x61\x74\x61\x2d\x63\x6f\x6d\x6d\x61\x6e\x64\x5d").forEach(_0x9bc55b_0 => _0x9bc55b_0.addEventListener("\x63\x6c\x69\x63\x6b", () => function(_0x9bc55b_0) {
    if ("\x72\x65\x73\x65\x74" !== _0x9bc55b_0) {
      if ("\x65\x64\x69\x74" !== _0x9bc55b_0) return "\x73\x65\x6c\x65\x63\x74" === _0x9bc55b_0 ? (_0x9bc55b_4.input.focus(), 
      void _0x9bc55b_4.input.select()) : void ("\x70\x72\x65\x76\x69\x65\x77" !== _0x9bc55b_0 ? "\x6c\x61\x6e\x67\x75\x61\x67\x65" !== _0x9bc55b_0 ? "\x72\x75\x6e" !== _0x9bc55b_0 ? "\x74\x65\x72\x6d\x69\x6e\x61\x6c" === _0x9bc55b_0 && _0x9bc55b_26("\x74\x65\x72\x6d\x69\x6e\x61\x6c") : _0x9bc55b_27() : _0x9bc55b_4.language.focus() : _0x9bc55b_26("\x6f\x75\x74\x70\x75\x74"));
      _0x9bc55b_4.input.focus();
    } else _0x9bc55b_18(_0x9bc55b_2[_0x9bc55b_7.language].starter);
  }(_0x9bc55b_0.dataset.command))), _0x9bc55b_4.form.addEventListener("\x73\x75\x62\x6d\x69\x74", _0x9bc55b_0 => {
    _0x9bc55b_0.preventDefault(), _0x9bc55b_43(_0x9bc55b_4.prompt.value);
  }), _0x9bc55b_4.prompt.addEventListener("\x6b\x65\x79\x64\x6f\x77\x6e", _0x9bc55b_0 => {
    "\x45\x6e\x74\x65\x72" !== _0x9bc55b_0.key || _0x9bc55b_0.shiftKey || (_0x9bc55b_0.preventDefault(), 
    _0x9bc55b_4.form.requestSubmit());
  }), document.querySelectorAll("\x5b\x64\x61\x74\x61\x2d\x61\x69\x2d\x70\x72\x6f\x6d\x70\x74\x5d").forEach(_0x9bc55b_0 => _0x9bc55b_0.addEventListener("\x63\x6c\x69\x63\x6b", () => {
    _0x9bc55b_3d.value = _0x9bc55b_0.dataset.aiMode || "\x61\x67\x65\x6e\x74", _0x9bc55b_3d.onchange(), 
    _0x9bc55b_43(_0x9bc55b_0.dataset.aiPrompt);
  })), addEventListener("\x6d\x65\x73\x73\x61\x67\x65", _0x9bc55b_0 => {
    const _0x9bc55b_1 = _0x9bc55b_0.data;
    if (_0x9bc55b_0.source !== _0x9bc55b_4.preview.contentWindow || "\x6e\x79\x78\x2d\x63\x6f\x64\x65\x2d\x70\x72\x65\x76\x69\x65\x77" !== _0x9bc55b_1?.type || _0x9bc55b_1.runId !== _0x9bc55b_e) return;
    const _0x9bc55b_2 = [ "\x6c\x6f\x67", "\x69\x6e\x66\x6f", "\x77\x61\x72\x6e", "\x65\x72\x72\x6f\x72" ].includes(_0x9bc55b_1.kind) ? _0x9bc55b_1.kind : "\x6c\x6f\x67", _0x9bc55b_3 = String(_0x9bc55b_1.text || "\x28\x65\x6d\x70\x74\x79\x20\x6d\x65\x73\x73\x61\x67\x65\x29").slice(0, 2e3);
    _0x9bc55b_f.push({
      text: `${_0x9bc55b_2}\x3a\x20${_0x9bc55b_3}`,
      tone: "\x65\x72\x72\x6f\x72" === _0x9bc55b_2 || "\x77\x61\x72\x6e" === _0x9bc55b_2 ? "\x6d\x75\x74\x65\x64" : "\x70\x72\x6f\x6d\x70\x74"
    }), "\x77\x61\x72\x6e" !== _0x9bc55b_2 && "\x65\x72\x72\x6f\x72" !== _0x9bc55b_2 || _0x9bc55b_10.push({
      title: "\x65\x72\x72\x6f\x72" === _0x9bc55b_2 ? "\x50\x72\x65\x76\x69\x65\x77\x20\x65\x72\x72\x6f\x72" : "\x50\x72\x65\x76\x69\x65\x77\x20\x77\x61\x72\x6e\x69\x6e\x67",
      detail: _0x9bc55b_3
    }), _0x9bc55b_4.problemCount.textContent = String(_0x9bc55b_10.length);
    const _0x9bc55b_5 = document.querySelector("\x2e\x72\x65\x73\x75\x6c\x74\x2d\x74\x61\x62\x2e\x69\x73\x2d\x61\x63\x74\x69\x76\x65")?.dataset.resultMode;
    "\x74\x65\x72\x6d\x69\x6e\x61\x6c" === _0x9bc55b_5 && _0x9bc55b_25(), "\x70\x72\x6f\x62\x6c\x65\x6d\x73" === _0x9bc55b_5 && _0x9bc55b_24();
  }), addEventListener("\x73\x74\x6f\x72\x61\x67\x65", _0x9bc55b_0 => {
    "\x6e\x79\x78\x2e\x74\x68\x65\x6d\x65" !== _0x9bc55b_0.key && "\x6e\x79\x78\x2e\x63\x75\x73\x74\x6f\x6d\x54\x68\x65\x6d\x65\x43\x6f\x6c\x6f\x72" !== _0x9bc55b_0.key || _0x9bc55b_29();
  }), function() {
    const _0x9bc55b_0 = _0x9bc55b_44();
    Number.isFinite(_0x9bc55b_0.assistantWidth) && _0x9bc55b_0.assistantWidth > 0 && document.documentElement.style.setProperty("\x2d\x2d\x61\x73\x73\x69\x73\x74\x61\x6e\x74\x2d\x77\x69\x64\x74\x68", `${Math.max(250, Math.min(420, _0x9bc55b_0.assistantWidth))}\x70\x78`), 
    Number.isFinite(_0x9bc55b_0.previewWidth) && _0x9bc55b_0.previewWidth > 0 && document.documentElement.style.setProperty("\x2d\x2d\x70\x72\x65\x76\x69\x65\x77\x2d\x77\x69\x64\x74\x68", `${Math.max(280, Math.min(680, _0x9bc55b_0.previewWidth))}\x70\x78`), 
    _0x9bc55b_46("\x61\x73\x73\x69\x73\x74\x61\x6e\x74", Boolean(_0x9bc55b_0.aiCollapsed), !1), _0x9bc55b_46("\x70\x72\x65\x76\x69\x65\x77", Boolean(_0x9bc55b_0.previewCollapsed), !1);
  }(), _0x9bc55b_29(), _0x9bc55b_21(), _0x9bc55b_47("\x65\x64\x69\x74\x6f\x72"), _0x9bc55b_38();
})();
